# Blender v3.0.1 OBJ File: ''
# www.blender.org
mtllib hip.mtl
o lf_hip_link
v -0.054200 0.002324 0.004877
v -0.054200 0.004115 0.003290
v -0.054200 0.003225 0.007887
v -0.054200 -0.008125 -0.009726
v -0.054200 -0.007000 -0.009424
v -0.054200 -0.007125 -0.003175
v -0.054200 -0.005875 -0.009726
v -0.054200 -0.005051 -0.010549
v -0.054200 -0.003225 -0.010637
v -0.054200 -0.004750 -0.011674
v -0.054200 -0.003225 -0.014587
v -0.054200 -0.010500 -0.003175
v -0.054200 -0.010500 -0.010637
v -0.054200 -0.008949 -0.010549
v -0.054200 -0.005051 -0.012799
v -0.054200 -0.005875 -0.013623
v -0.054200 -0.007125 -0.014587
v -0.054200 -0.007000 -0.013924
v -0.054200 -0.009747 -0.014582
v -0.054200 -0.008125 -0.013623
v -0.054200 -0.010762 -0.013035
v -0.054200 -0.008949 -0.012799
v -0.054200 -0.009250 -0.011674
v -0.054200 -0.005051 0.013699
v -0.054200 -0.004750 0.012574
v -0.054200 -0.003225 0.015487
v -0.054200 -0.003225 0.007887
v -0.054200 -0.005051 0.011449
v -0.054200 -0.005875 0.010626
v -0.054200 -0.007125 0.007887
v -0.054200 -0.007000 0.010324
v -0.054200 -0.008125 0.010626
v -0.054200 -0.010500 0.007887
v -0.054200 -0.008949 0.011449
v -0.054200 -0.009250 0.012574
v -0.054200 -0.010762 0.013934
v -0.054200 -0.008949 0.013699
v -0.054200 -0.009747 0.015482
v -0.054200 -0.008125 0.014523
v -0.054200 -0.007125 0.015487
v -0.054200 -0.007000 0.014824
v -0.054200 -0.005875 0.014523
v -0.054200 0.007000 0.010324
v -0.054200 0.005875 0.010626
v -0.054200 0.005051 0.011449
v -0.054200 0.004750 0.012574
v -0.054200 0.003225 0.015487
v -0.054200 0.005051 0.013699
v -0.054200 0.005875 0.014523
v -0.054200 0.007125 0.015487
v -0.054200 0.007000 0.014824
v -0.054200 0.009747 0.015482
v -0.054200 0.008125 0.014523
v -0.054200 0.010762 0.013934
v -0.054200 0.008949 0.013699
v -0.054200 0.010971 0.012096
v -0.054200 0.009250 0.012574
v -0.054200 0.008949 0.011449
v -0.054200 0.007125 0.007887
v -0.054200 0.008125 0.010626
v -0.054200 -0.013015 -0.008857
v -0.054200 -0.010971 -0.011196
v -0.054200 -0.012875 -0.001499
v -0.054200 -0.015571 -0.003228
v -0.054200 -0.014567 -0.006167
v -0.054200 -0.016250 0.000450
v -0.054200 -0.015949 0.001575
v -0.054200 -0.017059 0.003028
v -0.054200 -0.015571 0.004128
v -0.054200 -0.015125 0.002399
v -0.054200 -0.014000 0.002700
v -0.054200 -0.012875 0.002399
v -0.054200 -0.012051 0.001575
v -0.054200 -0.010500 0.004075
v -0.054200 -0.011750 0.000450
v -0.054200 -0.012051 -0.000675
v -0.054200 -0.014000 -0.001800
v -0.054200 -0.015125 -0.001499
v -0.054200 -0.017059 -0.002128
v -0.054200 -0.015949 -0.000675
v -0.054200 -0.017892 -0.000475
v -0.054200 -0.017892 0.001375
v -0.054200 -0.013015 0.009757
v -0.054200 -0.014567 0.007067
v -0.054200 -0.010971 0.012096
v -0.054200 -0.001472 0.015300
v -0.054200 -0.000850 0.015922
v -0.054200 0.000000 0.016150
v -0.054200 0.001553 0.016374
v -0.054200 -0.001553 0.016374
v -0.054200 -0.008144 0.016407
v -0.054200 -0.006297 0.016512
v -0.054200 -0.004600 0.015774
v -0.054200 0.004600 0.015774
v -0.054200 0.006297 0.016512
v -0.054200 0.008144 0.016407
v -0.054200 0.016250 0.000450
v -0.054200 0.015949 -0.000675
v -0.054200 0.017059 -0.002128
v -0.054200 0.015571 -0.003228
v -0.054200 0.015125 -0.001499
v -0.054200 0.014000 -0.001800
v -0.054200 0.007125 -0.003175
v -0.054200 0.007125 0.004075
v -0.054200 0.012051 0.001575
v -0.054200 0.012875 0.002399
v -0.054200 0.012875 -0.001499
v -0.054200 0.012051 -0.000675
v -0.054200 0.011750 0.000450
v -0.054200 0.015571 0.004128
v -0.054200 0.014567 0.007067
v -0.054200 0.013015 0.009757
v -0.054200 0.017892 -0.000475
v -0.054200 0.017892 0.001375
v -0.054200 0.015949 0.001575
v -0.054200 0.017059 0.003028
v -0.054200 0.015125 0.002399
v -0.054200 0.014000 0.002700
v -0.054200 0.010971 -0.011196
v -0.054200 0.013015 -0.008857
v -0.054200 0.008125 -0.009726
v -0.054200 0.003225 -0.014587
v -0.054200 0.001472 -0.014400
v -0.054200 0.000850 -0.015022
v -0.054200 -0.001553 -0.015474
v -0.054200 0.001553 -0.015474
v -0.054200 0.000000 -0.015250
v -0.054200 0.008144 -0.015507
v -0.054200 0.009747 -0.014582
v -0.054200 0.006297 -0.015612
v -0.054200 0.007125 -0.014587
v -0.054200 0.004600 -0.014874
v -0.054200 -0.004600 -0.014874
v -0.054200 -0.006297 -0.015612
v -0.054200 -0.008144 -0.015507
v -0.054200 0.000000 0.005450
v -0.054200 -0.002324 0.004877
v -0.054200 -0.004115 0.003290
v -0.054200 -0.007125 0.004075
v -0.054200 -0.003316 -0.003293
v -0.054200 -0.004675 -0.001323
v -0.054200 -0.004964 0.001053
v -0.054200 -0.001197 -0.004405
v -0.054200 0.001197 -0.004405
v -0.054200 0.014567 -0.006167
v -0.054200 0.007000 -0.009424
v -0.054200 0.005875 -0.009726
v -0.054200 0.003316 -0.003293
v -0.054200 0.005051 -0.010549
v -0.054200 0.003225 -0.010637
v -0.054200 0.004964 0.001053
v -0.054200 0.004675 -0.001323
v -0.054200 0.008949 -0.010549
v -0.054200 0.009250 -0.011674
v -0.054200 0.010762 -0.013035
v -0.054200 0.008949 -0.012799
v -0.054200 0.008125 -0.013623
v -0.054200 0.007000 -0.013924
v -0.054200 0.005875 -0.013623
v -0.054200 0.005051 -0.012799
v -0.054200 0.004750 -0.011674
v -0.054200 0.000000 -0.011850
v -0.054200 0.000850 -0.012078
v -0.054200 0.001472 -0.012700
v -0.054200 0.001700 -0.013550
v -0.054200 -0.000850 -0.012078
v -0.054200 -0.000850 -0.015022
v -0.054200 -0.001472 -0.014400
v -0.054200 -0.001700 -0.013550
v -0.054200 -0.001472 -0.012700
v -0.054200 0.000850 0.015922
v -0.054200 0.001472 0.015300
v -0.054200 0.001700 0.014450
v -0.054200 0.000000 0.012750
v -0.054200 0.000850 0.012978
v -0.054200 0.001472 0.013600
v -0.054200 -0.000850 0.012978
v -0.054200 -0.001472 0.013600
v -0.054200 -0.001700 0.014450
v -0.036966 -0.032466 -0.024900
v -0.036466 -0.032332 -0.024900
v -0.033637 -0.035466 -0.024900
v -0.036100 -0.031966 -0.024900
v -0.035966 -0.031466 -0.024900
v -0.034166 -0.027682 -0.024900
v -0.034120 -0.027186 -0.024900
v -0.033719 -0.022433 -0.024900
v -0.034319 -0.026730 -0.024900
v -0.036086 -0.018387 -0.024900
v -0.035568 -0.029616 -0.024900
v -0.034445 -0.028094 -0.024900
v -0.040445 -0.002109 -0.024900
v -0.043733 -0.004585 -0.024900
v -0.044222 -0.004491 -0.024900
v -0.052082 -0.002500 -0.024900
v -0.052481 -0.002583 -0.024900
v -0.056209 -0.002101 -0.024900
v -0.037593 -0.021886 -0.024900
v -0.040189 -0.016647 -0.024900
v -0.038518 -0.012515 -0.024900
v -0.042058 -0.011107 -0.024900
v -0.040001 -0.006336 -0.024900
v -0.043168 -0.005366 -0.024900
v -0.043350 -0.004903 -0.024900
v -0.046292 -0.004128 -0.024900
v -0.047971 -0.002864 -0.024900
v -0.048316 -0.002595 -0.024900
v -0.048743 -0.002500 -0.024900
v -0.041650 -0.032466 -0.024900
v -0.042634 -0.035466 -0.024900
v -0.042096 -0.032361 -0.024900
v -0.043509 -0.035265 -0.024900
v -0.042448 -0.032069 -0.024900
v -0.044207 -0.034701 -0.024900
v -0.046635 -0.025600 -0.024900
v -0.052813 -0.002817 -0.024900
v -0.053024 -0.003164 -0.024900
v -0.056111 -0.003840 -0.024900
v -0.053080 -0.003567 -0.024900
v -0.056106 -0.003906 -0.024900
v -0.047965 -0.029289 -0.024900
v -0.051063 -0.023474 -0.024900
v -0.049845 -0.018594 -0.024900
v -0.053459 -0.017336 -0.024900
v -0.052008 -0.011198 -0.024900
v -0.055090 -0.011114 -0.024900
v -0.055715 -0.007507 -0.024900
v -0.032316 -0.029994 -0.024900
v -0.031466 -0.029766 -0.024900
v -0.032765 -0.023805 -0.024900
v -0.030616 -0.029994 -0.024900
v -0.028638 -0.028638 -0.024900
v -0.029994 -0.030616 -0.024900
v -0.027662 -0.030230 -0.024900
v -0.029766 -0.031466 -0.024900
v -0.027515 -0.032092 -0.024900
v -0.029994 -0.032316 -0.024900
v -0.028230 -0.033817 -0.024900
v -0.030616 -0.032938 -0.024900
v -0.029650 -0.035030 -0.024900
v -0.031466 -0.033166 -0.024900
v -0.031466 -0.035466 -0.024900
v -0.032316 -0.032938 -0.024900
v -0.032938 -0.030616 -0.024900
v -0.033166 -0.031466 -0.024900
v -0.032938 -0.032316 -0.024900
v -0.044500 -0.001700 -0.024900
v -0.043650 -0.001472 -0.024900
v -0.043028 -0.000850 -0.024900
v -0.040500 0.000000 -0.024900
v -0.042800 0.000000 -0.024900
v -0.040001 0.006336 -0.024900
v -0.035966 0.031466 -0.024900
v -0.036100 0.031966 -0.024900
v -0.033637 0.035466 -0.024900
v -0.045350 0.001472 -0.024900
v -0.045972 0.000850 -0.024900
v -0.048242 0.002500 -0.024900
v -0.036086 0.018387 -0.024900
v -0.038518 0.012515 -0.024900
v -0.043650 0.001472 -0.024900
v -0.043028 0.000850 -0.024900
v -0.047165 0.003626 -0.024900
v -0.045770 0.004317 -0.024900
v -0.044500 0.001700 -0.024900
v -0.044222 0.004491 -0.024900
v -0.043733 0.004585 -0.024900
v -0.052481 0.002583 -0.024900
v -0.052082 0.002500 -0.024900
v -0.046200 0.000000 -0.024900
v -0.045972 -0.000850 -0.024900
v -0.045350 -0.001472 -0.024900
v -0.056217 -0.001883 -0.024900
v -0.056246 -0.000728 -0.024900
v -0.052813 0.002817 -0.024900
v -0.056250 -0.000323 -0.024900
v -0.053024 0.003164 -0.024900
v -0.056150 0.003262 -0.024900
v -0.053080 0.003567 -0.024900
v -0.034319 0.026730 -0.024900
v -0.033719 0.022433 -0.024900
v -0.037593 0.021886 -0.024900
v -0.040189 0.016647 -0.024900
v -0.035568 0.029616 -0.024900
v -0.034445 0.028094 -0.024900
v -0.034166 0.027682 -0.024900
v -0.034120 0.027186 -0.024900
v -0.043350 0.004903 -0.024900
v -0.043168 0.005366 -0.024900
v -0.042058 0.011107 -0.024900
v -0.055287 0.010100 -0.024900
v -0.055196 0.010578 -0.024900
v -0.052008 0.011198 -0.024900
v -0.055090 0.011114 -0.024900
v -0.049845 0.018594 -0.024900
v -0.053459 0.017336 -0.024900
v -0.046635 0.025600 -0.024900
v -0.036466 0.032332 -0.024900
v -0.036966 0.032466 -0.024900
v -0.042634 0.035466 -0.024900
v -0.041650 0.032466 -0.024900
v -0.043509 0.035265 -0.024900
v -0.042096 0.032361 -0.024900
v -0.044207 0.034701 -0.024900
v -0.042448 0.032069 -0.024900
v -0.047965 0.029289 -0.024900
v -0.051063 0.023474 -0.024900
v -0.055804 0.006854 -0.024900
v -0.055677 0.007767 -0.024900
v -0.055629 0.008092 -0.024900
v -0.032938 0.032316 -0.024900
v -0.033166 0.031466 -0.024900
v -0.032938 0.030616 -0.024900
v -0.032316 0.029994 -0.024900
v -0.032765 0.023805 -0.024900
v -0.031466 0.029766 -0.024900
v -0.028638 0.028638 -0.024900
v -0.030616 0.029994 -0.024900
v -0.027662 0.030230 -0.024900
v -0.029994 0.030616 -0.024900
v -0.027515 0.032092 -0.024900
v -0.029766 0.031466 -0.024900
v -0.028230 0.033817 -0.024900
v -0.029994 0.032316 -0.024900
v -0.029650 0.035030 -0.024900
v -0.030616 0.032938 -0.024900
v -0.031466 0.035466 -0.024900
v -0.031466 0.033166 -0.024900
v -0.032316 0.032938 -0.024900
v -0.047344 0.013015 -0.008857
v -0.047859 0.010971 -0.011196
v -0.047858 0.010974 -0.012129
v -0.046856 0.014672 -0.020900
v -0.047906 0.010762 -0.013035
v -0.047998 0.010345 -0.013868
v -0.048123 0.009747 -0.014582
v -0.048268 0.008998 -0.015139
v -0.048536 0.007421 -0.020900
v -0.048420 0.008144 -0.015507
v -0.045849 0.017569 0.002256
v -0.045724 0.017892 0.001375
v -0.044100 0.021586 0.021800
v -0.046041 0.017059 0.003028
v -0.046856 0.014672 0.006831
v -0.046565 0.015571 0.004128
v -0.046288 0.016377 0.003667
v -0.044100 0.021586 -0.020900
v -0.045682 0.018000 0.000448
v -0.045724 0.017892 -0.000475
v -0.045849 0.017569 -0.001355
v -0.046041 0.017059 -0.002128
v -0.046288 0.016378 -0.002766
v -0.046565 0.015571 -0.003228
v -0.046856 0.014672 -0.005931
v -0.047103 0.013859 -0.007546
v -0.047906 0.010762 0.013934
v -0.047858 0.010974 0.013029
v -0.046856 0.014672 0.021800
v -0.048268 0.008998 0.016039
v -0.048123 0.009747 0.015482
v -0.047998 0.010345 0.014768
v -0.048420 0.008144 0.016407
v -0.048536 0.007421 0.021800
v -0.048536 0.007421 0.016552
v -0.047859 0.010971 0.012096
v -0.047344 0.013015 0.009757
v -0.047105 0.013854 0.008455
v -0.046889 0.014567 0.007067
v -0.049002 0.003098 0.016147
v -0.048884 0.004600 0.015774
v -0.048802 0.005405 0.016243
v -0.049075 -0.001553 0.016374
v -0.049100 0.000000 0.016450
v -0.049100 0.000000 0.021800
v -0.049075 0.001553 0.016374
v -0.048694 0.006297 0.016512
v -0.048801 -0.005407 0.016243
v -0.048694 -0.006297 0.016512
v -0.048536 -0.007421 0.021800
v -0.048536 -0.007421 0.016552
v -0.048884 -0.004600 0.015774
v -0.049002 -0.003096 0.016148
v -0.047344 -0.013015 0.009757
v -0.047859 -0.010971 0.012096
v -0.047858 -0.010974 0.013027
v -0.046856 -0.014672 0.021800
v -0.047906 -0.010762 0.013934
v -0.047998 -0.010343 0.014770
v -0.048123 -0.009747 0.015482
v -0.048268 -0.008999 0.016039
v -0.048420 -0.008144 0.016407
v -0.045849 -0.017570 -0.001355
v -0.045724 -0.017892 -0.000475
v -0.044100 -0.021586 -0.020900
v -0.046041 -0.017059 -0.002128
v -0.046856 -0.014672 -0.005931
v -0.046565 -0.015571 -0.003228
v -0.046289 -0.016376 -0.002768
v -0.044100 -0.021586 0.021800
v -0.045682 -0.018000 0.000450
v -0.045724 -0.017892 0.001375
v -0.045849 -0.017570 0.002254
v -0.046041 -0.017059 0.003028
v -0.046289 -0.016375 0.003669
v -0.046565 -0.015571 0.004128
v -0.046856 -0.014672 0.006831
v -0.047105 -0.013853 0.008455
v -0.047906 -0.010762 -0.013035
v -0.047858 -0.010974 -0.012127
v -0.046856 -0.014672 -0.020900
v -0.048268 -0.009001 -0.015138
v -0.048123 -0.009747 -0.014582
v -0.047998 -0.010344 -0.013870
v -0.048420 -0.008144 -0.015507
v -0.048536 -0.007421 -0.020900
v -0.048536 -0.007421 -0.015652
v -0.047859 -0.010971 -0.011196
v -0.047344 -0.013015 -0.008857
v -0.047104 -0.013858 -0.007547
v -0.046889 -0.014567 -0.006167
v -0.049003 -0.003090 -0.015249
v -0.048884 -0.004600 -0.014874
v -0.048801 -0.005407 -0.015343
v -0.049075 0.001553 -0.015474
v -0.049100 0.000000 -0.015550
v -0.049100 0.000000 -0.020900
v -0.049075 -0.001553 -0.015474
v -0.048694 -0.006297 -0.015612
v -0.048536 0.007421 -0.015652
v -0.048694 0.006297 -0.015612
v -0.048801 0.005408 -0.015344
v -0.048884 0.004600 -0.014874
v -0.049003 0.003090 -0.015249
v -0.035635 -0.033778 0.021800
v -0.035635 -0.033778 -0.020900
v -0.040331 -0.028004 0.021800
v -0.040331 -0.028004 -0.020900
v -0.040331 0.028004 0.021800
v -0.040331 0.028004 -0.020900
v -0.035635 0.033778 0.021800
v -0.035635 0.033778 -0.020900
v -0.053707 -0.016554 -0.022093
v -0.054090 -0.015253 -0.022962
v -0.054459 -0.013882 -0.023731
v -0.054807 -0.012437 -0.024399
v -0.055083 -0.011149 -0.024888
v -0.051796 -0.021808 -0.016528
v -0.052164 -0.020914 -0.017794
v -0.051444 -0.022627 -0.015190
v -0.052543 -0.019943 -0.018987
v -0.052929 -0.018893 -0.020104
v -0.053312 -0.017785 -0.021122
v -0.047965 -0.029289 0.025800
v -0.051063 -0.023474 0.025800
v -0.050932 -0.023757 0.013863
v -0.050133 -0.025399 -0.008265
v -0.050357 -0.024952 -0.009817
v -0.049944 -0.025769 -0.006679
v -0.050638 -0.024378 0.012366
v -0.050371 -0.024923 0.010809
v -0.050252 -0.025164 0.010019
v -0.050043 -0.025577 0.008445
v -0.049869 -0.025913 0.006841
v -0.049733 -0.026173 0.005209
v -0.049584 -0.026454 -0.001159
v -0.049644 -0.026342 -0.002813
v -0.049565 -0.026490 0.000494
v -0.049636 -0.026357 0.003547
v -0.049586 -0.026450 0.002144
v -0.049745 -0.026151 -0.004466
v -0.049791 -0.026063 -0.005061
v -0.050614 -0.024427 -0.011336
v -0.050901 -0.023822 -0.012816
v -0.051110 -0.023372 -0.013782
v -0.053459 -0.017336 0.025800
v -0.053402 -0.017512 0.022251
v -0.053276 -0.017892 0.021930
v -0.052879 -0.019032 0.020865
v -0.052485 -0.020093 0.019713
v -0.052097 -0.021079 0.018473
v -0.051719 -0.021991 0.017145
v -0.051595 -0.022280 0.016681
v -0.051252 -0.023058 0.015301
v -0.054575 -0.013416 0.024861
v -0.054201 -0.014856 0.024099
v -0.053809 -0.016219 0.023231
v -0.055090 -0.011114 0.025800
v -0.055027 -0.011422 0.025692
v -0.054927 -0.011894 0.025517
v -0.044207 -0.034701 0.025800
v -0.048743 0.002500 0.023800
v -0.048316 0.002595 0.023800
v -0.047971 0.002864 0.023800
v -0.034445 0.028094 0.023800
v -0.035568 0.029616 0.023800
v -0.046635 0.025600 0.023800
v -0.035966 0.031466 0.023800
v -0.052082 0.002500 0.023800
v -0.052008 0.011198 0.023800
v -0.049845 0.018594 0.023800
v -0.046292 0.004128 0.023800
v -0.042096 0.032361 0.023800
v -0.042448 0.032069 0.023800
v -0.041650 0.032466 0.023800
v -0.036966 0.032466 0.023800
v -0.052813 0.002817 0.023800
v -0.052481 0.002583 0.023800
v -0.053024 0.003164 0.023800
v -0.053080 0.003567 0.023800
v -0.043168 0.005366 0.023800
v -0.042058 0.011107 0.023800
v -0.040189 0.016647 0.023800
v -0.037593 0.021886 0.023800
v -0.034319 0.026730 0.023800
v -0.043350 0.004903 0.023800
v -0.043733 0.004585 0.023800
v -0.044222 0.004491 0.023800
v -0.036100 0.031966 0.023800
v -0.036466 0.032332 0.023800
v -0.034120 0.027186 0.023800
v -0.034166 0.027682 0.023800
v -0.053080 -0.003567 0.023800
v -0.052008 -0.011198 0.023800
v -0.052082 -0.002500 0.023800
v -0.035966 -0.031466 0.023800
v -0.035568 -0.029616 0.023800
v -0.046635 -0.025600 0.023800
v -0.034445 -0.028094 0.023800
v -0.036966 -0.032466 0.023800
v -0.041650 -0.032466 0.023800
v -0.042448 -0.032069 0.023800
v -0.042096 -0.032361 0.023800
v -0.040189 -0.016647 0.023800
v -0.049845 -0.018594 0.023800
v -0.037593 -0.021886 0.023800
v -0.034319 -0.026730 0.023800
v -0.047971 -0.002864 0.023800
v -0.048316 -0.002595 0.023800
v -0.048743 -0.002500 0.023800
v -0.052481 -0.002583 0.023800
v -0.052813 -0.002817 0.023800
v -0.053024 -0.003164 0.023800
v -0.036466 -0.032332 0.023800
v -0.036100 -0.031966 0.023800
v -0.034166 -0.027682 0.023800
v -0.034120 -0.027186 0.023800
v -0.042058 -0.011107 0.023800
v -0.043168 -0.005366 0.023800
v -0.043350 -0.004903 0.023800
v -0.046292 -0.004128 0.023800
v -0.044222 -0.004491 0.023800
v -0.043733 -0.004585 0.023800
v -0.043168 0.005366 0.025800
v -0.042058 0.011107 0.025800
v -0.040189 0.016647 0.025800
v -0.037593 0.021886 0.025800
v -0.034319 0.026730 0.025800
v -0.047971 0.002864 0.025800
v -0.046292 0.004128 0.025800
v -0.044222 0.004491 0.025800
v -0.048743 0.002500 0.025800
v -0.052082 0.002500 0.025800
v -0.042448 0.032069 0.025800
v -0.046635 0.025600 0.025800
v -0.049845 0.018594 0.025800
v -0.052008 0.011198 0.025800
v -0.053080 0.003567 0.025800
v -0.036966 0.032466 0.025800
v -0.041650 0.032466 0.025800
v -0.034445 0.028094 0.025800
v -0.035568 0.029616 0.025800
v -0.035966 0.031466 0.025800
v -0.052082 -0.002500 0.025800
v -0.048743 -0.002500 0.025800
v -0.044222 -0.004491 0.025800
v -0.046292 -0.004128 0.025800
v -0.047971 -0.002864 0.025800
v -0.034319 -0.026730 0.025800
v -0.037593 -0.021886 0.025800
v -0.040189 -0.016647 0.025800
v -0.042058 -0.011107 0.025800
v -0.043168 -0.005366 0.025800
v -0.035966 -0.031466 0.025800
v -0.035568 -0.029616 0.025800
v -0.034445 -0.028094 0.025800
v -0.036966 -0.032466 0.025800
v -0.041650 -0.032466 0.025800
v -0.053080 -0.003567 0.025800
v -0.052008 -0.011198 0.025800
v -0.049845 -0.018594 0.025800
v -0.046635 -0.025600 0.025800
v -0.042448 -0.032069 0.025800
v -0.036361 0.035466 0.021800
v -0.036361 0.035466 -0.020900
v -0.031466 0.035466 -0.020900
v -0.026466 0.035466 0.025800
v -0.026466 0.035466 0.021800
v -0.032930 0.035466 0.025800
v -0.042634 0.035466 0.025800
v -0.036361 -0.035466 0.021800
v -0.026466 -0.035466 0.021800
v -0.026466 -0.035466 0.025800
v -0.032930 -0.035466 0.025800
v -0.042634 -0.035466 0.025800
v -0.036361 -0.035466 -0.020900
v -0.031466 -0.035466 -0.020900
v -0.052481 -0.002583 0.025800
v -0.056209 -0.002101 0.025800
v -0.031524 0.030902 0.025800
v -0.031752 0.030052 0.025800
v -0.033041 0.016946 0.025800
v -0.031524 0.029202 0.025800
v -0.022515 0.032092 0.025800
v -0.028580 0.030902 0.025800
v -0.028352 0.030052 0.025800
v -0.030902 0.028580 0.025800
v -0.032068 0.018722 0.025800
v -0.030052 0.028352 0.025800
v -0.030902 0.031524 0.025800
v -0.030052 0.031752 0.025800
v -0.029202 0.031524 0.025800
v -0.024650 0.035030 0.025800
v -0.023230 0.033817 0.025800
v -0.029202 0.028580 0.025800
v -0.028291 0.024052 0.025800
v -0.028580 0.029202 0.025800
v -0.023638 0.028638 0.025800
v -0.022662 0.030230 0.025800
v -0.036466 0.032332 0.025800
v -0.036100 0.031966 0.025800
v -0.042500 -0.001700 0.025800
v -0.043350 -0.001472 0.025800
v -0.043972 -0.000850 0.025800
v -0.056250 0.000320 0.025800
v -0.044200 0.000000 0.025800
v -0.034852 0.012813 0.025800
v -0.041650 0.001472 0.025800
v -0.036559 0.006507 0.025800
v -0.041028 0.000850 0.025800
v -0.037133 0.000000 0.025800
v -0.040800 0.000000 0.025800
v -0.037073 -0.002111 0.025800
v -0.041028 -0.000850 0.025800
v -0.041650 -0.001472 0.025800
v -0.043350 0.001472 0.025800
v -0.043972 0.000850 0.025800
v -0.042500 0.001700 0.025800
v -0.043733 0.004585 0.025800
v -0.034166 0.027682 0.025800
v -0.034120 0.027186 0.025800
v -0.042096 0.032361 0.025800
v -0.043509 0.035265 0.025800
v -0.044207 0.034701 0.025800
v -0.048316 0.002595 0.025800
v -0.052481 0.002583 0.025800
v -0.052813 0.002817 0.025800
v -0.053024 0.003164 0.025800
v -0.056106 0.003904 0.025800
v -0.043350 0.004903 0.025800
v -0.047965 0.029289 0.025800
v -0.051063 0.023474 0.025800
v -0.053459 0.017336 0.025800
v -0.055090 0.011114 0.025800
v -0.055715 0.007505 0.025800
v -0.036100 -0.031966 0.025800
v -0.043733 -0.004585 0.025800
v -0.052813 -0.002817 0.025800
v -0.048316 -0.002595 0.025800
v -0.034852 -0.012813 0.025800
v -0.033041 -0.016946 0.025800
v -0.034120 -0.027186 0.025800
v -0.034166 -0.027682 0.025800
v -0.056150 -0.003265 0.025800
v -0.053024 -0.003164 0.025800
v -0.043350 -0.004903 0.025800
v -0.036559 -0.006507 0.025800
v -0.036466 -0.032332 0.025800
v -0.043509 -0.035265 0.025800
v -0.042096 -0.032361 0.025800
v -0.055803 -0.006858 0.025800
v -0.055659 -0.007893 0.025800
v -0.029202 -0.031524 0.025800
v -0.030052 -0.031752 0.025800
v -0.031752 -0.030052 0.025800
v -0.030902 -0.031524 0.025800
v -0.031524 -0.030902 0.025800
v -0.024650 -0.035030 0.025800
v -0.028580 -0.030902 0.025800
v -0.031524 -0.029202 0.025800
v -0.030902 -0.028580 0.025800
v -0.032068 -0.018722 0.025800
v -0.030052 -0.028352 0.025800
v -0.028291 -0.024052 0.025800
v -0.029202 -0.028580 0.025800
v -0.023638 -0.028638 0.025800
v -0.028580 -0.029202 0.025800
v -0.022662 -0.030230 0.025800
v -0.028352 -0.030052 0.025800
v -0.022515 -0.032092 0.025800
v -0.023230 -0.033817 0.025800
v -0.053925 0.015829 0.023495
v -0.054302 0.014481 0.024312
v -0.054661 0.013061 0.025027
v -0.054995 0.011574 0.025637
v -0.051313 0.022921 0.015559
v -0.051662 0.022125 0.016933
v -0.052026 0.021255 0.018232
v -0.052402 0.020310 0.019455
v -0.052786 0.019290 0.020600
v -0.053174 0.018191 0.021666
v -0.053532 0.017109 0.022575
v -0.050997 0.023616 -0.013270
v -0.050067 0.025529 0.008645
v -0.050280 0.025107 0.010211
v -0.050696 0.024256 -0.011778
v -0.050422 0.024820 -0.010224
v -0.050248 0.025171 -0.009095
v -0.050131 0.025403 -0.008248
v -0.049942 0.025773 -0.006659
v -0.049790 0.026066 -0.005044
v -0.049569 0.026483 -0.000239
v -0.049572 0.026477 0.001413
v -0.049616 0.026395 0.003062
v -0.049700 0.026237 0.004709
v -0.049675 0.026283 -0.003403
v -0.049601 0.026424 -0.001735
v -0.049824 0.026000 0.006351
v -0.049889 0.025875 0.007042
v -0.050526 0.024608 0.011740
v -0.050803 0.024031 0.013230
v -0.051109 0.023374 0.014677
v -0.052767 0.019341 -0.019647
v -0.052372 0.020387 -0.018461
v -0.051982 0.021361 -0.017184
v -0.051671 0.022103 -0.016069
v -0.051323 0.022899 -0.014701
v -0.054857 0.012213 -0.024490
v -0.054497 0.013730 -0.023807
v -0.054115 0.015167 -0.023015
v -0.053713 0.016533 -0.022108
v -0.053561 0.017019 -0.021744
v -0.053165 0.018218 -0.020741
v -0.029650 0.035030 -0.020900
v -0.028230 0.033817 -0.020900
v -0.027515 0.032092 -0.020900
v -0.027662 0.030230 -0.020900
v -0.028638 0.028638 -0.020900
v -0.032765 0.023805 -0.020900
v -0.036086 0.018387 -0.020900
v -0.040001 -0.006336 -0.020900
v -0.040500 0.000000 -0.020900
v -0.040001 0.006336 -0.020900
v -0.038518 0.012515 -0.020900
v -0.032765 -0.023805 -0.020900
v -0.036086 -0.018387 -0.020900
v -0.038518 -0.012515 -0.020900
v -0.028638 -0.028638 -0.020900
v -0.027662 -0.030230 -0.020900
v -0.027515 -0.032092 -0.020900
v -0.028230 -0.033817 -0.020900
v -0.029650 -0.035030 -0.020900
v -0.035911 -0.035360 0.021800
v -0.031524 -0.029202 0.021800
v -0.031752 -0.030052 0.021800
v -0.031524 -0.030902 0.021800
v -0.035403 -0.034178 0.021800
v -0.024650 0.035030 0.021800
v -0.028580 0.030902 0.021800
v -0.029202 0.031524 0.021800
v -0.030052 0.031752 0.021800
v -0.030902 0.031524 0.021800
v -0.022515 -0.032092 0.021800
v -0.028580 -0.030902 0.021800
v -0.028352 -0.030052 0.021800
v -0.035911 0.035360 0.021800
v -0.035558 0.035063 0.021800
v -0.035375 0.034638 0.021800
v -0.030902 0.028580 0.021800
v -0.042500 0.001700 0.021800
v -0.043350 0.001472 0.021800
v -0.023230 -0.033817 0.021800
v -0.024650 -0.035030 0.021800
v -0.029202 -0.031524 0.021800
v -0.030052 -0.031752 0.021800
v -0.030902 -0.031524 0.021800
v -0.035558 -0.035063 0.021800
v -0.035375 -0.034638 0.021800
v -0.029202 -0.028580 0.021800
v -0.028291 -0.024052 0.021800
v -0.028580 -0.029202 0.021800
v -0.023638 -0.028638 0.021800
v -0.022662 -0.030230 0.021800
v -0.030902 -0.028580 0.021800
v -0.042500 -0.001700 0.021800
v -0.030052 -0.028352 0.021800
v -0.041650 -0.001472 0.021800
v -0.043972 0.000850 0.021800
v -0.044200 0.000000 0.021800
v -0.031524 0.029202 0.021800
v -0.031752 0.030052 0.021800
v -0.031524 0.030902 0.021800
v -0.035403 0.034178 0.021800
v -0.043972 -0.000850 0.021800
v -0.043350 -0.001472 0.021800
v -0.041650 0.001472 0.021800
v -0.034852 0.012813 0.021800
v -0.041028 0.000850 0.021800
v -0.036559 0.006507 0.021800
v -0.040800 0.000000 0.021800
v -0.037133 0.000000 0.021800
v -0.041028 -0.000850 0.021800
v -0.036559 -0.006507 0.021800
v -0.034852 -0.012813 0.021800
v -0.032068 -0.018722 0.021800
v -0.032068 0.018722 0.021800
v -0.030052 0.028352 0.021800
v -0.028291 0.024052 0.021800
v -0.029202 0.028580 0.021800
v -0.023638 0.028638 0.021800
v -0.028580 0.029202 0.021800
v -0.022662 0.030230 0.021800
v -0.028352 0.030052 0.021800
v -0.022515 0.032092 0.021800
v -0.023230 0.033817 0.021800
v -0.046200 0.000000 -0.020900
v -0.031466 0.033166 -0.020900
v -0.035911 0.035360 -0.020900
v -0.032316 0.032938 -0.020900
v -0.035558 0.035063 -0.020900
v -0.045972 0.000850 -0.020900
v -0.045350 0.001472 -0.020900
v -0.044500 0.001700 -0.020900
v -0.035375 0.034638 -0.020900
v -0.035403 0.034178 -0.020900
v -0.032938 0.032316 -0.020900
v -0.033166 0.031466 -0.020900
v -0.032938 0.030616 -0.020900
v -0.032316 0.029994 -0.020900
v -0.031466 0.029766 -0.020900
v -0.043650 0.001472 -0.020900
v -0.043028 -0.000850 -0.020900
v -0.043650 -0.001472 -0.020900
v -0.042800 0.000000 -0.020900
v -0.043028 0.000850 -0.020900
v -0.032316 -0.029994 -0.020900
v -0.031466 -0.029766 -0.020900
v -0.030616 -0.029994 -0.020900
v -0.029994 -0.030616 -0.020900
v -0.029766 -0.031466 -0.020900
v -0.029994 -0.032316 -0.020900
v -0.030616 -0.032938 -0.020900
v -0.031466 -0.033166 -0.020900
v -0.032316 -0.032938 -0.020900
v -0.035911 -0.035360 -0.020900
v -0.035558 -0.035063 -0.020900
v -0.035375 -0.034638 -0.020900
v -0.044500 -0.001700 -0.020900
v -0.045350 -0.001472 -0.020900
v -0.045972 -0.000850 -0.020900
v -0.030616 0.029994 -0.020900
v -0.029994 0.030616 -0.020900
v -0.029766 0.031466 -0.020900
v -0.029994 0.032316 -0.020900
v -0.030616 0.032938 -0.020900
v -0.032938 -0.030616 -0.020900
v -0.033166 -0.031466 -0.020900
v -0.032938 -0.032316 -0.020900
v -0.035403 -0.034178 -0.020900
v -0.058200 -0.004675 -0.001323
v -0.058200 -0.003316 -0.003293
v -0.058200 -0.007125 -0.003175
v -0.058200 0.007962 0.016034
v -0.058200 0.008750 0.015605
v -0.058200 0.007125 0.015487
v -0.058200 0.008919 0.015507
v -0.058200 0.016870 0.005104
v -0.058200 0.016904 0.004979
v -0.058200 0.007125 0.004075
v -0.058200 0.008125 -0.009726
v -0.058200 0.007000 -0.009424
v -0.058200 0.007125 -0.003175
v -0.058200 0.007125 -0.014587
v -0.058200 0.004529 -0.016454
v -0.058200 0.003225 -0.014587
v -0.058200 0.001509 -0.016985
v -0.058200 -0.008021 -0.015103
v -0.058200 -0.008750 -0.014705
v -0.058200 -0.007125 -0.014587
v -0.058200 -0.008919 -0.014607
v -0.058200 -0.014000 0.002700
v -0.058200 -0.015125 0.002399
v -0.058200 -0.016904 0.004979
v -0.058200 -0.007125 0.015487
v -0.058200 -0.004529 0.017354
v -0.058200 -0.003225 0.015487
v -0.058200 -0.003103 0.017673
v -0.058200 0.003225 0.015487
v -0.058200 0.001472 0.015300
v -0.058200 0.000850 0.015922
v -0.058200 -0.000324 0.017947
v -0.058200 0.000000 0.017950
v -0.058200 0.000000 0.016150
v -0.058200 0.001575 0.017879
v -0.058200 -0.008750 0.015605
v -0.058200 -0.008120 0.015952
v -0.058200 -0.006660 0.016633
v -0.058200 -0.004993 0.017222
v -0.058200 -0.008949 0.011449
v -0.058200 -0.008125 0.010626
v -0.058200 -0.010500 0.007887
v -0.058200 -0.009250 0.012574
v -0.058200 -0.010716 0.014285
v -0.058200 -0.008949 0.013699
v -0.058200 -0.011600 0.013553
v -0.058200 -0.012374 0.012824
v -0.058200 -0.013115 0.012036
v -0.058200 -0.014961 0.009528
v -0.058200 -0.014469 0.010293
v -0.058200 -0.013925 0.011049
v -0.058200 -0.013321 0.011798
v -0.058200 -0.010500 0.004075
v -0.058200 -0.015407 0.008749
v -0.058200 -0.015155 0.009200
v -0.058200 -0.016785 0.005400
v -0.058200 -0.016534 0.006185
v -0.058200 -0.016245 0.006958
v -0.058200 -0.015916 0.007724
v -0.058200 -0.015546 0.008486
v -0.058200 -0.017085 0.004239
v -0.058200 -0.017238 0.003467
v -0.058200 -0.015949 0.001575
v -0.058200 -0.017356 0.002689
v -0.058200 -0.016250 0.000450
v -0.058200 -0.017482 0.001244
v -0.058200 -0.017439 0.001904
v -0.058200 -0.017346 -0.001864
v -0.058200 -0.017433 -0.001082
v -0.058200 -0.015949 -0.000675
v -0.058200 -0.017484 -0.000304
v -0.058200 -0.017500 0.000450
v -0.058200 -0.012875 0.002399
v -0.058200 -0.017306 -0.002147
v -0.058200 -0.015125 -0.001499
v -0.058200 -0.017172 -0.002921
v -0.058200 -0.012875 -0.001499
v -0.058200 -0.012051 -0.000675
v -0.058200 -0.010500 -0.003175
v -0.058200 -0.011750 0.000450
v -0.058200 -0.012051 0.001575
v -0.058200 -0.014000 -0.001800
v -0.058200 -0.016904 -0.004079
v -0.058200 -0.017003 -0.003690
v -0.058200 -0.016064 -0.006491
v -0.058200 -0.016275 -0.005981
v -0.058200 -0.015712 -0.007257
v -0.058200 -0.016556 -0.005218
v -0.058200 -0.016798 -0.004455
v -0.058200 -0.010500 -0.010637
v -0.058200 -0.012374 -0.011924
v -0.058200 -0.012584 -0.011711
v -0.058200 -0.014393 -0.009504
v -0.058200 -0.014880 -0.008761
v -0.058200 -0.015155 -0.008300
v -0.058200 -0.015318 -0.008012
v -0.058200 -0.013264 -0.010966
v -0.058200 -0.013853 -0.010244
v -0.058200 -0.010087 -0.013851
v -0.058200 -0.011007 -0.013155
v -0.058200 -0.008949 -0.012799
v -0.058200 -0.009250 -0.011674
v -0.058200 -0.009222 -0.014423
v -0.058200 -0.008125 -0.013623
v -0.058200 -0.003225 -0.014587
v -0.058200 -0.005184 -0.016264
v -0.058200 -0.006680 -0.015725
v -0.058200 0.000000 -0.017050
v -0.058200 0.000000 -0.015250
v -0.058200 -0.000680 -0.017037
v -0.058200 -0.000850 -0.015022
v -0.058200 -0.001752 -0.016962
v -0.058200 -0.001472 -0.014400
v -0.058200 -0.003534 -0.016689
v -0.058200 -0.004529 -0.016454
v -0.058200 0.008750 -0.014705
v -0.058200 0.008524 -0.014834
v -0.058200 0.007077 -0.015555
v -0.058200 0.005436 -0.016184
v -0.058200 0.008949 -0.012799
v -0.058200 0.010913 -0.013231
v -0.058200 0.009940 -0.013953
v -0.058200 0.008125 -0.013623
v -0.058200 0.011785 -0.012487
v -0.058200 0.009250 -0.011674
v -0.058200 0.012374 -0.011924
v -0.058200 0.015100 -0.008395
v -0.058200 0.014618 -0.009172
v -0.058200 0.008949 -0.010549
v -0.058200 0.014085 -0.009936
v -0.058200 0.013496 -0.010690
v -0.058200 0.012844 -0.011436
v -0.058200 0.012573 -0.011723
v -0.058200 0.016738 -0.004658
v -0.058200 0.016477 -0.005444
v -0.058200 0.016179 -0.006220
v -0.058200 0.015841 -0.006987
v -0.058200 0.015460 -0.007749
v -0.058200 0.015155 -0.008300
v -0.058200 0.016904 -0.004079
v -0.058200 0.012875 -0.001499
v -0.058200 0.012875 0.002399
v -0.058200 0.012051 0.001575
v -0.058200 0.011750 0.000450
v -0.058200 0.012051 -0.000675
v -0.058200 0.014000 -0.001800
v -0.058200 0.015125 -0.001499
v -0.058200 0.017005 -0.003682
v -0.058200 0.017174 -0.002911
v -0.058200 0.017221 0.003563
v -0.058200 0.017277 0.003232
v -0.058200 0.015125 0.002399
v -0.058200 0.015949 0.001575
v -0.058200 0.017500 0.000450
v -0.058200 0.017497 0.000127
v -0.058200 0.016250 0.000450
v -0.058200 0.017470 -0.000575
v -0.058200 0.015949 -0.000675
v -0.058200 0.017406 -0.001360
v -0.058200 0.017307 -0.002138
v -0.058200 0.017385 0.002453
v -0.058200 0.017457 0.001676
v -0.058200 0.017494 0.000901
v -0.058200 0.014000 0.002700
v -0.058200 0.017063 0.004337
v -0.058200 0.015851 0.007865
v -0.058200 0.016065 0.007389
v -0.058200 0.007125 0.007887
v -0.058200 0.015155 0.009200
v -0.058200 0.015471 0.008629
v -0.058200 0.016373 0.006629
v -0.058200 0.016640 0.005867
v -0.058200 0.015048 0.009383
v -0.058200 0.008949 0.011449
v -0.058200 0.010490 0.014457
v -0.058200 0.011374 0.013750
v -0.058200 0.008949 0.013699
v -0.058200 0.009250 0.012574
v -0.058200 0.009512 0.015139
v -0.058200 0.008125 0.014523
v -0.058200 0.009187 0.015345
v -0.058200 0.012171 0.013024
v -0.058200 0.012374 0.012824
v -0.058200 0.012894 0.012282
v -0.058200 0.013482 0.011607
v -0.058200 0.014059 0.010871
v -0.058200 0.014579 0.010130
v -0.058200 0.004529 0.017354
v -0.058200 0.005069 0.017200
v -0.058200 0.006594 0.016660
v -0.058200 0.002324 0.004877
v -0.058200 0.000000 0.005450
v -0.058200 -0.003225 0.007887
v -0.058200 -0.002324 0.004877
v -0.058200 -0.004115 0.003290
v -0.058200 0.003225 0.007887
v -0.058200 0.004115 0.003290
v -0.058200 0.003316 -0.003293
v -0.058200 0.004675 -0.001323
v -0.058200 0.004964 0.001053
v -0.058200 0.005875 -0.009726
v -0.058200 0.003225 -0.010637
v -0.058200 0.001197 -0.004405
v -0.058200 -0.001197 -0.004405
v -0.058200 0.005875 0.010626
v -0.058200 0.007000 0.010324
v -0.058200 0.008125 0.010626
v -0.058200 0.005875 0.014523
v -0.058200 0.007000 0.014824
v -0.058200 0.005051 0.013699
v -0.058200 0.004750 0.012574
v -0.058200 0.005051 0.011449
v -0.058200 -0.004964 0.001053
v -0.058200 -0.007125 0.004075
v -0.058200 -0.007125 0.007887
v -0.058200 -0.007000 0.010324
v -0.058200 -0.005875 0.010626
v -0.058200 -0.005051 0.011449
v -0.058200 -0.004750 0.012574
v -0.058200 -0.009727 0.014997
v -0.058200 -0.009409 0.015205
v -0.058200 -0.008125 0.014523
v -0.058200 -0.007000 0.014824
v -0.058200 -0.005875 0.014523
v -0.058200 -0.005051 0.013699
v -0.058200 -0.003225 -0.010637
v -0.058200 -0.005051 -0.012799
v -0.058200 -0.007000 -0.013924
v -0.058200 -0.005875 -0.013623
v -0.058200 -0.007000 -0.009424
v -0.058200 -0.005875 -0.009726
v -0.058200 -0.005051 -0.010549
v -0.058200 -0.004750 -0.011674
v -0.058200 -0.011836 -0.012441
v -0.058200 -0.008949 -0.010549
v -0.058200 -0.008125 -0.009726
v -0.058200 0.008847 -0.014649
v -0.058200 0.007000 -0.013924
v -0.058200 0.005875 -0.013623
v -0.058200 0.005051 -0.010549
v -0.058200 0.004750 -0.011674
v -0.058200 0.005051 -0.012799
v -0.058200 0.000850 -0.015022
v -0.058200 0.001472 -0.014400
v -0.058200 0.001700 -0.013550
v -0.058200 0.001472 -0.012700
v -0.058200 0.000850 -0.012078
v -0.058200 0.000000 -0.011850
v -0.058200 -0.000850 -0.012078
v -0.058200 -0.001472 -0.012700
v -0.058200 -0.001700 -0.013550
v -0.058200 0.000000 0.012750
v -0.058200 0.000850 0.012978
v -0.058200 0.001472 0.013600
v -0.058200 0.001700 0.014450
v -0.058200 -0.000850 0.012978
v -0.058200 -0.001010 0.017921
v -0.058200 -0.000850 0.015922
v -0.058200 -0.001472 0.015300
v -0.058200 -0.001700 0.014450
v -0.058200 -0.001472 0.013600
v -0.043168 -0.005366 -0.022900
v -0.042058 -0.011107 -0.022900
v -0.040189 -0.016647 -0.022900
v -0.037593 -0.021886 -0.022900
v -0.034319 -0.026730 -0.022900
v -0.047971 -0.002864 -0.022900
v -0.046292 -0.004128 -0.022900
v -0.044222 -0.004491 -0.022900
v -0.052082 -0.002500 -0.022900
v -0.048743 -0.002500 -0.022900
v -0.042448 -0.032069 -0.022900
v -0.046635 -0.025600 -0.022900
v -0.049845 -0.018594 -0.022900
v -0.052008 -0.011198 -0.022900
v -0.053080 -0.003567 -0.022900
v -0.036966 -0.032466 -0.022900
v -0.041650 -0.032466 -0.022900
v -0.034445 -0.028094 -0.022900
v -0.035568 -0.029616 -0.022900
v -0.035966 -0.031466 -0.022900
v -0.048316 -0.002595 -0.022900
v -0.042096 -0.032361 -0.022900
v -0.052813 -0.002817 -0.022900
v -0.052481 -0.002583 -0.022900
v -0.053024 -0.003164 -0.022900
v -0.043350 -0.004903 -0.022900
v -0.043733 -0.004585 -0.022900
v -0.036100 -0.031966 -0.022900
v -0.036466 -0.032332 -0.022900
v -0.034120 -0.027186 -0.022900
v -0.034166 -0.027682 -0.022900
v -0.044222 0.004491 -0.022900
v -0.045770 0.004317 -0.022900
v -0.047165 0.003626 -0.022900
v -0.048242 0.002500 -0.022900
v -0.034319 0.026730 -0.022900
v -0.037593 0.021886 -0.022900
v -0.040189 0.016647 -0.022900
v -0.042058 0.011107 -0.022900
v -0.043168 0.005366 -0.022900
v -0.035966 0.031466 -0.022900
v -0.035568 0.029616 -0.022900
v -0.034445 0.028094 -0.022900
v -0.036966 0.032466 -0.022900
v -0.041650 0.032466 -0.022900
v -0.053080 0.003567 -0.022900
v -0.052008 0.011198 -0.022900
v -0.049845 0.018594 -0.022900
v -0.046635 0.025600 -0.022900
v -0.042448 0.032069 -0.022900
v -0.052082 0.002500 -0.022900
v -0.042096 0.032361 -0.022900
v -0.036100 0.031966 -0.022900
v -0.036466 0.032332 -0.022900
v -0.034166 0.027682 -0.022900
v -0.052481 0.002583 -0.022900
v -0.052813 0.002817 -0.022900
v -0.053024 0.003164 -0.022900
v -0.034120 0.027186 -0.022900
v -0.043350 0.004903 -0.022900
v -0.043733 0.004585 -0.022900
v -0.056151 0.005845 -0.022662
v -0.056310 0.003793 -0.022993
v -0.056405 0.001588 -0.023181
v -0.055486 0.010731 0.022010
v -0.055559 0.010315 0.022193
v -0.055799 0.008794 0.022775
v -0.056011 0.007169 0.023259
v -0.056188 0.005433 0.023642
v -0.056424 -0.000340 0.024119
v -0.056403 0.001657 0.024078
v -0.056322 0.003591 0.023917
v -0.056416 -0.001062 0.024103
v -0.055551 -0.010360 -0.021274
v -0.055788 -0.008866 -0.021850
v -0.055999 -0.007268 -0.022333
v -0.056177 -0.005562 -0.022717
v -0.056313 -0.003749 -0.022998
v -0.056398 -0.001845 -0.023167
v -0.056421 -0.000715 -0.023213
v -0.055631 0.009886 -0.021471
v -0.055695 0.009483 -0.021628
v -0.055942 0.007734 -0.022205
v -0.055019 -0.019003 -0.006139
v -0.055095 -0.018679 -0.007139
v -0.055181 -0.018305 -0.008127
v -0.055244 -0.018026 -0.008781
v -0.055346 -0.017562 -0.009748
v -0.055455 -0.017048 -0.010688
v -0.055570 -0.016483 -0.011600
v -0.055692 -0.015862 -0.012487
v -0.055818 -0.015181 -0.013348
v -0.055946 -0.014451 -0.014167
v -0.056082 -0.013622 -0.014988
v -0.056219 -0.012724 -0.015768
v -0.056355 -0.011750 -0.016507
v -0.056489 -0.010690 -0.017201
v -0.056599 -0.009712 -0.017755
v -0.056730 -0.008382 -0.018390
v -0.056849 -0.006929 -0.018949
v -0.056951 -0.005342 -0.019418
v -0.057030 -0.003622 -0.019776
v -0.057080 -0.001790 -0.020001
v -0.057094 -0.000694 -0.020062
v -0.057084 0.001541 -0.020020
v -0.057028 0.003664 -0.019770
v -0.056935 0.005607 -0.019350
v -0.056816 0.007356 -0.018799
v -0.056643 0.009293 -0.017969
v -0.056678 0.008935 -0.018141
v -0.056509 0.010522 -0.017302
v -0.056370 0.011641 -0.016584
v -0.056085 0.013608 -0.015002
v -0.056228 0.012664 -0.015817
v -0.056032 0.013938 -0.014688
v -0.055897 0.014738 -0.013857
v -0.055765 0.015473 -0.012992
v -0.055637 0.016147 -0.012093
v -0.055416 0.017233 -0.010362
v -0.055513 0.016766 -0.011157
v -0.055309 0.017731 -0.009409
v -0.055210 0.018177 -0.008434
v -0.055120 0.018574 -0.007433
v -0.055038 0.018922 -0.006405
v -0.054987 0.019138 -0.005666
v -0.054952 0.019281 -0.005116
v -0.054897 0.019509 -0.004088
v -0.054852 0.019689 -0.003051
v -0.054819 0.019823 -0.002002
v -0.054797 0.019910 -0.000939
v -0.054788 0.019946 0.000012
v -0.054789 0.019942 0.001062
v -0.054801 0.019892 0.002111
v -0.054826 0.019794 0.003161
v -0.054862 0.019648 0.004212
v -0.054881 0.019572 0.004656
v -0.054933 0.019359 0.005690
v -0.054996 0.019099 0.006708
v -0.055069 0.018791 0.007712
v -0.055152 0.018434 0.008701
v -0.055244 0.018027 0.009678
v -0.055306 0.017745 0.010281
v -0.055413 0.017247 0.011238
v -0.055527 0.016699 0.012164
v -0.055646 0.016098 0.013062
v -0.055771 0.015440 0.013933
v -0.055900 0.014720 0.014777
v -0.056022 0.013998 0.015529
v -0.056160 0.013125 0.016333
v -0.055242 0.012017 0.021368
v -0.054985 0.013225 0.020650
v -0.054720 0.014357 0.019859
v -0.054450 0.015418 0.018996
v -0.054207 0.016307 0.018166
v -0.053946 0.017203 0.017212
v -0.053692 0.018030 0.016205
v -0.053446 0.018791 0.015147
v -0.053209 0.019490 0.014037
v -0.052985 0.020128 0.012875
v -0.052853 0.020491 0.012135
v -0.052658 0.021016 0.010927
v -0.052482 0.021477 0.009691
v -0.052326 0.021876 0.008430
v -0.052192 0.022213 0.007142
v -0.052079 0.022489 0.005829
v -0.052039 0.022589 0.005263
v -0.051961 0.022778 0.003922
v -0.051908 0.022905 0.002579
v -0.051880 0.022970 0.001234
v -0.051878 0.022975 -0.000111
v -0.051898 0.022928 -0.001330
v -0.051945 0.022815 -0.002690
v -0.052017 0.022642 -0.004030
v -0.052113 0.022407 -0.005352
v -0.052232 0.022112 -0.006655
v -0.052306 0.021926 -0.007351
v -0.052416 0.021647 -0.008282
v -0.052590 0.021196 -0.009568
v -0.052782 0.020684 -0.010810
v -0.052991 0.020110 -0.012010
v -0.053215 0.019472 -0.013167
v -0.053417 0.018876 -0.014119
v -0.053672 0.018092 -0.015224
v -0.053934 0.017244 -0.016264
v -0.054200 0.016329 -0.017243
v -0.054469 0.015344 -0.018161
v -0.054574 0.014942 -0.018499
v -0.054853 0.013803 -0.019362
v -0.055124 0.012589 -0.020143
v -0.055384 0.011287 -0.020847
v -0.056297 0.012179 0.017094
v -0.056432 0.011152 0.017812
v -0.056564 0.010038 0.018479
v -0.056603 0.009673 0.018675
v -0.056736 0.008318 0.019318
v -0.056855 0.006837 0.019880
v -0.056957 0.005220 0.020348
v -0.057035 0.003471 0.020701
v -0.057083 0.001608 0.020915
v -0.057096 -0.000331 0.020971
v -0.057091 -0.001031 0.020949
v -0.056961 -0.005141 0.020368
v -0.057045 -0.003177 0.020746
v -0.056850 -0.006908 0.019857
v -0.056577 -0.009922 0.018542
v -0.056720 -0.008491 0.019243
v -0.056536 -0.010281 0.018342
v -0.056399 -0.011412 0.017640
v -0.056260 -0.012445 0.016891
v -0.056118 -0.013393 0.016097
v -0.055977 -0.014269 0.015257
v -0.055934 -0.014522 0.014992
v -0.055802 -0.015272 0.014139
v -0.055673 -0.015959 0.013256
v -0.055431 -0.017163 0.011387
v -0.055549 -0.016587 0.012339
v -0.055393 -0.017345 0.011060
v -0.055287 -0.017830 0.010104
v -0.055191 -0.018264 0.009126
v -0.055102 -0.018648 0.008126
v -0.055023 -0.018985 0.007099
v -0.054988 -0.019133 0.006582
v -0.054926 -0.019388 0.005560
v -0.054875 -0.019595 0.004527
v -0.054836 -0.019755 0.003481
v -0.054807 -0.019868 0.002420
v -0.054793 -0.019926 0.001527
v -0.054787 -0.019950 0.000478
v -0.054792 -0.019928 -0.000573
v -0.054810 -0.019859 -0.001626
v -0.054839 -0.019742 -0.002681
v -0.054852 -0.019687 -0.003062
v -0.054897 -0.019506 -0.004101
v -0.054953 -0.019278 -0.005127
v -0.055347 -0.011480 -0.020750
v -0.055096 -0.012718 -0.020066
v -0.054836 -0.013875 -0.019311
v -0.054569 -0.014959 -0.018485
v -0.054299 -0.015974 -0.017589
v -0.054042 -0.016880 -0.016670
v -0.053785 -0.017732 -0.015682
v -0.053536 -0.018516 -0.014645
v -0.053296 -0.019236 -0.013558
v -0.053069 -0.019893 -0.012423
v -0.052854 -0.020489 -0.011239
v -0.052721 -0.020849 -0.010432
v -0.052538 -0.021332 -0.009201
v -0.052375 -0.021752 -0.007947
v -0.052234 -0.022108 -0.006669
v -0.052114 -0.022404 -0.005368
v -0.052018 -0.022639 -0.004045
v -0.051989 -0.022710 -0.003559
v -0.051926 -0.022862 -0.002209
v -0.051888 -0.022952 -0.000861
v -0.051876 -0.022981 0.000485
v -0.051889 -0.022949 0.001830
v -0.051921 -0.022874 0.002974
v -0.051982 -0.022727 0.004330
v -0.052067 -0.022519 0.005665
v -0.052176 -0.022251 0.006978
v -0.052308 -0.021921 0.008271
v -0.052384 -0.021728 0.008922
v -0.052553 -0.021293 0.010210
v -0.052740 -0.020797 0.011454
v -0.052945 -0.020238 0.012658
v -0.053166 -0.019615 0.013822
v -0.053246 -0.019383 0.014217
v -0.053492 -0.018649 0.015355
v -0.053747 -0.017854 0.016430
v -0.054009 -0.016993 0.017447
v -0.054275 -0.016062 0.018405
v -0.054361 -0.015750 0.018698
v -0.054640 -0.014681 0.019609
v -0.054913 -0.013542 0.020441
v -0.055180 -0.012321 0.021198
v -0.055436 -0.011010 0.021880
v -0.055509 -0.010599 0.022069
v -0.055771 -0.008987 0.022709
v -0.056002 -0.007246 0.023239
v -0.056196 -0.005349 0.023657
v -0.056339 -0.003284 0.023951
v 0.049000 0.000000 0.013100
v 0.048213 0.008749 0.007100
v 0.048213 0.008749 0.013100
v 0.045875 0.017217 0.007100
v 0.045875 0.017217 0.013100
v 0.042064 0.025132 0.007100
v 0.042064 0.025132 0.013100
v 0.036900 0.032239 0.007100
v 0.036900 0.032239 0.013100
v 0.030551 0.038310 0.007100
v 0.030551 0.038310 0.013100
v 0.023220 0.043149 0.007100
v 0.023220 0.043149 0.013100
v 0.015142 0.046602 0.007100
v 0.015142 0.046602 0.013100
v 0.006577 0.048556 0.007100
v 0.006577 0.048556 0.013100
v -0.002198 0.048951 0.007100
v -0.002198 0.048951 0.013100
v -0.010903 0.047771 0.007100
v -0.010903 0.047771 0.013100
v -0.019258 0.045057 0.007100
v -0.019258 0.045057 0.013100
v -0.026994 0.040894 0.007100
v -0.026994 0.040894 0.013100
v -0.033862 0.035417 0.007100
v -0.033862 0.035417 0.013100
v -0.039642 0.028801 0.007100
v -0.039642 0.028801 0.013100
v -0.044147 0.021260 0.007100
v -0.044147 0.021260 0.013100
v -0.047234 0.013036 0.007100
v -0.047234 0.013036 0.013100
v -0.048803 0.004392 0.007100
v -0.048803 0.004392 0.013100
v -0.048803 -0.004392 0.007100
v -0.048803 -0.004392 0.013100
v -0.047234 -0.013036 0.007100
v -0.047234 -0.013036 0.013100
v -0.044147 -0.021260 0.007100
v -0.044147 -0.021260 0.013100
v -0.039642 -0.028801 0.007100
v -0.039642 -0.028801 0.013100
v -0.033862 -0.035417 0.007100
v -0.033862 -0.035417 0.013100
v -0.026994 -0.040894 0.007100
v -0.026994 -0.040894 0.013100
v -0.019258 -0.045057 0.007100
v -0.019258 -0.045057 0.013100
v -0.010903 -0.047771 0.007100
v -0.010903 -0.047771 0.013100
v -0.002198 -0.048951 0.007100
v -0.002198 -0.048951 0.013100
v 0.006577 -0.048556 0.007100
v 0.006577 -0.048556 0.013100
v 0.015142 -0.046602 0.007100
v 0.015142 -0.046602 0.013100
v 0.023220 -0.043149 0.007100
v 0.023220 -0.043149 0.013100
v 0.030551 -0.038310 0.007100
v 0.030551 -0.038310 0.013100
v 0.036900 -0.032239 0.007100
v 0.036900 -0.032239 0.013100
v 0.042064 -0.025132 0.007100
v 0.042064 -0.025132 0.013100
v 0.045875 -0.017217 0.007100
v 0.045875 -0.017217 0.013100
v 0.048213 -0.008749 0.007100
v 0.048213 -0.008749 0.013100
v 0.049000 0.000000 0.007100
v 0.049000 0.000000 0.003100
v 0.048213 0.008749 -0.002900
v 0.048213 0.008749 0.003100
v 0.045875 0.017217 -0.002900
v 0.045875 0.017217 0.003100
v 0.042064 0.025132 -0.002900
v 0.042064 0.025132 0.003100
v 0.036900 0.032239 -0.002900
v 0.036900 0.032239 0.003100
v 0.030551 0.038310 -0.002900
v 0.030551 0.038310 0.003100
v 0.023220 0.043149 -0.002900
v 0.023220 0.043149 0.003100
v 0.015142 0.046602 -0.002900
v 0.015142 0.046602 0.003100
v 0.006577 0.048556 -0.002900
v 0.006577 0.048556 0.003100
v -0.002198 0.048951 -0.002900
v -0.002198 0.048951 0.003100
v -0.010903 0.047771 -0.002900
v -0.010903 0.047771 0.003100
v -0.019258 0.045057 -0.002900
v -0.019258 0.045057 0.003100
v -0.026994 0.040894 -0.002900
v -0.026994 0.040894 0.003100
v -0.033862 0.035417 -0.002900
v -0.033862 0.035417 0.003100
v -0.039642 0.028801 -0.002900
v -0.039642 0.028801 0.003100
v -0.044147 0.021260 -0.002900
v -0.044147 0.021260 0.003100
v -0.047234 0.013036 -0.002900
v -0.047234 0.013036 0.003100
v -0.048803 0.004392 -0.002900
v -0.048803 0.004392 0.003100
v -0.048803 -0.004392 -0.002900
v -0.048803 -0.004392 0.003100
v -0.047234 -0.013036 -0.002900
v -0.047234 -0.013036 0.003100
v -0.044147 -0.021260 -0.002900
v -0.044147 -0.021260 0.003100
v -0.039642 -0.028801 -0.002900
v -0.039642 -0.028801 0.003100
v -0.033862 -0.035417 -0.002900
v -0.033862 -0.035417 0.003100
v -0.026994 -0.040894 -0.002900
v -0.026994 -0.040894 0.003100
v -0.019258 -0.045057 -0.002900
v -0.019258 -0.045057 0.003100
v -0.010903 -0.047771 -0.002900
v -0.010903 -0.047771 0.003100
v -0.002198 -0.048951 -0.002900
v -0.002198 -0.048951 0.003100
v 0.006577 -0.048556 -0.002900
v 0.006577 -0.048556 0.003100
v 0.015142 -0.046602 -0.002900
v 0.015142 -0.046602 0.003100
v 0.023220 -0.043149 -0.002900
v 0.023220 -0.043149 0.003100
v 0.030551 -0.038310 -0.002900
v 0.030551 -0.038310 0.003100
v 0.036900 -0.032239 -0.002900
v 0.036900 -0.032239 0.003100
v 0.042064 -0.025132 -0.002900
v 0.042064 -0.025132 0.003100
v 0.045875 -0.017217 -0.002900
v 0.045875 -0.017217 0.003100
v 0.048213 -0.008749 -0.002900
v 0.048213 -0.008749 0.003100
v 0.049000 0.000000 -0.002900
v 0.049000 0.000000 -0.006900
v 0.048213 0.008749 -0.012900
v 0.048213 0.008749 -0.006900
v 0.045875 0.017217 -0.012900
v 0.045875 0.017217 -0.006900
v 0.042064 0.025132 -0.012900
v 0.042064 0.025132 -0.006900
v 0.036900 0.032239 -0.012900
v 0.036900 0.032239 -0.006900
v 0.030551 0.038310 -0.012900
v 0.030551 0.038310 -0.006900
v 0.023220 0.043149 -0.012900
v 0.023220 0.043149 -0.006900
v 0.015142 0.046602 -0.012900
v 0.015142 0.046602 -0.006900
v 0.006577 0.048556 -0.012900
v 0.006577 0.048556 -0.006900
v -0.002198 0.048951 -0.012900
v -0.002198 0.048951 -0.006900
v -0.010903 0.047771 -0.012900
v -0.010903 0.047771 -0.006900
v -0.019258 0.045057 -0.012900
v -0.019258 0.045057 -0.006900
v -0.026994 0.040894 -0.012900
v -0.026994 0.040894 -0.006900
v -0.033862 0.035417 -0.012900
v -0.033862 0.035417 -0.006900
v -0.039642 0.028801 -0.012900
v -0.039642 0.028801 -0.006900
v -0.044147 0.021260 -0.012900
v -0.044147 0.021260 -0.006900
v -0.047234 0.013036 -0.012900
v -0.047234 0.013036 -0.006900
v -0.048803 0.004392 -0.012900
v -0.048803 0.004392 -0.006900
v -0.048803 -0.004392 -0.012900
v -0.048803 -0.004392 -0.006900
v -0.047234 -0.013036 -0.012900
v -0.047234 -0.013036 -0.006900
v -0.044147 -0.021260 -0.012900
v -0.044147 -0.021260 -0.006900
v -0.039642 -0.028801 -0.012900
v -0.039642 -0.028801 -0.006900
v -0.033862 -0.035417 -0.012900
v -0.033862 -0.035417 -0.006900
v -0.026994 -0.040894 -0.012900
v -0.026994 -0.040894 -0.006900
v -0.019258 -0.045057 -0.012900
v -0.019258 -0.045057 -0.006900
v -0.010903 -0.047771 -0.012900
v -0.010903 -0.047771 -0.006900
v -0.002198 -0.048951 -0.012900
v -0.002198 -0.048951 -0.006900
v 0.006577 -0.048556 -0.012900
v 0.006577 -0.048556 -0.006900
v 0.015142 -0.046602 -0.012900
v 0.015142 -0.046602 -0.006900
v 0.023220 -0.043149 -0.012900
v 0.023220 -0.043149 -0.006900
v 0.030551 -0.038310 -0.012900
v 0.030551 -0.038310 -0.006900
v 0.036900 -0.032239 -0.012900
v 0.036900 -0.032239 -0.006900
v 0.042064 -0.025132 -0.012900
v 0.042064 -0.025132 -0.006900
v 0.045875 -0.017217 -0.012900
v 0.045875 -0.017217 -0.006900
v 0.048213 -0.008749 -0.012900
v 0.048213 -0.008749 -0.006900
v 0.049000 0.000000 -0.012900
v -0.048803 -0.004392 -0.016900
v -0.047234 -0.013036 -0.020900
v -0.047234 -0.013036 -0.016900
v -0.044147 -0.021260 -0.020900
v -0.044147 -0.021260 -0.016900
v -0.039642 -0.028801 -0.020900
v -0.039642 -0.028801 -0.016900
v -0.033862 -0.035417 -0.020900
v -0.033862 -0.035417 -0.016900
v -0.026994 -0.040894 -0.020900
v -0.026994 -0.040894 -0.016900
v -0.019258 -0.045057 -0.020900
v -0.019258 -0.045057 -0.016900
v -0.010903 -0.047771 -0.020900
v -0.010903 -0.047771 -0.016900
v -0.002198 -0.048951 -0.020900
v -0.002198 -0.048951 -0.016900
v 0.006577 -0.048556 -0.020900
v 0.006577 -0.048556 -0.016900
v 0.015142 -0.046602 -0.020900
v 0.015142 -0.046602 -0.016900
v 0.015754 -0.046398 -0.020900
v 0.023220 -0.043149 -0.016900
v 0.023220 -0.043149 -0.020900
v 0.030551 -0.038310 -0.020900
v 0.030551 -0.038310 -0.016900
v 0.036900 -0.032239 -0.020900
v 0.036900 -0.032239 -0.016900
v 0.042064 -0.025132 -0.020900
v 0.042064 -0.025132 -0.016900
v 0.045875 -0.017217 -0.020900
v 0.045875 -0.017217 -0.016900
v 0.048213 -0.008749 -0.020900
v 0.048213 -0.008749 -0.016900
v 0.049000 0.000000 -0.020900
v 0.049000 0.000000 -0.016900
v 0.048213 0.008749 -0.020900
v 0.048213 0.008749 -0.016900
v 0.045875 0.017217 -0.020900
v 0.045875 0.017217 -0.016900
v 0.042064 0.025132 -0.020900
v 0.042064 0.025132 -0.016900
v 0.036900 0.032239 -0.020900
v 0.036900 0.032239 -0.016900
v 0.030551 0.038310 -0.020900
v 0.030551 0.038310 -0.016900
v 0.023220 0.043149 -0.020900
v 0.023220 0.043149 -0.016900
v 0.015142 0.046602 -0.020900
v 0.015142 0.046602 -0.016900
v 0.006577 0.048556 -0.020900
v 0.006577 0.048556 -0.016900
v -0.002198 0.048951 -0.020900
v -0.002198 0.048951 -0.016900
v -0.010903 0.047771 -0.020900
v -0.010903 0.047771 -0.016900
v -0.019258 0.045057 -0.020900
v -0.019258 0.045057 -0.016900
v -0.026994 0.040894 -0.020900
v -0.026994 0.040894 -0.016900
v -0.033862 0.035417 -0.020900
v -0.033862 0.035417 -0.016900
v -0.039642 0.028801 -0.020900
v -0.039642 0.028801 -0.016900
v -0.044147 0.021260 -0.020900
v -0.044147 0.021260 -0.016900
v -0.047234 0.013036 -0.020900
v -0.047234 0.013036 -0.016900
v -0.048803 0.004392 -0.020900
v -0.048803 0.004392 -0.016900
v -0.049000 0.000000 -0.020900
v -0.048803 -0.004392 -0.020900
v 0.036559 -0.016231 -0.020900
v 0.036955 -0.015307 -0.020900
v 0.041500 -0.015733 -0.020900
v -0.015733 -0.041500 -0.020900
v -0.015307 -0.036955 -0.020900
v -0.036767 -0.015754 -0.020900
v -0.036559 -0.016231 -0.020900
v -0.046000 0.000000 -0.020900
v -0.039231 0.007804 -0.020900
v -0.040000 0.000000 -0.020900
v -0.043000 0.000000 -0.020900
v -0.043201 -0.000750 -0.020900
v -0.039231 -0.007804 -0.020900
v -0.043750 -0.001299 -0.020900
v -0.036955 -0.015307 -0.020900
v -0.044500 -0.001500 -0.020900
v -0.045799 0.000750 -0.020900
v -0.045250 0.001299 -0.020900
v -0.043201 0.000750 -0.020900
v -0.043750 0.001299 -0.020900
v -0.036955 0.015307 -0.020900
v -0.044500 0.001500 -0.020900
v -0.045799 -0.000750 -0.020900
v -0.045250 -0.001299 -0.020900
v -0.033259 -0.022223 -0.020900
v -0.028284 -0.028284 -0.020900
v -0.030716 -0.030167 -0.020900
v -0.030716 -0.032765 -0.020900
v -0.030167 -0.032216 -0.020900
v -0.022223 -0.033259 -0.020900
v -0.029966 -0.031466 -0.020900
v -0.030167 -0.030716 -0.020900
v -0.031466 -0.029966 -0.020900
v -0.032216 -0.030167 -0.020900
v -0.032216 -0.032765 -0.020900
v -0.031466 -0.032966 -0.020900
v -0.032765 -0.030716 -0.020900
v -0.032966 -0.031466 -0.020900
v -0.032765 -0.032216 -0.020900
v 0.001500 -0.044500 -0.020900
v 0.001299 -0.043750 -0.020900
v 0.015733 -0.041500 -0.020900
v 0.000000 -0.046000 -0.020900
v 0.000750 -0.043201 -0.020900
v 0.000000 -0.043000 -0.020900
v -0.000750 -0.043201 -0.020900
v -0.001299 -0.043750 -0.020900
v -0.001500 -0.044500 -0.020900
v -0.001299 -0.045250 -0.020900
v -0.000750 -0.045799 -0.020900
v 0.015307 -0.036955 -0.020900
v 0.016231 -0.036559 -0.020900
v 0.032765 -0.030716 -0.020900
v 0.032216 -0.030167 -0.020900
v 0.022223 -0.033259 -0.020900
v 0.028284 -0.028284 -0.020900
v 0.030167 -0.030716 -0.020900
v 0.030716 -0.032765 -0.020900
v 0.031466 -0.032966 -0.020900
v 0.032216 -0.032765 -0.020900
v 0.032765 -0.032216 -0.020900
v 0.032966 -0.031466 -0.020900
v 0.033259 -0.022223 -0.020900
v 0.031466 -0.029966 -0.020900
v 0.030716 -0.030167 -0.020900
v 0.029966 -0.031466 -0.020900
v 0.030167 -0.032216 -0.020900
v 0.000750 -0.045799 -0.020900
v 0.001299 -0.045250 -0.020900
v 0.046000 0.000000 -0.020900
v 0.045799 0.000750 -0.020900
v 0.045250 0.001299 -0.020900
v 0.043750 -0.001299 -0.020900
v 0.044500 -0.001500 -0.020900
v 0.045250 -0.001299 -0.020900
v 0.045799 -0.000750 -0.020900
v 0.044500 0.001500 -0.020900
v 0.043750 0.001299 -0.020900
v 0.041500 0.015733 -0.020900
v 0.043201 0.000750 -0.020900
v 0.043000 0.000000 -0.020900
v 0.043201 -0.000750 -0.020900
v 0.036955 0.015307 -0.020900
v 0.036559 0.016231 -0.020900
v 0.033259 0.022223 -0.020900
v 0.028284 0.028284 -0.020900
v 0.030716 0.030167 -0.020900
v 0.032765 0.032216 -0.020900
v 0.032216 0.032765 -0.020900
v 0.031466 0.032966 -0.020900
v 0.030716 0.032765 -0.020900
v 0.031466 0.029966 -0.020900
v 0.032216 0.030167 -0.020900
v 0.032765 0.030716 -0.020900
v 0.032966 0.031466 -0.020900
v 0.016231 0.036559 -0.020900
v 0.030167 0.032216 -0.020900
v 0.022223 0.033259 -0.020900
v 0.029966 0.031466 -0.020900
v 0.030167 0.030716 -0.020900
v 0.001299 0.045250 -0.020900
v 0.000750 0.045799 -0.020900
v 0.001299 0.043750 -0.020900
v 0.015307 0.036955 -0.020900
v 0.007804 0.039231 -0.020900
v 0.001500 0.044500 -0.020900
v 0.015754 0.036767 -0.020900
v 0.000000 0.046000 -0.020900
v -0.000750 0.045799 -0.020900
v -0.001299 0.045250 -0.020900
v -0.001500 0.044500 -0.020900
v -0.015307 0.036955 -0.020900
v -0.001299 0.043750 -0.020900
v -0.007804 0.039231 -0.020900
v -0.000750 0.043201 -0.020900
v 0.000000 0.040000 -0.020900
v 0.000000 0.043000 -0.020900
v 0.000750 0.043201 -0.020900
v -0.022223 0.033259 -0.020900
v -0.028284 0.028284 -0.020900
v -0.030167 0.030716 -0.020900
v -0.030716 0.032765 -0.020900
v -0.031466 0.032966 -0.020900
v -0.029966 0.031466 -0.020900
v -0.030167 0.032216 -0.020900
v -0.016231 0.036559 -0.020900
v -0.015754 0.036767 -0.020900
v -0.036559 0.016231 -0.020900
v -0.032216 0.030167 -0.020900
v -0.033259 0.022223 -0.020900
v -0.031466 0.029966 -0.020900
v -0.030716 0.030167 -0.020900
v -0.032216 0.032765 -0.020900
v -0.032765 0.032216 -0.020900
v -0.032966 0.031466 -0.020900
v -0.032765 0.030716 -0.020900
v -0.036767 0.015754 -0.020900
v 0.039231 -0.007804 -0.020900
v 0.040000 0.000000 -0.020900
v 0.039231 0.007804 -0.020900
v -0.007804 -0.039231 -0.020900
v 0.000000 -0.040000 -0.020900
v 0.007804 -0.039231 -0.020900
v 0.033259 -0.022223 -0.022900
v 0.028284 -0.028284 -0.022900
v 0.022223 -0.033259 -0.022900
v 0.015307 -0.036955 -0.022900
v 0.007804 -0.039231 -0.022900
v 0.000000 -0.040000 -0.022900
v -0.007804 -0.039231 -0.022900
v -0.015307 -0.036955 -0.022900
v -0.022223 -0.033259 -0.022900
v -0.028284 -0.028284 -0.022900
v -0.033259 -0.022223 -0.022900
v -0.036955 -0.015307 -0.022900
v -0.039231 -0.007804 -0.022900
v -0.040000 0.000000 -0.022900
v -0.039231 0.007804 -0.022900
v -0.036955 0.015307 -0.022900
v -0.033259 0.022223 -0.022900
v -0.028284 0.028284 -0.022900
v -0.022223 0.033259 -0.022900
v -0.015307 0.036955 -0.022900
v -0.007804 0.039231 -0.022900
v 0.000000 0.040000 -0.022900
v 0.007804 0.039231 -0.022900
v 0.015307 0.036955 -0.022900
v 0.022223 0.033259 -0.022900
v 0.028284 0.028284 -0.022900
v 0.033259 0.022223 -0.022900
v 0.036955 0.015307 -0.022900
v 0.039231 0.007804 -0.022900
v 0.040000 0.000000 -0.022900
v 0.039231 -0.007804 -0.022900
v 0.036955 -0.015307 -0.022900
v -0.003894 -0.017061 -0.027900
v -0.013394 -0.032336 -0.027900
v -0.008750 -0.015155 -0.027900
v -0.019445 -0.029101 -0.027900
v -0.012828 -0.011903 -0.027900
v 0.006393 -0.016290 -0.027900
v 0.006828 -0.034327 -0.027900
v 0.001308 -0.017451 -0.027900
v 0.000000 -0.035000 -0.027900
v -0.006828 -0.034327 -0.027900
v 0.014459 -0.009858 -0.027900
v 0.024749 -0.024749 -0.027900
v 0.010911 -0.013682 -0.027900
v 0.019445 -0.029101 -0.027900
v 0.013394 -0.032336 -0.027900
v 0.017500 0.000000 -0.027900
v 0.034327 -0.006828 -0.027900
v 0.016723 -0.005158 -0.027900
v 0.032336 -0.013394 -0.027900
v 0.029101 -0.019445 -0.027900
v -0.015767 0.007593 -0.027900
v -0.029101 0.019445 -0.027900
v -0.012828 0.011903 -0.027900
v -0.024749 0.024749 -0.027900
v -0.008750 0.015155 -0.027900
v 0.016723 0.005158 -0.027900
v 0.034327 0.006828 -0.027900
v 0.035000 0.000000 -0.027900
v 0.001308 0.017451 -0.027900
v 0.006828 0.034327 -0.027900
v 0.006393 0.016290 -0.027900
v 0.013394 0.032336 -0.027900
v 0.010911 0.013682 -0.027900
v -0.019445 0.029101 -0.027900
v -0.013394 0.032336 -0.027900
v -0.003894 0.017061 -0.027900
v -0.006828 0.034327 -0.027900
v 0.000000 0.035000 -0.027900
v -0.024749 -0.024749 -0.027900
v -0.029101 -0.019445 -0.027900
v -0.015767 -0.007593 -0.027900
v -0.032336 -0.013394 -0.027900
v -0.017305 -0.002608 -0.027900
v -0.034327 -0.006828 -0.027900
v -0.017500 0.000000 -0.027900
v -0.035000 0.000000 -0.027900
v -0.017305 0.002608 -0.027900
v -0.034327 0.006828 -0.027900
v -0.032336 0.013394 -0.027900
v 0.019445 0.029101 -0.027900
v 0.024749 0.024749 -0.027900
v 0.014459 0.009858 -0.027900
v 0.029101 0.019445 -0.027900
v 0.032336 0.013394 -0.027900
v -0.008750 -0.015155 -0.028900
v -0.004726 -0.016850 -0.028900
v -0.012828 -0.011903 -0.028900
v -0.015767 -0.007593 -0.028900
v -0.017305 -0.002608 -0.028900
v -0.017500 0.000000 -0.028900
v -0.017305 0.002608 -0.028900
v -0.003894 -0.017061 -0.028900
v 0.001308 -0.017451 -0.028900
v 0.006393 -0.016290 -0.028900
v 0.010911 -0.013682 -0.028900
v 0.014459 -0.009858 -0.028900
v 0.016723 -0.005158 -0.028900
v 0.017500 0.000000 -0.028900
v 0.016723 0.005158 -0.028900
v 0.014459 0.009858 -0.028900
v 0.010911 0.013682 -0.028900
v 0.006393 0.016290 -0.028900
v 0.001308 0.017451 -0.028900
v -0.003894 0.017061 -0.028900
v -0.008750 0.015155 -0.028900
v -0.012828 0.011903 -0.028900
v -0.015767 0.007593 -0.028900
v 0.015812 0.000000 -0.028900
v 0.011124 -0.008732 -0.028900
v 0.012124 -0.009000 -0.028900
v 0.003500 -0.016750 -0.028900
v -0.007562 -0.010500 -0.028900
v -0.012124 -0.009000 -0.028900
v -0.011124 -0.008732 -0.028900
v -0.010392 -0.006000 -0.028900
v -0.007562 0.000000 -0.028900
v -0.010124 -0.007000 -0.028900
v -0.010392 -0.008000 -0.028900
v -0.013856 -0.008000 -0.028900
v -0.013124 -0.008732 -0.028900
v -0.011124 -0.005268 -0.028900
v -0.012124 -0.005000 -0.028900
v -0.013124 -0.005268 -0.028900
v -0.013856 -0.006000 -0.028900
v -0.014124 -0.007000 -0.028900
v 0.010124 -0.007000 -0.028900
v 0.010392 -0.008000 -0.028900
v 0.007562 -0.010500 -0.028900
v 0.011124 -0.005268 -0.028900
v 0.010392 -0.006000 -0.028900
v 0.007562 0.000000 -0.028900
v 0.013856 -0.006000 -0.028900
v 0.013124 -0.005268 -0.028900
v 0.013124 -0.008732 -0.028900
v 0.013856 -0.008000 -0.028900
v 0.014124 -0.007000 -0.028900
v 0.012124 -0.005000 -0.028900
v 0.010124 0.007000 -0.028900
v 0.010392 0.006000 -0.028900
v 0.014124 0.007000 -0.028900
v 0.011124 0.005268 -0.028900
v 0.012124 0.005000 -0.028900
v 0.013124 0.005268 -0.028900
v 0.013856 0.006000 -0.028900
v 0.012124 0.009000 -0.028900
v 0.013124 0.008732 -0.028900
v 0.013856 0.008000 -0.028900
v 0.011124 0.008732 -0.028900
v 0.010392 0.008000 -0.028900
v 0.007562 0.010500 -0.028900
v -0.001732 0.015000 -0.028900
v -0.002000 0.014000 -0.028900
v 0.001000 0.012268 -0.028900
v 0.003500 0.010500 -0.028900
v 0.000000 0.012000 -0.028900
v -0.003500 0.010500 -0.028900
v -0.001000 0.012268 -0.028900
v -0.001732 0.013000 -0.028900
v 0.001732 0.013000 -0.028900
v 0.000000 0.016000 -0.028900
v -0.001000 0.015732 -0.028900
v 0.002000 0.014000 -0.028900
v 0.001732 0.015000 -0.028900
v 0.001000 0.015732 -0.028900
v -0.007562 0.010500 -0.028900
v -0.011124 0.005268 -0.028900
v -0.010392 0.006000 -0.028900
v -0.010124 0.007000 -0.028900
v -0.010392 0.008000 -0.028900
v -0.011124 0.008732 -0.028900
v -0.012124 0.009000 -0.028900
v -0.013124 0.008732 -0.028900
v -0.013856 0.008000 -0.028900
v -0.014124 0.007000 -0.028900
v -0.013856 0.006000 -0.028900
v -0.013124 0.005268 -0.028900
v -0.012124 0.005000 -0.028900
v -0.002500 0.004330 -0.028900
v -0.004330 0.002500 -0.028900
v 0.004330 0.002500 -0.028900
v 0.002500 0.004330 -0.028900
v 0.000000 0.005000 -0.028900
v 0.003500 -0.010500 -0.028900
v -0.002500 -0.004330 -0.028900
v 0.000000 -0.005000 -0.028900
v 0.002500 -0.004330 -0.028900
v 0.004330 -0.002500 -0.028900
v 0.005000 0.000000 -0.028900
v -0.005000 0.000000 -0.028900
v -0.004330 -0.002500 -0.028900
v -0.003500 -0.010500 -0.028900
v -0.003500 -0.016750 -0.028900
v 0.001732 -0.015000 -0.028900
v 0.001000 -0.015732 -0.028900
v 0.000000 -0.016000 -0.028900
v 0.000000 -0.012000 -0.028900
v -0.001000 -0.012268 -0.028900
v 0.001732 -0.013000 -0.028900
v 0.001000 -0.012268 -0.028900
v 0.002000 -0.014000 -0.028900
v -0.001000 -0.015732 -0.028900
v -0.001732 -0.013000 -0.028900
v -0.002000 -0.014000 -0.028900
v -0.001732 -0.015000 -0.028900
v -0.014124 0.007000 -0.026900
v -0.013856 0.008000 -0.026900
v -0.013124 0.008732 -0.026900
v -0.012124 0.009000 -0.026900
v -0.011124 0.008732 -0.026900
v -0.010392 0.008000 -0.026900
v -0.010124 0.007000 -0.026900
v -0.010392 0.006000 -0.026900
v -0.011124 0.005268 -0.026900
v -0.012124 0.005000 -0.026900
v -0.013124 0.005268 -0.026900
v -0.013856 0.006000 -0.026900
v -0.012124 0.007000 -0.026900
v -0.014124 -0.007000 -0.026900
v -0.013856 -0.006000 -0.026900
v -0.013124 -0.005268 -0.026900
v -0.012124 -0.005000 -0.026900
v -0.011124 -0.005268 -0.026900
v -0.010392 -0.006000 -0.026900
v -0.010124 -0.007000 -0.026900
v -0.010392 -0.008000 -0.026900
v -0.011124 -0.008732 -0.026900
v -0.012124 -0.009000 -0.026900
v -0.013124 -0.008732 -0.026900
v -0.013856 -0.008000 -0.026900
v -0.012124 -0.007000 -0.026900
v -0.002000 -0.014000 -0.026900
v -0.001732 -0.013000 -0.026900
v -0.001000 -0.012268 -0.026900
v 0.000000 -0.012000 -0.026900
v 0.001000 -0.012268 -0.026900
v 0.001732 -0.013000 -0.026900
v 0.002000 -0.014000 -0.026900
v 0.001732 -0.015000 -0.026900
v 0.001000 -0.015732 -0.026900
v 0.000000 -0.016000 -0.026900
v -0.001000 -0.015732 -0.026900
v -0.001732 -0.015000 -0.026900
v 0.000000 -0.014000 -0.026900
v 0.010124 -0.007000 -0.026900
v 0.010392 -0.006000 -0.026900
v 0.011124 -0.005268 -0.026900
v 0.012124 -0.005000 -0.026900
v 0.013124 -0.005268 -0.026900
v 0.013856 -0.006000 -0.026900
v 0.014124 -0.007000 -0.026900
v 0.013856 -0.008000 -0.026900
v 0.013124 -0.008732 -0.026900
v 0.012124 -0.009000 -0.026900
v 0.011124 -0.008732 -0.026900
v 0.010392 -0.008000 -0.026900
v 0.012124 -0.007000 -0.026900
v 0.010124 0.007000 -0.026900
v 0.010392 0.008000 -0.026900
v 0.011124 0.008732 -0.026900
v 0.012124 0.009000 -0.026900
v 0.013124 0.008732 -0.026900
v 0.013856 0.008000 -0.026900
v 0.014124 0.007000 -0.026900
v 0.013856 0.006000 -0.026900
v 0.013124 0.005268 -0.026900
v 0.012124 0.005000 -0.026900
v 0.011124 0.005268 -0.026900
v 0.010392 0.006000 -0.026900
v 0.012124 0.007000 -0.026900
v -0.002000 0.014000 -0.026900
v -0.001732 0.015000 -0.026900
v -0.001000 0.015732 -0.026900
v 0.000000 0.016000 -0.026900
v 0.001000 0.015732 -0.026900
v 0.001732 0.015000 -0.026900
v 0.002000 0.014000 -0.026900
v 0.001732 0.013000 -0.026900
v 0.001000 0.012268 -0.026900
v 0.000000 0.012000 -0.026900
v -0.001000 0.012268 -0.026900
v -0.001732 0.013000 -0.026900
v 0.000000 0.014000 -0.026900
v 0.029966 0.031466 -0.008900
v 0.030167 0.032216 -0.008900
v 0.030716 0.032765 -0.008900
v 0.031466 0.032966 -0.008900
v 0.032216 0.032765 -0.008900
v 0.032765 0.032216 -0.008900
v 0.032966 0.031466 -0.008900
v 0.032765 0.030716 -0.008900
v 0.032216 0.030167 -0.008900
v 0.031466 0.029966 -0.008900
v 0.030716 0.030167 -0.008900
v 0.030167 0.030716 -0.008900
v 0.031466 0.031466 -0.008900
v 0.043000 0.000000 -0.008900
v 0.043201 0.000750 -0.008900
v 0.043750 0.001299 -0.008900
v 0.044500 0.001500 -0.008900
v 0.045250 0.001299 -0.008900
v 0.045799 0.000750 -0.008900
v 0.046000 0.000000 -0.008900
v 0.045799 -0.000750 -0.008900
v 0.045250 -0.001299 -0.008900
v 0.044500 -0.001500 -0.008900
v 0.043750 -0.001299 -0.008900
v 0.043201 -0.000750 -0.008900
v 0.044500 0.000000 -0.008900
v 0.029966 -0.031466 -0.008900
v 0.030167 -0.030716 -0.008900
v 0.030716 -0.030167 -0.008900
v 0.031466 -0.029966 -0.008900
v 0.032216 -0.030167 -0.008900
v 0.032765 -0.030716 -0.008900
v 0.032966 -0.031466 -0.008900
v 0.032765 -0.032216 -0.008900
v 0.032216 -0.032765 -0.008900
v 0.031466 -0.032966 -0.008900
v 0.030716 -0.032765 -0.008900
v 0.030167 -0.032216 -0.008900
v 0.031466 -0.031466 -0.008900
v -0.001500 -0.044500 -0.008900
v -0.001299 -0.043750 -0.008900
v -0.000750 -0.043201 -0.008900
v 0.000000 -0.043000 -0.008900
v 0.000750 -0.043201 -0.008900
v 0.001299 -0.043750 -0.008900
v 0.001500 -0.044500 -0.008900
v 0.001299 -0.045250 -0.008900
v 0.000750 -0.045799 -0.008900
v 0.000000 -0.046000 -0.008900
v -0.000750 -0.045799 -0.008900
v -0.001299 -0.045250 -0.008900
v 0.000000 -0.044500 -0.008900
v -0.032966 -0.031466 -0.008900
v -0.032765 -0.030716 -0.008900
v -0.032216 -0.030167 -0.008900
v -0.031466 -0.029966 -0.008900
v -0.030716 -0.030167 -0.008900
v -0.030167 -0.030716 -0.008900
v -0.029966 -0.031466 -0.008900
v -0.030167 -0.032216 -0.008900
v -0.030716 -0.032765 -0.008900
v -0.031466 -0.032966 -0.008900
v -0.032216 -0.032765 -0.008900
v -0.032765 -0.032216 -0.008900
v -0.031466 -0.031466 -0.008900
v -0.046000 0.000000 -0.008900
v -0.045799 0.000750 -0.008900
v -0.045250 0.001299 -0.008900
v -0.044500 0.001500 -0.008900
v -0.043750 0.001299 -0.008900
v -0.043201 0.000750 -0.008900
v -0.043000 0.000000 -0.008900
v -0.043201 -0.000750 -0.008900
v -0.043750 -0.001299 -0.008900
v -0.044500 -0.001500 -0.008900
v -0.045250 -0.001299 -0.008900
v -0.045799 -0.000750 -0.008900
v -0.044500 0.000000 -0.008900
v -0.032966 0.031466 -0.008900
v -0.032765 0.032216 -0.008900
v -0.032216 0.032765 -0.008900
v -0.031466 0.032966 -0.008900
v -0.030716 0.032765 -0.008900
v -0.030167 0.032216 -0.008900
v -0.029966 0.031466 -0.008900
v -0.030167 0.030716 -0.008900
v -0.030716 0.030167 -0.008900
v -0.031466 0.029966 -0.008900
v -0.032216 0.030167 -0.008900
v -0.032765 0.030716 -0.008900
v -0.031466 0.031466 -0.008900
v -0.001500 0.044500 -0.008900
v -0.001299 0.045250 -0.008900
v -0.000750 0.045799 -0.008900
v 0.000000 0.046000 -0.008900
v 0.000750 0.045799 -0.008900
v 0.001299 0.045250 -0.008900
v 0.001500 0.044500 -0.008900
v 0.001299 0.043750 -0.008900
v 0.000750 0.043201 -0.008900
v 0.000000 0.043000 -0.008900
v -0.000750 0.043201 -0.008900
v -0.001299 0.043750 -0.008900
v 0.000000 0.044500 -0.008900
v -0.046500 0.000000 -0.012900
v -0.045708 0.008544 -0.012900
v -0.043360 0.016798 -0.012900
v -0.039535 0.024479 -0.012900
v -0.034364 0.031327 -0.012900
v -0.028022 0.037108 -0.012900
v -0.020727 0.041625 -0.012900
v -0.012725 0.044725 -0.012900
v -0.004290 0.046302 -0.012900
v 0.004290 0.046302 -0.012900
v 0.012725 0.044725 -0.012900
v 0.020727 0.041625 -0.012900
v 0.028022 0.037108 -0.012900
v 0.034364 0.031327 -0.012900
v 0.039535 0.024479 -0.012900
v 0.043360 0.016798 -0.012900
v 0.045708 0.008544 -0.012900
v 0.046500 0.000000 -0.012900
v 0.045708 -0.008544 -0.012900
v 0.043360 -0.016798 -0.012900
v 0.039535 -0.024479 -0.012900
v 0.034364 -0.031327 -0.012900
v 0.028022 -0.037108 -0.012900
v 0.020727 -0.041625 -0.012900
v 0.012725 -0.044725 -0.012900
v 0.004290 -0.046302 -0.012900
v -0.004290 -0.046302 -0.012900
v -0.012725 -0.044725 -0.012900
v -0.020727 -0.041625 -0.012900
v -0.028022 -0.037108 -0.012900
v -0.034364 -0.031327 -0.012900
v -0.039535 -0.024479 -0.012900
v -0.043360 -0.016798 -0.012900
v -0.045708 -0.008544 -0.012900
v 0.045708 0.008544 -0.016900
v 0.043360 0.016798 -0.016900
v 0.039535 0.024479 -0.016900
v 0.034364 0.031327 -0.016900
v 0.028022 0.037108 -0.016900
v 0.020727 0.041625 -0.016900
v 0.012725 0.044725 -0.016900
v 0.004290 0.046302 -0.016900
v -0.004290 0.046302 -0.016900
v -0.012725 0.044725 -0.016900
v -0.020727 0.041625 -0.016900
v -0.028022 0.037108 -0.016900
v -0.034364 0.031327 -0.016900
v -0.039535 0.024479 -0.016900
v -0.043360 0.016798 -0.016900
v -0.045708 0.008544 -0.016900
v -0.046500 0.000000 -0.016900
v -0.045708 -0.008544 -0.016900
v -0.043360 -0.016798 -0.016900
v -0.039535 -0.024479 -0.016900
v -0.034364 -0.031327 -0.016900
v -0.028022 -0.037108 -0.016900
v -0.020727 -0.041625 -0.016900
v -0.012725 -0.044725 -0.016900
v -0.004290 -0.046302 -0.016900
v 0.004290 -0.046302 -0.016900
v 0.012725 -0.044725 -0.016900
v 0.020727 -0.041625 -0.016900
v 0.028022 -0.037108 -0.016900
v 0.034364 -0.031327 -0.016900
v 0.039535 -0.024479 -0.016900
v 0.043360 -0.016798 -0.016900
v 0.045708 -0.008544 -0.016900
v 0.046500 0.000000 -0.016900
v -0.046500 0.000000 -0.002900
v -0.045708 0.008544 -0.002900
v -0.043360 0.016798 -0.002900
v -0.039535 0.024479 -0.002900
v -0.034364 0.031327 -0.002900
v -0.028022 0.037108 -0.002900
v -0.020727 0.041625 -0.002900
v -0.012725 0.044725 -0.002900
v -0.004290 0.046302 -0.002900
v 0.004290 0.046302 -0.002900
v 0.012725 0.044725 -0.002900
v 0.020727 0.041625 -0.002900
v 0.028022 0.037108 -0.002900
v 0.034364 0.031327 -0.002900
v 0.039535 0.024479 -0.002900
v 0.043360 0.016798 -0.002900
v 0.045708 0.008544 -0.002900
v 0.046500 0.000000 -0.002900
v 0.045708 -0.008544 -0.002900
v 0.043360 -0.016798 -0.002900
v 0.039535 -0.024479 -0.002900
v 0.034364 -0.031327 -0.002900
v 0.028022 -0.037108 -0.002900
v 0.020727 -0.041625 -0.002900
v 0.012725 -0.044725 -0.002900
v 0.004290 -0.046302 -0.002900
v -0.004290 -0.046302 -0.002900
v -0.012725 -0.044725 -0.002900
v -0.020727 -0.041625 -0.002900
v -0.028022 -0.037108 -0.002900
v -0.034364 -0.031327 -0.002900
v -0.039535 -0.024479 -0.002900
v -0.043360 -0.016798 -0.002900
v -0.045708 -0.008544 -0.002900
v 0.045708 0.008544 -0.006900
v 0.043360 0.016798 -0.006900
v 0.039535 0.024479 -0.006900
v 0.034364 0.031327 -0.006900
v 0.028022 0.037108 -0.006900
v 0.020727 0.041625 -0.006900
v 0.012725 0.044725 -0.006900
v 0.004290 0.046302 -0.006900
v -0.004290 0.046302 -0.006900
v -0.012725 0.044725 -0.006900
v -0.020727 0.041625 -0.006900
v -0.028022 0.037108 -0.006900
v -0.034364 0.031327 -0.006900
v -0.039535 0.024479 -0.006900
v -0.043360 0.016798 -0.006900
v -0.045708 0.008544 -0.006900
v -0.046500 0.000000 -0.006900
v -0.045708 -0.008544 -0.006900
v -0.043360 -0.016798 -0.006900
v -0.039535 -0.024479 -0.006900
v -0.034364 -0.031327 -0.006900
v -0.028022 -0.037108 -0.006900
v -0.020727 -0.041625 -0.006900
v -0.012725 -0.044725 -0.006900
v -0.004290 -0.046302 -0.006900
v 0.004290 -0.046302 -0.006900
v 0.012725 -0.044725 -0.006900
v 0.020727 -0.041625 -0.006900
v 0.028022 -0.037108 -0.006900
v 0.034364 -0.031327 -0.006900
v 0.039535 -0.024479 -0.006900
v 0.043360 -0.016798 -0.006900
v 0.045708 -0.008544 -0.006900
v 0.046500 0.000000 -0.006900
v -0.046500 0.000000 0.007100
v -0.045708 0.008544 0.007100
v -0.043360 0.016798 0.007100
v -0.039535 0.024479 0.007100
v -0.034364 0.031327 0.007100
v -0.028022 0.037108 0.007100
v -0.020727 0.041625 0.007100
v -0.012725 0.044725 0.007100
v -0.004290 0.046302 0.007100
v 0.004290 0.046302 0.007100
v 0.012725 0.044725 0.007100
v 0.020727 0.041625 0.007100
v 0.028022 0.037108 0.007100
v 0.034364 0.031327 0.007100
v 0.039535 0.024479 0.007100
v 0.043360 0.016798 0.007100
v 0.045708 0.008544 0.007100
v 0.046500 0.000000 0.007100
v 0.045708 -0.008544 0.007100
v 0.043360 -0.016798 0.007100
v 0.039535 -0.024479 0.007100
v 0.034364 -0.031327 0.007100
v 0.028022 -0.037108 0.007100
v 0.020727 -0.041625 0.007100
v 0.012725 -0.044725 0.007100
v 0.004290 -0.046302 0.007100
v -0.004290 -0.046302 0.007100
v -0.012725 -0.044725 0.007100
v -0.020727 -0.041625 0.007100
v -0.028022 -0.037108 0.007100
v -0.034364 -0.031327 0.007100
v -0.039535 -0.024479 0.007100
v -0.043360 -0.016798 0.007100
v -0.045708 -0.008544 0.007100
v 0.045708 0.008544 0.003100
v 0.043360 0.016798 0.003100
v 0.039535 0.024479 0.003100
v 0.034364 0.031327 0.003100
v 0.028022 0.037108 0.003100
v 0.020727 0.041625 0.003100
v 0.012725 0.044725 0.003100
v 0.004290 0.046302 0.003100
v -0.004290 0.046302 0.003100
v -0.012725 0.044725 0.003100
v -0.020727 0.041625 0.003100
v -0.028022 0.037108 0.003100
v -0.034364 0.031327 0.003100
v -0.039535 0.024479 0.003100
v -0.043360 0.016798 0.003100
v -0.045708 0.008544 0.003100
v -0.046500 0.000000 0.003100
v -0.045708 -0.008544 0.003100
v -0.043360 -0.016798 0.003100
v -0.039535 -0.024479 0.003100
v -0.034364 -0.031327 0.003100
v -0.028022 -0.037108 0.003100
v -0.020727 -0.041625 0.003100
v -0.012725 -0.044725 0.003100
v -0.004290 -0.046302 0.003100
v 0.004290 -0.046302 0.003100
v 0.012725 -0.044725 0.003100
v 0.020727 -0.041625 0.003100
v 0.028022 -0.037108 0.003100
v 0.034364 -0.031327 0.003100
v 0.039535 -0.024479 0.003100
v 0.043360 -0.016798 0.003100
v 0.045708 -0.008544 0.003100
v 0.046500 0.000000 0.003100
v -0.047234 -0.013036 0.017100
v -0.048803 -0.004392 0.017100
v -0.046500 0.000000 0.017100
v -0.048803 0.004392 0.017100
v -0.045708 0.008544 0.017100
v -0.047234 0.013036 0.017100
v -0.043360 0.016798 0.017100
v -0.044147 0.021260 0.017100
v -0.039535 0.024479 0.017100
v -0.039642 0.028801 0.017100
v -0.034364 0.031327 0.017100
v -0.033862 0.035417 0.017100
v -0.028022 0.037108 0.017100
v -0.026994 0.040894 0.017100
v -0.020727 0.041625 0.017100
v -0.019258 0.045057 0.017100
v -0.012725 0.044725 0.017100
v -0.010903 0.047771 0.017100
v -0.004290 0.046302 0.017100
v -0.002198 0.048951 0.017100
v 0.004290 0.046302 0.017100
v 0.006577 0.048556 0.017100
v 0.012725 0.044725 0.017100
v 0.015142 0.046602 0.017100
v 0.020727 0.041625 0.017100
v 0.023220 0.043149 0.017100
v 0.028022 0.037108 0.017100
v 0.030551 0.038310 0.017100
v 0.034364 0.031327 0.017100
v 0.036900 0.032239 0.017100
v 0.039535 0.024479 0.017100
v 0.042064 0.025132 0.017100
v 0.043360 0.016798 0.017100
v 0.045875 0.017217 0.017100
v 0.045708 0.008544 0.017100
v 0.048213 0.008749 0.017100
v 0.046500 0.000000 0.017100
v 0.049000 0.000000 0.017100
v 0.045708 -0.008544 0.017100
v 0.048213 -0.008749 0.017100
v 0.043360 -0.016798 0.017100
v 0.045875 -0.017217 0.017100
v 0.039535 -0.024479 0.017100
v 0.042064 -0.025132 0.017100
v 0.034364 -0.031327 0.017100
v 0.036900 -0.032239 0.017100
v 0.028022 -0.037108 0.017100
v 0.030551 -0.038310 0.017100
v 0.020727 -0.041625 0.017100
v 0.023220 -0.043149 0.017100
v 0.012725 -0.044725 0.017100
v 0.015142 -0.046602 0.017100
v 0.004290 -0.046302 0.017100
v 0.006577 -0.048556 0.017100
v -0.004290 -0.046302 0.017100
v -0.002198 -0.048951 0.017100
v -0.012725 -0.044725 0.017100
v -0.010903 -0.047771 0.017100
v -0.020727 -0.041625 0.017100
v -0.019258 -0.045057 0.017100
v -0.028022 -0.037108 0.017100
v -0.026994 -0.040894 0.017100
v -0.034364 -0.031327 0.017100
v -0.033862 -0.035417 0.017100
v -0.039535 -0.024479 0.017100
v -0.039642 -0.028801 0.017100
v -0.043360 -0.016798 0.017100
v -0.044147 -0.021260 0.017100
v -0.045708 -0.008544 0.017100
v 0.045708 0.008544 0.013100
v 0.043360 0.016798 0.013100
v 0.039535 0.024479 0.013100
v 0.034364 0.031327 0.013100
v 0.028022 0.037108 0.013100
v 0.020727 0.041625 0.013100
v 0.012725 0.044725 0.013100
v 0.004290 0.046302 0.013100
v -0.004290 0.046302 0.013100
v -0.012725 0.044725 0.013100
v -0.020727 0.041625 0.013100
v -0.028022 0.037108 0.013100
v -0.034364 0.031327 0.013100
v -0.039535 0.024479 0.013100
v -0.043360 0.016798 0.013100
v -0.045708 0.008544 0.013100
v -0.046500 0.000000 0.013100
v -0.045708 -0.008544 0.013100
v -0.043360 -0.016798 0.013100
v -0.039535 -0.024479 0.013100
v -0.034364 -0.031327 0.013100
v -0.028022 -0.037108 0.013100
v -0.020727 -0.041625 0.013100
v -0.012725 -0.044725 0.013100
v -0.004290 -0.046302 0.013100
v 0.004290 -0.046302 0.013100
v 0.012725 -0.044725 0.013100
v 0.020727 -0.041625 0.013100
v 0.028022 -0.037108 0.013100
v 0.034364 -0.031327 0.013100
v 0.039535 -0.024479 0.013100
v 0.043360 -0.016798 0.013100
v 0.045708 -0.008544 0.013100
v 0.046500 0.000000 0.013100
v -0.022037 -0.027832 0.033000
v -0.020635 -0.028887 0.033000
v -0.020561 -0.026320 0.033000
v -0.021248 0.006328 0.033000
v -0.024165 0.005547 0.033000
v -0.022976 0.004451 0.033000
v 0.004212 -0.023084 0.033000
v 0.003460 -0.020280 0.033000
v 0.003007 -0.020644 0.033000
v 0.001548 -0.020792 0.033000
v 0.002299 -0.023597 0.033000
v 0.003007 -0.023233 0.033000
v -0.012941 -0.024675 0.033000
v -0.012190 -0.027479 0.033000
v -0.011482 -0.026320 0.033000
v -0.013484 -0.022650 0.033000
v -0.016401 -0.023431 0.033000
v -0.011482 -0.023233 0.033000
v 0.014067 -0.001909 0.033000
v 0.016984 -0.001127 0.033000
v 0.013013 -0.000378 0.033000
v 0.003789 -0.009839 0.033000
v 0.003007 -0.010038 0.033000
v 0.000872 -0.010621 0.033000
v -0.008458 -0.002768 0.033000
v -0.007707 -0.005573 0.033000
v -0.006653 -0.005208 0.033000
v -0.018042 0.002011 0.033000
v -0.018793 0.004816 0.033000
v -0.019847 0.004451 0.033000
v -0.011242 -0.011696 0.033000
v -0.011482 -0.010038 0.033000
v -0.011994 -0.008892 0.033000
v -0.003957 -0.011915 0.033000
v -0.001041 -0.011133 0.033000
v -0.001069 -0.010038 0.033000
v 0.012154 -0.002421 0.033000
v 0.012906 -0.005226 0.033000
v 0.013013 -0.005208 0.033000
v -0.000422 -0.005791 0.033000
v 0.002495 -0.005009 0.033000
v -0.001069 -0.005208 0.033000
v 0.005159 -0.007302 0.033000
v 0.004408 -0.004497 0.033000
v 0.003007 -0.005208 0.033000
v 0.008076 -0.006520 0.033000
v 0.005702 -0.009326 0.033000
v 0.003865 -0.002472 0.033000
v 0.003114 0.000333 0.033000
v 0.003007 -0.000378 0.033000
v 0.000330 -0.008596 0.033000
v 0.003246 -0.007814 0.033000
v 0.007325 -0.003715 0.033000
v 0.006782 -0.001690 0.033000
v 0.001952 -0.002984 0.033000
v 0.001201 -0.000180 0.033000
v 0.009370 -0.011350 0.033000
v 0.011283 -0.010837 0.033000
v 0.008619 -0.008545 0.033000
v 0.010531 -0.008032 0.033000
v 0.008183 -0.005208 0.033000
v -0.005870 -0.012427 0.033000
v -0.006413 -0.010402 0.033000
v -0.008787 -0.013209 0.033000
v -0.009330 -0.011184 0.033000
v -0.001069 -0.014867 0.033000
v -0.000289 -0.013938 0.033000
v -0.003206 -0.014719 0.033000
v -0.005119 -0.015232 0.033000
v -0.005252 -0.007085 0.033000
v -0.002335 -0.006303 0.033000
v -0.001583 -0.009108 0.033000
v -0.004500 -0.009890 0.033000
v -0.010624 -0.006354 0.033000
v -0.010081 -0.008379 0.033000
v -0.007164 -0.007598 0.033000
v 0.016441 0.000898 0.033000
v 0.013524 0.000116 0.033000
v 0.019778 -0.000378 0.033000
v 0.021813 0.000167 0.033000
v 0.018354 0.001410 0.033000
v 0.021271 0.002192 0.033000
v 0.015147 0.005727 0.033000
v 0.012230 0.004946 0.033000
v 0.013013 0.004451 0.033000
v 0.035217 0.004477 0.033000
v 0.034452 0.008560 0.033000
v 0.020665 0.004451 0.033000
v 0.020519 0.004997 0.033000
v 0.019225 0.009826 0.033000
v 0.013848 0.010575 0.033000
v 0.016308 0.009045 0.033000
v 0.013853 0.010557 0.033000
v 0.017060 0.006240 0.033000
v 0.018484 0.004451 0.033000
v 0.019977 0.007022 0.033000
v 0.033872 0.010628 0.033000
v -0.016824 -0.010186 0.033000
v -0.016072 -0.012990 0.033000
v -0.014159 -0.012478 0.033000
v -0.012537 -0.006867 0.033000
v -0.014911 -0.009673 0.033000
v -0.015453 -0.007648 0.033000
v -0.017259 -0.010038 0.033000
v 0.004194 0.007969 0.033000
v 0.001277 0.007187 0.033000
v -0.000093 0.004650 0.033000
v 0.004736 0.005944 0.033000
v 0.005488 0.003139 0.033000
v 0.007401 0.003652 0.033000
v 0.009023 0.009263 0.033000
v 0.006106 0.008481 0.033000
v 0.009566 0.007238 0.033000
v 0.006649 0.006456 0.033000
v 0.005355 0.011286 0.033000
v 0.008272 0.012068 0.033000
v 0.007729 0.014093 0.033000
v 0.004812 0.013311 0.033000
v 0.003442 0.010774 0.033000
v 0.003007 0.014457 0.033000
v 0.002148 0.015603 0.033000
v 0.002900 0.012799 0.033000
v -0.006653 0.004451 0.033000
v -0.001069 0.004451 0.033000
v -0.003553 0.005893 0.033000
v -0.000636 0.006675 0.033000
v 0.010317 0.004433 0.033000
v 0.011479 0.007751 0.033000
v 0.008183 0.014457 0.033000
v 0.010185 0.012580 0.033000
v 0.013013 0.014457 0.033000
v 0.013101 0.013362 0.033000
v 0.031957 0.015459 0.033000
v 0.017931 0.014656 0.033000
v 0.018683 0.011851 0.033000
v 0.015766 0.011070 0.033000
v -0.012669 0.001280 0.033000
v -0.010295 0.004087 0.033000
v -0.013212 0.003305 0.033000
v -0.017499 -0.000014 0.033000
v -0.014582 0.000768 0.033000
v -0.015125 0.002793 0.033000
v -0.009753 0.002062 0.033000
v -0.009001 -0.000743 0.033000
v -0.006653 -0.000378 0.033000
v -0.007088 -0.000230 0.033000
v -0.008382 0.004599 0.033000
v -0.005465 0.005381 0.033000
v -0.006217 0.008185 0.033000
v -0.004304 0.008698 0.033000
v -0.006653 0.010575 0.033000
v -0.006760 0.010210 0.033000
v -0.009676 0.009429 0.033000
v -0.009134 0.007404 0.033000
v -0.013963 0.006110 0.033000
v -0.015876 0.005597 0.033000
v -0.011918 -0.001525 0.033000
v -0.017170 0.010427 0.033000
v -0.016419 0.007622 0.033000
v -0.015258 0.010939 0.033000
v -0.014506 0.008135 0.033000
v 0.000658 0.001845 0.033000
v -0.002259 0.001064 0.033000
v -0.001069 -0.000378 0.033000
v 0.001819 0.005162 0.033000
v 0.002571 0.002358 0.033000
v 0.008183 -0.000378 0.033000
v 0.006030 0.001114 0.033000
v -0.007840 0.002574 0.033000
v -0.004923 0.003356 0.033000
v -0.001069 0.010575 0.033000
v 0.000525 0.009992 0.033000
v -0.001387 0.009480 0.033000
v -0.003010 0.003868 0.033000
v -0.004171 0.000551 0.033000
v 0.012773 0.002921 0.033000
v 0.010860 0.002408 0.033000
v 0.011612 -0.000396 0.033000
v -0.008036 -0.016013 0.033000
v -0.011482 -0.005208 0.033000
v -0.011375 -0.003549 0.033000
v 0.013013 0.015751 0.033000
v 0.015014 0.013874 0.033000
v -0.013288 -0.004062 0.033000
v -0.013831 -0.002037 0.033000
v -0.016205 -0.004844 0.033000
v -0.016747 -0.002819 0.033000
v -0.017259 -0.005208 0.033000
v -0.019412 -0.000526 0.033000
v 0.002166 -0.015450 0.033000
v 0.005083 -0.014669 0.033000
v 0.003007 -0.014867 0.033000
v 0.004541 -0.012644 0.033000
v 0.001624 -0.013425 0.033000
v 0.034036 -0.010088 0.033000
v 0.025696 -0.014322 0.033000
v 0.033001 -0.013084 0.033000
v 0.025842 -0.014867 0.033000
v 0.021485 -0.010274 0.033000
v 0.022366 -0.010038 0.033000
v 0.014195 -0.010038 0.033000
v 0.019572 -0.010786 0.033000
v 0.020323 -0.013591 0.033000
v 0.022236 -0.013078 0.033000
v 0.023660 -0.014867 0.033000
v 0.025153 -0.012297 0.033000
v 0.011825 -0.012862 0.033000
v 0.014200 -0.010055 0.033000
v 0.014742 -0.012080 0.033000
v 0.016655 -0.011568 0.033000
v 0.017407 -0.014373 0.033000
v 0.015489 -0.014867 0.033000
v 0.015361 -0.006738 0.033000
v 0.018278 -0.005957 0.033000
v 0.035115 -0.005213 0.033000
v 0.024402 -0.009492 0.033000
v 0.034985 -0.006022 0.033000
v 0.024548 -0.010038 0.033000
v 0.023859 -0.007467 0.033000
v 0.020942 -0.008249 0.033000
v 0.016113 -0.009543 0.033000
v 0.013448 -0.007251 0.033000
v 0.013013 -0.007367 0.033000
v 0.009989 -0.006007 0.033000
v 0.009237 -0.003203 0.033000
v 0.019029 -0.008761 0.033000
v 0.020191 -0.005444 0.033000
v 0.021072 -0.005208 0.033000
v -0.009406 -0.018551 0.033000
v -0.009948 -0.016526 0.033000
v -0.012865 -0.017308 0.033000
v -0.010700 -0.013721 0.033000
v -0.007493 -0.018038 0.033000
v -0.006741 -0.020843 0.033000
v -0.002663 -0.016744 0.033000
v 0.000253 -0.015963 0.033000
v -0.001912 -0.019549 0.033000
v -0.004576 -0.017257 0.033000
v 0.023254 -0.005208 0.033000
v 0.023107 -0.004663 0.033000
v 0.014818 -0.004713 0.033000
v 0.035476 0.001297 0.033000
v 0.021960 -0.000378 0.033000
v 0.022565 -0.002638 0.033000
v 0.019648 -0.003419 0.033000
v 0.010936 0.009776 0.033000
v 0.014396 0.008532 0.033000
v 0.017602 0.004215 0.033000
v 0.015690 0.003703 0.033000
v 0.018897 -0.000615 0.033000
v 0.017735 -0.003932 0.033000
v 0.008695 -0.001178 0.033000
v 0.007943 0.001627 0.033000
v -0.015530 -0.015015 0.033000
v -0.014778 -0.017820 0.033000
v -0.012323 -0.019332 0.033000
v 0.006996 -0.014156 0.033000
v 0.007747 -0.016961 0.033000
v 0.005835 -0.017473 0.033000
v 0.008183 -0.020644 0.033000
v 0.009041 -0.021790 0.033000
v 0.008290 -0.018986 0.033000
v 0.010664 -0.016179 0.033000
v 0.011207 -0.018204 0.033000
v 0.002918 -0.018255 0.033000
v 0.001005 -0.018767 0.033000
v 0.020866 -0.015616 0.033000
v 0.017949 -0.016398 0.033000
v 0.015494 -0.014885 0.033000
v 0.018701 -0.019202 0.033000
v 0.016036 -0.016910 0.033000
v 0.013120 -0.017692 0.033000
v 0.012577 -0.015667 0.033000
v 0.013013 -0.020644 0.033000
v 0.028828 -0.020718 0.033000
v 0.016788 -0.019715 0.033000
v 0.013871 -0.020496 0.033000
v 0.023530 -0.017908 0.033000
v 0.026447 -0.017127 0.033000
v 0.029607 -0.019588 0.033000
v 0.032204 -0.014937 0.033000
v 0.021618 -0.018421 0.033000
v 0.022779 -0.015103 0.033000
v -0.003825 -0.020061 0.033000
v -0.001069 -0.020644 0.033000
v -0.006199 -0.022868 0.033000
v -0.003282 -0.022086 0.033000
v -0.006653 -0.023233 0.033000
v -0.008654 -0.021356 0.033000
v -0.011571 -0.022137 0.033000
v -0.014235 -0.019845 0.033000
v -0.013617 -0.014503 0.033000
v -0.017259 -0.014867 0.033000
v -0.018446 -0.015797 0.033000
v -0.019847 -0.014867 0.033000
v -0.017695 -0.018602 0.033000
v -0.019847 -0.020644 0.033000
v -0.018989 -0.013772 0.033000
v -0.019740 -0.010967 0.033000
v -0.019847 -0.010038 0.033000
v -0.015107 -0.028261 0.033000
v -0.015847 -0.031767 0.033000
v -0.011544 -0.033571 0.033000
v -0.011482 -0.023905 0.033000
v -0.017259 -0.023905 0.033000
v -0.015858 -0.025456 0.033000
v -0.017259 -0.026320 0.033000
v -0.017331 -0.030982 0.033000
v -0.019847 -0.000378 0.033000
v -0.020561 -0.000378 0.033000
v -0.022329 -0.001308 0.033000
v -0.022976 -0.000378 0.033000
v -0.021577 -0.004113 0.033000
v -0.022976 -0.005208 0.033000
v -0.020561 -0.005208 0.033000
v -0.018118 -0.005356 0.033000
v -0.017366 -0.008161 0.033000
v -0.018660 -0.003331 0.033000
v -0.019847 -0.005208 0.033000
v -0.021035 -0.006138 0.033000
v -0.020283 -0.008942 0.033000
v -0.022976 -0.010038 0.033000
v -0.023623 0.003522 0.033000
v -0.035182 0.004741 0.033000
v -0.022871 0.000717 0.033000
v -0.035405 -0.002591 0.033000
v -0.006653 -0.026320 0.033000
v -0.006653 -0.023905 0.033000
v -0.007360 -0.026185 0.033000
v -0.008112 -0.023381 0.033000
v -0.011029 -0.024162 0.033000
v -0.001069 -0.026320 0.033000
v 0.003007 -0.026320 0.033000
v 0.003007 -0.023905 0.033000
v -0.000618 -0.024379 0.033000
v -0.000745 -0.023905 0.033000
v -0.001069 -0.023905 0.033000
v -0.000925 -0.023233 0.033000
v -0.001069 -0.023233 0.033000
v -0.001069 -0.022695 0.033000
v -0.002531 -0.024891 0.033000
v -0.005447 -0.025673 0.033000
v 0.006377 -0.019498 0.033000
v 0.007129 -0.022303 0.033000
v 0.008183 -0.023233 0.033000
v -0.002975 -0.023233 0.033000
v -0.001369 -0.021574 0.033000
v 0.011958 -0.021009 0.033000
v 0.008183 0.015751 0.033000
v 0.009642 0.014605 0.033000
v 0.008891 0.017410 0.033000
v 0.011807 0.018191 0.033000
v 0.010227 0.033995 0.033000
v 0.008183 0.033447 0.033000
v 0.012559 0.015387 0.033000
v 0.013084 0.033001 0.033000
v -0.000017 0.012017 0.033000
v -0.001069 0.014457 0.033000
v -0.000769 0.014822 0.033000
v -0.001069 0.015751 0.033000
v 0.003007 0.015751 0.033000
v 0.004061 0.016116 0.033000
v -0.017259 0.010575 0.033000
v -0.019847 0.010575 0.033000
v -0.020087 0.009645 0.033000
v -0.020561 0.010575 0.033000
v -0.020561 0.004451 0.033000
v -0.020706 0.004303 0.033000
v -0.019954 0.001498 0.033000
v -0.019336 0.006841 0.033000
v -0.011589 0.008916 0.033000
v -0.033456 0.011871 0.033000
v -0.022000 0.009133 0.033000
v -0.022976 0.010575 0.033000
v -0.024917 0.008351 0.033000
v -0.011047 0.006891 0.033000
v -0.011482 0.010575 0.033000
v -0.010428 0.012233 0.033000
v -0.007511 0.013015 0.033000
v -0.006653 0.014457 0.033000
v -0.011482 0.014457 0.033000
v -0.001716 -0.000961 0.033000
v -0.001069 -0.000788 0.033000
v -0.006546 -0.002255 0.033000
v -0.003629 -0.001474 0.033000
v -0.000965 -0.003766 0.033000
v -0.002877 -0.004278 0.033000
v -0.005794 -0.005060 0.033000
v 0.016996 0.031167 0.033000
v 0.013720 0.018704 0.033000
v 0.014472 0.015899 0.033000
v 0.017389 0.016681 0.033000
v 0.028098 0.021697 0.033000
v 0.016637 0.019486 0.033000
v 0.023039 0.027009 0.033000
v 0.013013 -0.026320 0.033000
v 0.026165 -0.023993 0.033000
v 0.013013 -0.023905 0.033000
v 0.026746 -0.023343 0.033000
v 0.013013 -0.023233 0.033000
v 0.012682 -0.033158 0.033000
v 0.019226 -0.029843 0.033000
v 0.024949 -0.025255 0.033000
v -0.023054 -0.026996 0.033000
v -0.034117 -0.009813 0.033000
v -0.031372 -0.016615 0.033000
v -0.022976 -0.014867 0.033000
v -0.027287 -0.022708 0.033000
v -0.022976 -0.020644 0.033000
v -0.026799 -0.023283 0.033000
v -0.022976 -0.023233 0.033000
v -0.026156 -0.024002 0.033000
v -0.022976 -0.023905 0.033000
v -0.023697 -0.026433 0.033000
v -0.022976 -0.026320 0.033000
v -0.022976 0.015751 0.033000
v -0.030302 0.018494 0.033000
v -0.022976 0.025098 0.033000
v -0.025854 0.024327 0.033000
v -0.020561 0.015751 0.033000
v -0.020561 0.025745 0.033000
v -0.019847 0.015751 0.033000
v -0.019847 0.025936 0.033000
v -0.017259 0.015751 0.033000
v -0.017259 0.026630 0.033000
v -0.011482 0.015751 0.033000
v -0.011482 0.028178 0.033000
v -0.006653 0.015751 0.033000
v -0.006653 0.029472 0.033000
v 0.006978 0.016897 0.033000
v 0.003007 0.032060 0.033000
v -0.001069 0.030968 0.033000
v -0.022976 0.014457 0.033000
v -0.020561 0.014457 0.033000
v -0.019847 0.014457 0.033000
v -0.017259 0.014457 0.033000
v -0.002681 0.014309 0.033000
v -0.001930 0.011504 0.033000
v -0.004847 0.010723 0.033000
v -0.005598 0.013528 0.033000
v -0.012341 0.011721 0.033000
v 0.006453 -0.012131 0.033000
v 0.009913 -0.013374 0.033000
v 0.008183 -0.023905 0.033000
v 0.008183 -0.026320 0.033000
v 0.005596 -0.035056 0.033000
v -0.001728 -0.035458 0.033000
v -0.008979 -0.034346 0.033000
v -0.010277 -0.026967 0.033000
v -0.017259 -0.023233 0.033000
v -0.017152 -0.020627 0.033000
v -0.017259 -0.020644 0.033000
v -0.019847 -0.023233 0.033000
v -0.019847 -0.023905 0.033000
v -0.019847 -0.026320 0.033000
v -0.019941 -0.029370 0.033000
v -0.020561 -0.010038 0.033000
v -0.020561 -0.014867 0.033000
v -0.020561 -0.020644 0.033000
v -0.020561 -0.023233 0.033000
v -0.020561 -0.023905 0.033000
v 0.000750 0.041201 0.014800
v 0.001299 0.041750 0.014800
v 0.000000 0.042500 0.014800
v 0.001500 0.042500 0.014800
v 0.001299 0.043250 0.014800
v -0.001299 0.041750 0.014800
v -0.000750 0.041201 0.014800
v 0.000000 0.041000 0.014800
v -0.000750 0.043799 0.014800
v -0.001299 0.043250 0.014800
v -0.001500 0.042500 0.014800
v 0.000750 0.043799 0.014800
v 0.000000 0.044000 0.014800
v 0.031113 0.028991 0.014800
v 0.031351 0.029302 0.014800
v 0.030052 0.030052 0.014800
v 0.029302 0.028753 0.014800
v 0.030052 0.028552 0.014800
v 0.030802 0.028753 0.014800
v 0.028753 0.030802 0.014800
v 0.028552 0.030052 0.014800
v 0.028753 0.029302 0.014800
v 0.030802 0.031351 0.014800
v 0.030052 0.031552 0.014800
v 0.029302 0.031351 0.014800
v 0.031552 0.030052 0.014800
v 0.031351 0.030802 0.014800
v -0.028991 0.031113 0.014800
v -0.029302 0.031351 0.014800
v -0.030052 0.030052 0.014800
v -0.028753 0.029302 0.014800
v -0.028552 0.030052 0.014800
v -0.028753 0.030802 0.014800
v -0.030802 0.028753 0.014800
v -0.030052 0.028552 0.014800
v -0.029302 0.028753 0.014800
v -0.031351 0.030802 0.014800
v -0.031552 0.030052 0.014800
v -0.031351 0.029302 0.014800
v -0.030052 0.031552 0.014800
v -0.030802 0.031351 0.014800
v -0.041201 0.000750 0.014800
v -0.041750 0.001299 0.014800
v -0.042500 0.000000 0.014800
v -0.042500 0.001500 0.014800
v -0.043250 0.001299 0.014800
v -0.041750 -0.001299 0.014800
v -0.041201 -0.000750 0.014800
v -0.041000 0.000000 0.014800
v -0.043799 -0.000750 0.014800
v -0.043250 -0.001299 0.014800
v -0.042500 -0.001500 0.014800
v -0.043799 0.000750 0.014800
v -0.044000 0.000000 0.014800
v -0.031113 -0.028991 0.014800
v -0.031351 -0.029302 0.014800
v -0.030052 -0.030052 0.014800
v -0.029302 -0.028753 0.014800
v -0.030052 -0.028552 0.014800
v -0.030802 -0.028753 0.014800
v -0.028753 -0.030802 0.014800
v -0.028552 -0.030052 0.014800
v -0.028753 -0.029302 0.014800
v -0.030802 -0.031351 0.014800
v -0.030052 -0.031552 0.014800
v -0.029302 -0.031351 0.014800
v -0.031552 -0.030052 0.014800
v -0.031351 -0.030802 0.014800
v -0.000750 -0.041201 0.014800
v -0.001299 -0.041750 0.014800
v 0.000000 -0.042500 0.014800
v -0.001500 -0.042500 0.014800
v -0.001299 -0.043250 0.014800
v 0.001299 -0.041750 0.014800
v 0.000750 -0.041201 0.014800
v 0.000000 -0.041000 0.014800
v 0.000750 -0.043799 0.014800
v 0.001299 -0.043250 0.014800
v 0.001500 -0.042500 0.014800
v -0.000750 -0.043799 0.014800
v 0.000000 -0.044000 0.014800
v 0.028991 -0.031113 0.014800
v 0.029302 -0.031351 0.014800
v 0.030052 -0.030052 0.014800
v 0.028753 -0.029302 0.014800
v 0.028552 -0.030052 0.014800
v 0.028753 -0.030802 0.014800
v 0.030802 -0.028753 0.014800
v 0.030052 -0.028552 0.014800
v 0.029302 -0.028753 0.014800
v 0.031351 -0.030802 0.014800
v 0.031552 -0.030052 0.014800
v 0.031351 -0.029302 0.014800
v 0.030052 -0.031552 0.014800
v 0.030802 -0.031351 0.014800
v 0.041201 -0.000750 0.014800
v 0.041750 -0.001299 0.014800
v 0.042500 0.000000 0.014800
v 0.042500 -0.001500 0.014800
v 0.043250 -0.001299 0.014800
v 0.041750 0.001299 0.014800
v 0.041201 0.000750 0.014800
v 0.041000 0.000000 0.014800
v 0.043799 0.000750 0.014800
v 0.043250 0.001299 0.014800
v 0.042500 0.001500 0.014800
v 0.043799 -0.000750 0.014800
v 0.044000 0.000000 0.014800
v -0.022037 -0.027832 0.021800
v -0.025854 0.024327 0.021800
v -0.030302 0.018494 0.021800
v -0.033456 0.011871 0.021800
v -0.033555 0.011590 0.021800
v -0.035182 0.004741 0.021800
v -0.035405 -0.002591 0.021800
v -0.034117 -0.009813 0.021800
v -0.033645 -0.011325 0.021800
v -0.032139 -0.015077 0.021800
v -0.027287 -0.022708 0.021800
v -0.031372 -0.016615 0.021800
v -0.015847 -0.031767 0.021800
v -0.015054 -0.032150 0.021800
v -0.008979 -0.034346 0.021800
v -0.001728 -0.035458 0.021800
v 0.005596 -0.035056 0.021800
v 0.012682 -0.033158 0.021800
v 0.015105 -0.032126 0.021800
v 0.019226 -0.029843 0.021800
v 0.024949 -0.025255 0.021800
v 0.029607 -0.019588 0.021800
v 0.033001 -0.013084 0.021800
v 0.034985 -0.006022 0.021800
v 0.035476 0.001297 0.021800
v 0.034452 0.008560 0.021800
v 0.032156 0.015041 0.021800
v 0.010227 0.033995 0.021800
v 0.013223 0.032946 0.021800
v 0.015086 0.032135 0.021800
v 0.016996 0.031167 0.021800
v 0.023039 0.027009 0.021800
v 0.028098 0.021697 0.021800
v 0.031957 0.015459 0.021800
v 0.001500 0.042500 0.021800
v 0.001299 0.043250 0.021800
v 0.000750 0.043799 0.021800
v 0.000000 0.044000 0.021800
v -0.000750 0.043799 0.021800
v -0.001299 0.043250 0.021800
v -0.001500 0.042500 0.021800
v -0.001299 0.041750 0.021800
v -0.000750 0.041201 0.021800
v 0.000000 0.041000 0.021800
v 0.000750 0.041201 0.021800
v 0.001299 0.041750 0.021800
v 0.031552 0.030052 0.021800
v 0.031351 0.030802 0.021800
v 0.030802 0.031351 0.021800
v 0.030052 0.031552 0.021800
v 0.029302 0.031351 0.021800
v 0.028753 0.030802 0.021800
v 0.028552 0.030052 0.021800
v 0.028753 0.029302 0.021800
v 0.029302 0.028753 0.021800
v 0.030052 0.028552 0.021800
v 0.030802 0.028753 0.021800
v 0.031113 0.028991 0.021800
v 0.031351 0.029302 0.021800
v -0.028552 0.030052 0.021800
v -0.028753 0.030802 0.021800
v -0.028991 0.031113 0.021800
v -0.029302 0.031351 0.021800
v -0.030052 0.031552 0.021800
v -0.030802 0.031351 0.021800
v -0.031351 0.030802 0.021800
v -0.031552 0.030052 0.021800
v -0.031351 0.029302 0.021800
v -0.030802 0.028753 0.021800
v -0.030052 0.028552 0.021800
v -0.029302 0.028753 0.021800
v -0.028753 0.029302 0.021800
v -0.041000 0.000000 0.021800
v -0.041201 0.000750 0.021800
v -0.041750 0.001299 0.021800
v -0.042500 0.001500 0.021800
v -0.043250 0.001299 0.021800
v -0.043799 0.000750 0.021800
v -0.044000 0.000000 0.021800
v -0.043799 -0.000750 0.021800
v -0.043250 -0.001299 0.021800
v -0.042500 -0.001500 0.021800
v -0.041750 -0.001299 0.021800
v -0.041201 -0.000750 0.021800
v -0.028552 -0.030052 0.021800
v -0.028753 -0.029302 0.021800
v -0.029302 -0.028753 0.021800
v -0.030052 -0.028552 0.021800
v -0.030802 -0.028753 0.021800
v -0.031113 -0.028991 0.021800
v -0.031351 -0.029302 0.021800
v -0.031552 -0.030052 0.021800
v -0.031351 -0.030802 0.021800
v -0.030802 -0.031351 0.021800
v -0.030052 -0.031552 0.021800
v -0.029302 -0.031351 0.021800
v -0.028753 -0.030802 0.021800
v 0.001500 -0.042500 0.021800
v 0.001299 -0.041750 0.021800
v 0.000750 -0.041201 0.021800
v 0.000000 -0.041000 0.021800
v -0.000750 -0.041201 0.021800
v -0.001299 -0.041750 0.021800
v -0.001500 -0.042500 0.021800
v -0.001299 -0.043250 0.021800
v -0.000750 -0.043799 0.021800
v 0.000000 -0.044000 0.021800
v 0.000750 -0.043799 0.021800
v 0.001299 -0.043250 0.021800
v 0.031552 -0.030052 0.021800
v 0.031351 -0.029302 0.021800
v 0.030802 -0.028753 0.021800
v 0.030052 -0.028552 0.021800
v 0.029302 -0.028753 0.021800
v 0.028753 -0.029302 0.021800
v 0.028552 -0.030052 0.021800
v 0.028753 -0.030802 0.021800
v 0.028991 -0.031113 0.021800
v 0.029302 -0.031351 0.021800
v 0.030052 -0.031552 0.021800
v 0.030802 -0.031351 0.021800
v 0.031351 -0.030802 0.021800
v 0.044000 0.000000 0.021800
v 0.043799 0.000750 0.021800
v 0.043250 0.001299 0.021800
v 0.042500 0.001500 0.021800
v 0.041750 0.001299 0.021800
v 0.041201 0.000750 0.021800
v 0.041000 0.000000 0.021800
v 0.041201 -0.000750 0.021800
v 0.041750 -0.001299 0.021800
v 0.042500 -0.001500 0.021800
v 0.043250 -0.001299 0.021800
v 0.043799 -0.000750 0.021800
v 0.015026 -0.033526 0.021800
v 0.005669 0.032773 0.021800
v -0.015026 0.032773 0.021800
v -0.015026 0.027228 0.021800
v -0.026994 -0.040894 0.021800
v -0.015026 -0.038250 0.021800
v -0.015026 -0.033526 0.021800
v -0.019258 -0.045057 0.021800
v 0.030619 -0.038256 0.021800
v 0.033662 -0.035607 0.021800
v 0.033526 -0.033526 0.021800
v 0.035645 -0.033621 0.021800
v 0.036900 -0.032239 0.021800
v 0.038250 -0.015026 0.021800
v 0.033526 -0.015026 0.021800
v -0.033526 0.015026 0.021800
v -0.044147 -0.021260 0.021800
v -0.047234 -0.013036 0.021800
v -0.048803 -0.004392 0.021800
v -0.049000 0.000000 0.021800
v -0.048803 0.004392 0.021800
v -0.047234 0.013036 0.021800
v -0.044147 0.021260 0.021800
v -0.033526 -0.015026 0.021800
v -0.039642 0.028801 0.021800
v -0.033526 0.032773 0.021800
v -0.033862 0.035417 0.021800
v -0.026994 0.040894 0.021800
v -0.019258 0.045057 0.021800
v 0.006577 0.048556 0.021800
v -0.002198 0.048951 0.021800
v 0.015142 0.046602 0.021800
v -0.010903 0.047771 0.021800
v 0.015026 0.032773 0.021800
v 0.023220 0.043149 0.021800
v 0.030551 0.038310 0.021800
v 0.033526 0.032773 0.021800
v 0.033526 0.015026 0.021800
v 0.036900 0.032239 0.021800
v 0.038250 0.015026 0.021800
v 0.042064 0.025132 0.021800
v 0.045875 0.017217 0.021800
v 0.048213 0.008749 0.021800
v 0.049000 0.000000 0.021800
v 0.048213 -0.008749 0.021800
v 0.045875 -0.017217 0.021800
v 0.042064 -0.025132 0.021800
v 0.030551 -0.038310 0.021800
v 0.015026 -0.038250 0.021800
v 0.023220 -0.043149 0.021800
v 0.015142 -0.046602 0.021800
v -0.002198 -0.048951 0.021800
v 0.006577 -0.048556 0.021800
v -0.010903 -0.047771 0.021800
v -0.033862 -0.035417 0.021800
v -0.033526 -0.033526 0.021800
v -0.039642 -0.028801 0.021800
v 0.005159 -0.007302 0.021800
v 0.004408 -0.004497 0.021800
v 0.007325 -0.003715 0.021800
v 0.008076 -0.006520 0.021800
v 0.000330 -0.008596 0.021800
v -0.000422 -0.005791 0.021800
v 0.002495 -0.005009 0.021800
v 0.003246 -0.007814 0.021800
v 0.014818 -0.004713 0.021800
v 0.014067 -0.001909 0.021800
v 0.016984 -0.001127 0.021800
v 0.017735 -0.003932 0.021800
v 0.009989 -0.006007 0.021800
v 0.009237 -0.003203 0.021800
v 0.012154 -0.002421 0.021800
v 0.012906 -0.005226 0.021800
v -0.009330 -0.011184 0.021800
v -0.010081 -0.008379 0.021800
v -0.007164 -0.007598 0.021800
v -0.006413 -0.010402 0.021800
v -0.004500 -0.009890 0.021800
v -0.005252 -0.007085 0.021800
v -0.002335 -0.006303 0.021800
v -0.001583 -0.009108 0.021800
v 0.018354 0.001410 0.021800
v 0.017602 0.004215 0.021800
v 0.020519 0.004997 0.021800
v 0.021271 0.002192 0.021800
v -0.014159 -0.012478 0.021800
v -0.014911 -0.009673 0.021800
v -0.011994 -0.008892 0.021800
v -0.011242 -0.011696 0.021800
v 0.001277 0.007187 0.021800
v 0.000525 0.009992 0.021800
v 0.003442 0.010774 0.021800
v 0.004194 0.007969 0.021800
v -0.003553 0.005893 0.021800
v -0.004304 0.008698 0.021800
v -0.001387 0.009480 0.021800
v -0.000636 0.006675 0.021800
v 0.010936 0.009776 0.021800
v 0.010185 0.012580 0.021800
v 0.013101 0.013362 0.021800
v 0.013853 0.010557 0.021800
v 0.006106 0.008481 0.021800
v 0.005355 0.011286 0.021800
v 0.008272 0.012068 0.021800
v 0.009023 0.009263 0.021800
v -0.013212 0.003305 0.021800
v -0.013963 0.006110 0.021800
v -0.011047 0.006891 0.021800
v -0.010295 0.004087 0.021800
v -0.008382 0.004599 0.021800
v -0.009134 0.007404 0.021800
v -0.006217 0.008185 0.021800
v -0.005465 0.005381 0.021800
v 0.014472 0.015899 0.021800
v 0.013720 0.018704 0.021800
v 0.016637 0.019486 0.021800
v 0.017389 0.016681 0.021800
v -0.018042 0.002011 0.021800
v -0.018793 0.004816 0.021800
v -0.015876 0.005597 0.021800
v -0.015125 0.002793 0.021800
v 0.002571 0.002358 0.021800
v 0.001819 0.005162 0.021800
v 0.004736 0.005944 0.021800
v 0.005488 0.003139 0.021800
v -0.002259 0.001064 0.021800
v -0.003010 0.003868 0.021800
v -0.000093 0.004650 0.021800
v 0.000658 0.001845 0.021800
v 0.012230 0.004946 0.021800
v 0.011479 0.007751 0.021800
v 0.014396 0.008532 0.021800
v 0.015147 0.005727 0.021800
v 0.007401 0.003652 0.021800
v 0.006649 0.006456 0.021800
v 0.009566 0.007238 0.021800
v 0.010317 0.004433 0.021800
v -0.011918 -0.001525 0.021800
v -0.012669 0.001280 0.021800
v -0.009753 0.002062 0.021800
v -0.009001 -0.000743 0.021800
v -0.007088 -0.000230 0.021800
v -0.007840 0.002574 0.021800
v -0.004923 0.003356 0.021800
v -0.004171 0.000551 0.021800
v 0.015766 0.011070 0.021800
v 0.015014 0.013874 0.021800
v 0.017931 0.014656 0.021800
v 0.018683 0.011851 0.021800
v -0.016747 -0.002819 0.021800
v -0.017499 -0.000014 0.021800
v -0.014582 0.000768 0.021800
v -0.013831 -0.002037 0.021800
v 0.006453 -0.012131 0.021800
v 0.005702 -0.009326 0.021800
v 0.008619 -0.008545 0.021800
v 0.009370 -0.011350 0.021800
v 0.001624 -0.013425 0.021800
v 0.000872 -0.010621 0.021800
v 0.003789 -0.009839 0.021800
v 0.004541 -0.012644 0.021800
v 0.016113 -0.009543 0.021800
v 0.015361 -0.006738 0.021800
v 0.018278 -0.005957 0.021800
v 0.019029 -0.008761 0.021800
v 0.011283 -0.010837 0.021800
v 0.010531 -0.008032 0.021800
v 0.013448 -0.007251 0.021800
v 0.014200 -0.010055 0.021800
v -0.008036 -0.016013 0.021800
v -0.008787 -0.013209 0.021800
v -0.005870 -0.012427 0.021800
v -0.005119 -0.015232 0.021800
v -0.003206 -0.014719 0.021800
v -0.003957 -0.011915 0.021800
v -0.001041 -0.011133 0.021800
v -0.000289 -0.013938 0.021800
v 0.019648 -0.003419 0.021800
v 0.018897 -0.000615 0.021800
v 0.021813 0.000167 0.021800
v 0.022565 -0.002638 0.021800
v -0.012865 -0.017308 0.021800
v -0.013617 -0.014503 0.021800
v -0.010700 -0.013721 0.021800
v -0.009948 -0.016526 0.021800
v 0.007747 -0.016961 0.021800
v 0.006996 -0.014156 0.021800
v 0.009913 -0.013374 0.021800
v 0.010664 -0.016179 0.021800
v 0.002918 -0.018255 0.021800
v 0.002166 -0.015450 0.021800
v 0.005083 -0.014669 0.021800
v 0.005835 -0.017473 0.021800
v 0.017407 -0.014373 0.021800
v 0.016655 -0.011568 0.021800
v 0.019572 -0.010786 0.021800
v 0.020323 -0.013591 0.021800
v 0.012577 -0.015667 0.021800
v 0.011825 -0.012862 0.021800
v 0.014742 -0.012080 0.021800
v 0.015494 -0.014885 0.021800
v -0.006741 -0.020843 0.021800
v -0.007493 -0.018038 0.021800
v -0.004576 -0.017257 0.021800
v -0.003825 -0.020061 0.021800
v -0.001912 -0.019549 0.021800
v -0.002663 -0.016744 0.021800
v 0.000253 -0.015963 0.021800
v 0.001005 -0.018767 0.021800
v 0.020942 -0.008249 0.021800
v 0.020191 -0.005444 0.021800
v 0.023107 -0.004663 0.021800
v 0.023859 -0.007467 0.021800
v -0.011571 -0.022137 0.021800
v -0.012323 -0.019332 0.021800
v -0.009406 -0.018551 0.021800
v -0.008654 -0.021356 0.021800
v -0.017695 -0.018602 0.021800
v -0.018446 -0.015797 0.021800
v -0.015530 -0.015015 0.021800
v -0.014778 -0.017820 0.021800
v -0.018989 -0.013772 0.021800
v -0.019740 -0.010967 0.021800
v -0.016824 -0.010186 0.021800
v -0.016072 -0.012990 0.021800
v -0.015107 -0.028261 0.021800
v -0.015858 -0.025456 0.021800
v -0.012941 -0.024675 0.021800
v -0.012190 -0.027479 0.021800
v -0.016401 -0.023431 0.021800
v -0.017152 -0.020627 0.021800
v -0.014235 -0.019845 0.021800
v -0.013484 -0.022650 0.021800
v -0.021577 -0.004113 0.021800
v -0.022329 -0.001308 0.021800
v -0.019412 -0.000526 0.021800
v -0.018660 -0.003331 0.021800
v -0.020283 -0.008942 0.021800
v -0.021035 -0.006138 0.021800
v -0.018118 -0.005356 0.021800
v -0.017366 -0.008161 0.021800
v 0.023530 -0.017908 0.021800
v 0.022779 -0.015103 0.021800
v 0.025696 -0.014322 0.021800
v 0.026447 -0.017127 0.021800
v -0.022871 0.000717 0.021800
v -0.023623 0.003522 0.021800
v -0.020706 0.004303 0.021800
v -0.019954 0.001498 0.021800
v -0.010277 -0.026967 0.021800
v -0.011029 -0.024162 0.021800
v -0.008112 -0.023381 0.021800
v -0.007360 -0.026185 0.021800
v 0.022236 -0.013078 0.021800
v 0.021485 -0.010274 0.021800
v 0.024402 -0.009492 0.021800
v 0.025153 -0.012297 0.021800
v -0.000618 -0.024379 0.021800
v -0.001369 -0.021574 0.021800
v 0.001548 -0.020792 0.021800
v 0.002299 -0.023597 0.021800
v -0.005447 -0.025673 0.021800
v -0.006199 -0.022868 0.021800
v -0.003282 -0.022086 0.021800
v -0.002531 -0.024891 0.021800
v 0.013871 -0.020496 0.021800
v 0.013120 -0.017692 0.021800
v 0.016036 -0.016910 0.021800
v 0.016788 -0.019715 0.021800
v 0.018701 -0.019202 0.021800
v 0.017949 -0.016398 0.021800
v 0.020866 -0.015616 0.021800
v 0.021618 -0.018421 0.021800
v 0.004212 -0.023084 0.021800
v 0.003460 -0.020280 0.021800
v 0.006377 -0.019498 0.021800
v 0.007129 -0.022303 0.021800
v 0.009041 -0.021790 0.021800
v 0.008290 -0.018986 0.021800
v 0.011207 -0.018204 0.021800
v 0.011958 -0.021009 0.021800
v -0.000017 0.012017 0.021800
v -0.000769 0.014822 0.021800
v 0.002148 0.015603 0.021800
v 0.002900 0.012799 0.021800
v -0.004847 0.010723 0.021800
v -0.005598 0.013528 0.021800
v -0.002681 0.014309 0.021800
v -0.001930 0.011504 0.021800
v 0.009642 0.014605 0.021800
v 0.008891 0.017410 0.021800
v 0.011807 0.018191 0.021800
v 0.012559 0.015387 0.021800
v 0.004812 0.013311 0.021800
v 0.004061 0.016116 0.021800
v 0.006978 0.016897 0.021800
v 0.007729 0.014093 0.021800
v -0.019336 0.006841 0.021800
v -0.020087 0.009645 0.021800
v -0.017170 0.010427 0.021800
v -0.016419 0.007622 0.021800
v -0.024165 0.005547 0.021800
v -0.024917 0.008351 0.021800
v -0.022000 0.009133 0.021800
v -0.021248 0.006328 0.021800
v -0.009676 0.009429 0.021800
v -0.010428 0.012233 0.021800
v -0.007511 0.013015 0.021800
v -0.006760 0.010210 0.021800
v -0.014506 0.008135 0.021800
v -0.015258 0.010939 0.021800
v -0.012341 0.011721 0.021800
v -0.011589 0.008916 0.021800
v -0.015453 -0.007648 0.021800
v -0.016205 -0.004844 0.021800
v -0.013288 -0.004062 0.021800
v -0.012537 -0.006867 0.021800
v 0.017060 0.006240 0.021800
v 0.016308 0.009045 0.021800
v 0.019225 0.009826 0.021800
v 0.019977 0.007022 0.021800
v -0.005794 -0.005060 0.021800
v -0.006546 -0.002255 0.021800
v -0.003629 -0.001474 0.021800
v -0.002877 -0.004278 0.021800
v -0.010624 -0.006354 0.021800
v -0.011375 -0.003549 0.021800
v -0.008458 -0.002768 0.021800
v -0.007707 -0.005573 0.021800
v 0.008695 -0.001178 0.021800
v 0.007943 0.001627 0.021800
v 0.010860 0.002408 0.021800
v 0.011612 -0.000396 0.021800
v 0.013524 0.000116 0.021800
v 0.012773 0.002921 0.021800
v 0.015690 0.003703 0.021800
v 0.016441 0.000898 0.021800
v -0.000965 -0.003766 0.021800
v -0.001716 -0.000961 0.021800
v 0.001201 -0.000180 0.021800
v 0.001952 -0.002984 0.021800
v 0.003865 -0.002472 0.021800
v 0.003114 0.000333 0.021800
v 0.006030 0.001114 0.021800
v 0.006782 -0.001690 0.021800
v -0.005000 0.000000 -0.026900
v -0.004330 0.002500 -0.026900
v -0.002500 0.004330 -0.026900
v 0.000000 0.005000 -0.026900
v 0.002500 0.004330 -0.026900
v 0.004330 0.002500 -0.026900
v 0.005000 0.000000 -0.026900
v 0.004330 -0.002500 -0.026900
v 0.002500 -0.004330 -0.026900
v 0.000000 -0.005000 -0.026900
v -0.002500 -0.004330 -0.026900
v -0.004330 -0.002500 -0.026900
v 0.000000 0.000000 -0.026900
vn 1.0000 0.0000 0.0000
vn 0.0000 0.0000 -1.0000
vn 0.9697 -0.2442 -0.0001
vn 0.9679 -0.2512 0.0046
vn 0.9689 -0.2472 0.0064
vn 0.9714 -0.2372 0.0117
vn 0.9739 -0.2262 0.0189
vn 0.9767 -0.2124 0.0302
vn 0.9741 -0.2256 0.0165
vn 0.9845 -0.1756 0.0023
vn 0.9270 -0.3751 -0.0058
vn 0.9314 -0.3639 -0.0085
vn 0.9442 -0.3294 -0.0079
vn 0.9216 -0.3880 0.0031
vn 0.9270 -0.3750 0.0059
vn 0.9314 -0.3639 0.0085
vn 0.9364 -0.3506 0.0123
vn 0.9423 -0.3344 0.0176
vn 0.9386 -0.3447 0.0136
vn 0.9289 -0.3703 0.0000
vn 0.9569 -0.2905 0.0000
vn 0.9614 -0.2752 0.0010
vn 0.9689 -0.2472 -0.0064
vn 0.9767 -0.2124 -0.0302
vn 0.9739 -0.2261 -0.0189
vn 0.9714 -0.2372 -0.0117
vn 0.9797 -0.1946 -0.0485
vn 0.9742 -0.2256 -0.0093
vn 0.9874 -0.1585 0.0000
vn 0.9652 -0.2616 0.0001
vn 0.9684 -0.2495 -0.0048
vn 0.9614 -0.2751 -0.0010
vn 0.9572 -0.2896 -0.0001
vn 0.9547 -0.2975 0.0000
vn 0.9397 -0.3416 -0.0153
vn 0.9364 -0.3506 -0.0123
vn 0.9959 -0.0854 -0.0286
vn 0.9999 0.0158 0.0000
vn 0.9999 -0.0158 0.0000
vn 0.9988 -0.0488 -0.0094
vn 0.9959 -0.0853 -0.0295
vn 0.9969 -0.0758 -0.0202
vn 0.9930 -0.1178 -0.0047
vn 0.9902 -0.1397 0.0000
vn 0.9933 0.1046 -0.0484
vn 0.9970 0.0758 -0.0138
vn 0.9902 0.1397 0.0000
vn 0.9959 0.0851 -0.0292
vn 0.9959 0.0856 -0.0297
vn 0.9988 0.0487 -0.0094
vn 0.9697 0.2442 0.0001
vn 0.9679 0.2512 -0.0046
vn 0.9689 0.2472 -0.0064
vn 0.9714 0.2372 -0.0117
vn 0.9739 0.2262 -0.0189
vn 0.9767 0.2124 -0.0302
vn 0.9741 0.2256 -0.0165
vn 0.9845 0.1756 -0.0023
vn 0.9874 0.1585 0.0000
vn 0.9270 0.3750 0.0059
vn 0.9314 0.3639 0.0085
vn 0.9442 0.3293 0.0079
vn 0.9217 0.3880 -0.0031
vn 0.9270 0.3750 -0.0059
vn 0.9314 0.3640 -0.0085
vn 0.9365 0.3506 -0.0123
vn 0.9423 0.3343 -0.0177
vn 0.9386 0.3447 -0.0136
vn 0.9289 0.3703 0.0000
vn 0.9569 0.2905 0.0000
vn 0.9614 0.2751 -0.0010
vn 0.9689 0.2472 0.0064
vn 0.9767 0.2124 0.0302
vn 0.9739 0.2261 0.0189
vn 0.9714 0.2372 0.0117
vn 0.9797 0.1946 0.0484
vn 0.9742 0.2256 0.0093
vn 0.9652 0.2616 -0.0001
vn 0.9684 0.2495 0.0048
vn 0.9614 0.2751 0.0010
vn 0.9571 0.2896 0.0001
vn 0.9547 0.2976 0.0000
vn 0.9397 0.3416 0.0153
vn 0.9364 0.3506 0.0123
vn 0.9959 0.0854 0.0288
vn 0.9988 0.0487 0.0094
vn 0.9959 0.0853 0.0295
vn 0.9969 0.0758 0.0202
vn 0.9930 0.1177 0.0048
vn 0.9970 -0.0758 0.0138
vn 0.9933 -0.1047 0.0485
vn 0.9959 -0.0851 0.0292
vn 0.9959 -0.0856 0.0296
vn 0.9988 -0.0487 0.0094
vn 0.7758 0.6310 0.0000
vn 0.8623 0.5064 0.0000
vn 0.9150 0.4035 0.0000
vn 0.9217 0.3880 0.0031
vn 0.9216 -0.3881 -0.0031
vn 0.9150 -0.4034 0.0000
vn 0.8623 -0.5064 0.0000
vn 0.7758 -0.6310 0.0000
vn 0.0000 -0.9463 0.3233
vn 0.0034 -0.9490 0.3153
vn -0.0017 -0.8929 0.4502
vn 0.0106 -0.8660 0.5000
vn 0.0000 -0.8408 0.5413
vn 0.0000 -0.7531 0.6579
vn 0.0000 -0.0486 0.9988
vn 0.0000 -0.1932 0.9812
vn 0.0287 -0.1465 0.9888
vn 0.0000 -0.2406 0.9706
vn 0.0297 0.0490 0.9984
vn 0.0000 0.0000 1.0000
vn 0.0000 0.1453 0.9894
vn 0.0145 0.1932 0.9811
vn 0.0000 0.2406 0.9706
vn 0.0000 0.7531 0.6579
vn 0.0000 0.8408 0.5414
vn 0.0106 0.8660 0.5000
vn 0.0000 0.8893 0.4572
vn 0.0000 0.9138 0.4062
vn 0.0031 0.9463 0.3233
vn 0.0000 0.9489 0.3156
vn 0.0000 0.9463 -0.3233
vn 0.0034 0.9490 -0.3153
vn -0.0017 0.8928 -0.4505
vn 0.0106 0.8660 -0.5000
vn 0.0000 0.8406 -0.5416
vn 0.0000 0.7531 -0.6579
vn 0.0000 0.2408 -0.9706
vn 0.0285 0.1467 -0.9888
vn 0.0000 0.1932 -0.9812
vn 0.0000 0.0486 -0.9988
vn 0.0148 0.0000 -0.9999
vn 0.0000 -0.0486 -0.9988
vn 0.0000 -0.1455 -0.9894
vn 0.0145 -0.1932 -0.9811
vn 0.0000 -0.2409 -0.9706
vn 0.0000 -0.7531 -0.6579
vn 0.0000 -0.8406 -0.5416
vn 0.0106 -0.8660 -0.5000
vn 0.0000 -0.8892 -0.4575
vn 0.0000 -0.9138 -0.4061
vn 0.0031 -0.9463 -0.3233
vn 0.0000 -0.9489 -0.3156
vn -0.9582 -0.2859 -0.0048
vn -0.9624 -0.2708 -0.0224
vn -0.9641 -0.2592 -0.0583
vn -0.9603 -0.2518 -0.1202
vn -0.9536 -0.2500 -0.1681
vn -0.9228 -0.3852 -0.0042
vn -0.9177 -0.3972 -0.0014
vn -0.9277 -0.3733 -0.0092
vn -0.9322 -0.3616 -0.0173
vn -0.9314 -0.3637 -0.0151
vn -0.9447 -0.3280 -0.0021
vn -0.9524 -0.3048 0.0010
vn -0.8825 -0.4702 0.0015
vn -0.8849 -0.4657 -0.0064
vn -0.8820 -0.4713 -0.0048
vn -0.8919 -0.4521 0.0122
vn -0.8883 -0.4591 0.0089
vn -0.8858 -0.4640 0.0071
vn -0.8835 -0.4684 0.0056
vn -0.8807 -0.4736 0.0042
vn -0.8781 -0.4784 0.0030
vn -0.8735 -0.4868 -0.0015
vn -0.8704 -0.4923 -0.0006
vn -0.8758 -0.4827 0.0022
vn -0.8735 -0.4868 0.0015
vn -0.8706 -0.4920 0.0007
vn -0.8760 -0.4824 -0.0023
vn -0.8776 -0.4793 -0.0029
vn -0.8793 -0.4763 -0.0035
vn -0.8881 -0.4596 -0.0087
vn -0.8916 -0.4527 -0.0119
vn -0.8825 -0.4702 -0.0018
vn -0.9076 -0.4198 0.0000
vn -0.9124 -0.4094 -0.0001
vn -0.9315 -0.3637 0.0030
vn -0.9380 -0.3445 0.0394
vn -0.9357 -0.3516 0.0280
vn -0.9316 -0.3632 0.0159
vn -0.9269 -0.3752 0.0082
vn -0.9219 -0.3875 0.0035
vn -0.9182 -0.3962 0.0017
vn -0.9147 -0.4041 0.0005
vn -0.9092 -0.4163 -0.0001
vn -0.9633 -0.2668 0.0311
vn -0.9596 -0.2813 0.0082
vn -0.9540 -0.2997 -0.0006
vn -0.9555 -0.2504 0.1562
vn -0.9589 -0.2518 0.1306
vn -0.9636 -0.2559 0.0769
vn -0.8681 -0.4965 0.0000
vn -0.8214 -0.5703 0.0000
vn -0.9818 0.1898 0.0000
vn -0.9475 0.3197 0.0000
vn -0.8961 0.4439 0.0000
vn -0.8284 0.5601 0.0000
vn -0.6014 0.7989 0.0000
vn -0.1730 0.9849 0.0000
vn 0.0000 1.0000 0.0000
vn 0.8395 -0.5434 0.0000
vn 0.9092 -0.4165 0.0000
vn 0.9598 -0.2807 0.0000
vn 0.9903 -0.1391 0.0000
vn 0.0000 -1.0000 0.0000
vn -0.8048 -0.5935 0.0000
vn -0.9777 -0.2102 0.0000
vn -0.1730 -0.9849 0.0000
vn -0.6014 -0.7989 0.0000
vn -0.8284 -0.5601 0.0000
vn -0.8961 -0.4439 0.0000
vn -0.9475 -0.3197 0.0000
vn -0.9818 -0.1898 0.0000
vn -0.9777 0.2102 0.0000
vn -0.8048 0.5935 0.0000
vn 0.9903 0.1391 0.0000
vn 0.9598 0.2807 0.0000
vn 0.9092 0.4165 0.0000
vn 0.8395 0.5434 0.0000
vn -0.9608 0.2769 0.0130
vn -0.9638 0.2637 0.0400
vn -0.9628 0.2540 0.0920
vn -0.9563 0.2506 0.1508
vn -0.9157 0.4018 0.0007
vn -0.9210 0.3897 0.0029
vn -0.9259 0.3777 0.0071
vn -0.9305 0.3659 0.0139
vn -0.9348 0.3544 0.0245
vn -0.9315 0.3637 0.0110
vn -0.9495 0.3137 -0.0005
vn -0.9559 0.2937 0.0010
vn -0.8825 0.4702 -0.0008
vn -0.8839 0.4676 0.0058
vn -0.8927 0.4505 -0.0130
vn -0.8891 0.4577 -0.0095
vn -0.8861 0.4635 -0.0073
vn -0.8842 0.4672 -0.0060
vn -0.8819 0.4714 -0.0047
vn -0.8793 0.4763 -0.0035
vn -0.8686 0.4956 0.0001
vn -0.8725 0.4887 0.0012
vn -0.8751 0.4839 0.0020
vn -0.8768 0.4808 -0.0026
vn -0.8745 0.4851 -0.0018
vn -0.8718 0.4899 -0.0010
vn -0.8774 0.4798 0.0027
vn -0.8792 0.4765 0.0035
vn -0.8810 0.4731 0.0043
vn -0.8870 0.4617 0.0079
vn -0.8904 0.4551 0.0107
vn -0.8825 0.4702 0.0026
vn -0.9067 0.4217 -0.0001
vn -0.9112 0.4119 0.0001
vn -0.9303 0.3666 -0.0134
vn -0.9255 0.3788 -0.0065
vn -0.9207 0.3903 -0.0028
vn -0.9159 0.4014 -0.0008
vn -0.9104 0.4138 0.0001
vn -0.9593 0.2514 -0.1285
vn -0.9640 0.2578 -0.0647
vn -0.9627 0.2696 -0.0245
vn -0.9585 0.2852 -0.0051
vn -0.9542 0.2990 -0.0007
vn -0.9315 0.3637 0.0065
vn -0.9383 0.3435 -0.0403
vn -0.9346 0.3548 -0.0240
vn -0.8681 0.4964 0.0000
vn -0.8214 0.5703 0.0000
vn 0.2335 0.9724 0.0000
vn 0.6495 0.7604 0.0000
vn 0.9239 0.3827 0.0000
vn 0.9969 -0.0784 0.0000
vn 0.8526 -0.5225 0.0000
vn 0.7604 -0.6494 0.0000
vn 0.8210 -0.5710 0.0000
vn 0.8524 -0.5223 -0.0242
vn 0.9965 0.0784 -0.0277
vn 0.9997 0.0261 0.0000
vn 0.9969 -0.0785 0.0000
vn 0.9724 -0.2334 0.0000
vn 0.9239 -0.3827 0.0000
vn 0.8632 -0.5048 0.0000
vn 0.8524 0.5223 -0.0242
vn 0.8632 0.5048 0.0000
vn 0.9724 0.2334 0.0000
vn 0.9945 0.1044 0.0000
vn 0.7604 0.6494 0.0000
vn 0.8210 0.5710 0.0000
vn 0.8526 0.5225 0.0000
vn 0.9969 0.0784 0.0000
vn 0.6495 -0.7604 0.0000
vn 0.2335 -0.9724 0.0000
vn -1.0000 0.0000 0.0000
vn -1.0000 -0.0001 0.0000
vn 0.0000 -0.2393 -0.9709
vn 0.0000 -0.6631 -0.7485
vn 0.0000 -0.9350 -0.3546
vn 0.0000 -0.9927 0.1205
vn 0.0000 -0.8230 0.5681
vn 0.0000 -0.4647 0.8855
vn 0.0000 0.4647 0.8855
vn 0.0000 0.8230 0.5681
vn 0.0000 0.9927 0.1205
vn 0.0000 0.9350 -0.3546
vn 0.0000 0.6631 -0.7485
vn 0.0000 0.2393 -0.9709
vn 0.6494 0.7604 0.0000
vn 0.7019 -0.7122 0.0000
vn 0.8159 -0.5782 0.0000
vn 0.8770 -0.4805 0.0000
vn 0.9042 -0.4261 0.0308
vn 0.9159 -0.4014 0.0000
vn 0.9653 -0.2612 0.0000
vn 0.9961 -0.0880 0.0000
vn 0.9996 0.0284 0.0000
vn 0.9956 0.0879 0.0314
vn 0.9932 0.1163 0.0000
vn 0.9653 0.2612 0.0000
vn 0.9159 0.4014 0.0000
vn 0.9042 0.4261 0.0308
vn 0.8770 0.4805 0.0000
vn 0.8159 0.5782 0.0000
vn 0.7019 0.7122 0.0000
vn 0.9969 0.0785 0.0000
vn 0.6494 -0.7604 0.0000
vn -0.1119 0.9937 0.0000
vn -0.4439 0.8961 0.0000
vn -0.7228 0.6911 0.0000
vn -0.8278 0.5611 0.0000
vn -0.9957 0.0926 0.0000
vn -0.9170 -0.3988 0.0000
vn -0.9659 0.2589 0.0000
vn -0.7071 0.7071 0.0000
vn -0.2589 0.9659 0.0000
vn 0.2289 0.9735 0.0000
vn 0.6387 0.7694 0.0000
vn 0.9905 -0.1372 0.0000
vn 0.8540 -0.5202 0.0000
vn 0.8540 -0.5203 0.0000
vn 0.5763 -0.8173 0.0000
vn 0.2033 -0.9791 0.0000
vn -0.9304 -0.3665 0.0000
vn -0.6386 -0.7696 0.0000
vn -0.1885 -0.9821 0.0000
vn -0.2184 -0.9759 0.0000
vn -0.6137 -0.7895 0.0000
vn -0.1885 0.9821 0.0000
vn -0.6386 0.7696 0.0000
vn -0.9304 0.3665 0.0000
vn 0.2033 0.9791 0.0000
vn 0.5763 0.8173 0.0000
vn 0.8540 0.5203 0.0000
vn 0.8540 0.5202 0.0000
vn 0.9905 0.1372 0.0000
vn -0.9170 0.3988 0.0000
vn -0.9957 -0.0926 0.0000
vn -0.8278 -0.5611 0.0000
vn -0.2589 -0.9659 0.0000
vn -0.7071 -0.7071 0.0000
vn -0.9659 -0.2589 0.0000
vn 0.6387 -0.7694 0.0000
vn 0.2289 -0.9735 0.0000
vn -0.2184 0.9759 0.0000
vn -0.6137 0.7895 0.0000
vn -0.6280 0.7782 0.0000
vn -0.2244 0.9745 0.0000
vn -0.2244 -0.9745 0.0000
vn -0.6280 -0.7782 0.0000
vn 0.8650 -0.5018 0.0000
vn 0.9982 -0.0599 0.0000
vn 0.9187 0.3950 0.0000
vn 0.6433 0.7656 0.0000
vn 0.2309 0.9730 0.0000
vn 0.2309 -0.9730 0.0000
vn 0.6433 -0.7656 0.0000
vn 0.9187 -0.3950 0.0000
vn 0.9982 0.0599 0.0000
vn 0.8650 0.5018 0.0000
vn -0.9895 0.0944 -0.1094
vn -0.9939 0.0512 -0.0977
vn -0.9751 0.2062 0.0810
vn -0.9786 0.1872 0.0857
vn -0.9804 0.1698 0.0994
vn -0.9832 0.1563 0.0937
vn -0.9875 0.1226 0.0987
vn -0.9877 0.1072 0.1136
vn -0.9951 0.0125 0.0982
vn -0.9921 0.0398 0.1192
vn -0.9931 0.0505 0.1055
vn -0.9913 0.0868 0.0992
vn -0.9946 -0.0508 0.0903
vn -0.9784 -0.1882 -0.0852
vn -0.9812 -0.1615 -0.1056
vn -0.9811 -0.1700 -0.0929
vn -0.9874 -0.1248 -0.0978
vn -0.9877 -0.1073 -0.1135
vn -0.9909 -0.0898 -0.1003
vn -0.9921 -0.0728 -0.1019
vn -0.9931 -0.0561 -0.1028
vn -0.9935 -0.0534 -0.1005
vn -0.9940 -0.0378 -0.1028
vn -0.9944 -0.0244 -0.1032
vn -0.9944 -0.0246 -0.1030
vn -0.9903 0.0088 -0.1384
vn -0.9951 0.0278 -0.0944
vn -0.9946 -0.0099 -0.1031
vn -0.9780 0.1900 -0.0861
vn -0.9818 0.1670 -0.0909
vn -0.9813 0.1690 -0.0918
vn -0.9845 0.1475 -0.0950
vn -0.9867 0.1320 -0.0954
vn -0.9864 0.1368 -0.0912
vn -0.9893 0.0953 -0.1104
vn -0.6327 -0.7495 -0.1945
vn -0.6500 -0.7130 -0.2627
vn -0.6472 -0.7299 -0.2200
vn -0.6661 -0.6893 -0.2851
vn -0.6592 -0.7123 -0.2410
vn -0.6798 -0.6661 -0.3070
vn -0.6748 -0.6906 -0.2602
vn -0.6993 -0.6339 -0.3303
vn -0.6931 -0.6633 -0.2822
vn -0.7168 -0.6071 -0.3429
vn -0.7063 -0.6383 -0.3061
vn -0.7329 -0.5839 -0.3492
vn -0.7404 -0.5624 -0.3682
vn -0.7326 -0.6006 -0.3203
vn -0.7614 -0.5234 -0.3826
vn -0.7533 -0.5652 -0.3361
vn -0.7823 -0.4827 -0.3936
vn -0.7742 -0.5278 -0.3493
vn -0.8028 -0.4405 -0.4018
vn -0.7957 -0.4872 -0.3598
vn -0.8204 -0.4078 -0.4009
vn -0.8097 -0.4503 -0.3762
vn -0.8360 -0.3797 -0.3962
vn -0.8427 -0.3515 -0.4077
vn -0.8377 -0.3993 -0.3725
vn -0.8609 -0.3067 -0.4058
vn -0.8574 -0.3532 -0.3743
vn -0.8773 -0.2649 -0.4003
vn -0.8739 -0.3104 -0.3742
vn -0.8887 -0.2377 -0.3920
vn -0.8896 -0.2305 -0.3943
vn -0.8852 -0.2686 -0.3799
vn -0.9013 -0.2077 -0.3803
vn -0.9054 -0.1785 -0.3853
vn -0.9067 -0.2139 -0.3635
vn -0.9175 -0.1349 -0.3741
vn -0.9199 -0.1643 -0.3562
vn -0.9264 -0.1045 -0.3618
vn -0.9262 -0.1173 -0.3582
vn -0.9326 -0.0832 -0.3512
vn -0.9342 -0.0539 -0.3526
vn -0.9364 -0.0679 -0.3442
vn -0.9381 -0.0241 -0.3454
vn -0.9388 -0.0308 -0.3431
vn -0.9392 -0.0067 -0.3434
vn -0.9379 0.0106 -0.3469
vn -0.9385 0.0149 -0.3449
vn -0.9371 0.0605 -0.3439
vn -0.9353 0.0657 -0.3477
vn -0.9286 0.1057 -0.3557
vn -0.9239 0.1225 -0.3625
vn -0.9223 0.1384 -0.3610
vn -0.9104 0.1794 -0.3729
vn -0.9095 0.1855 -0.3720
vn -0.8940 0.2212 -0.3898
vn -0.8873 0.2687 -0.3748
vn -0.8934 0.2370 -0.3816
vn -0.8933 0.2259 -0.3887
vn -0.8900 0.2449 -0.3846
vn -0.8704 0.3047 -0.3866
vn -0.8736 0.2901 -0.3907
vn -0.8509 0.3546 -0.3875
vn -0.8555 0.3360 -0.3940
vn -0.8241 0.3911 -0.4097
vn -0.8181 0.4421 -0.3677
vn -0.8301 0.4032 -0.3851
vn -0.8206 0.4073 -0.4009
vn -0.8178 0.4180 -0.3956
vn -0.7961 0.4792 -0.3697
vn -0.8071 0.4445 -0.3886
vn -0.7781 0.5109 -0.3656
vn -0.7859 0.4875 -0.3804
vn -0.7564 0.5510 -0.3525
vn -0.7643 0.5290 -0.3688
vn -0.7349 0.5887 -0.3367
vn -0.7424 0.5690 -0.3536
vn -0.7133 0.6059 -0.3523
vn -0.7036 0.6467 -0.2944
vn -0.7139 0.6237 -0.3183
vn -0.7113 0.6150 -0.3404
vn -0.7033 0.6360 -0.3177
vn -0.6783 0.6798 -0.2790
vn -0.6834 0.6681 -0.2943
vn -0.6608 0.7057 -0.2555
vn -0.6647 0.6973 -0.2683
vn -0.6447 0.7288 -0.2304
vn -0.6472 0.7236 -0.2397
vn -0.6302 0.7492 -0.2040
vn -0.6323 0.7447 -0.2133
vn -0.6199 0.7637 -0.1800
vn -0.6227 0.7581 -0.1937
vn -0.6133 0.7730 -0.1624
vn -0.6145 0.7706 -0.1689
vn -0.6044 0.7840 -0.1412
vn -0.6036 0.7857 -0.1355
vn -0.5962 0.7949 -0.1126
vn -0.5949 0.7975 -0.1010
vn -0.5899 0.8031 -0.0835
vn -0.5884 0.8059 -0.0656
vn -0.5856 0.8088 -0.0540
vn -0.5846 0.8108 -0.0312
vn -0.5835 0.8117 -0.0257
vn -0.5833 0.8123 -0.0075
vn -0.5824 0.8129 0.0025
vn -0.5833 0.8122 0.0105
vn -0.5838 0.8109 0.0389
vn -0.5848 0.8106 0.0319
vn -0.5871 0.8061 0.0747
vn -0.5885 0.8062 0.0612
vn -0.5928 0.7978 0.1101
vn -0.5942 0.7992 0.0904
vn -0.5998 0.7887 0.1347
vn -0.5986 0.7933 0.1113
vn -0.6050 0.7801 0.1593
vn -0.6058 0.7847 0.1312
vn -0.6159 0.7647 0.1895
vn -0.6150 0.7723 0.1593
vn -0.6260 0.7525 0.2048
vn -0.6296 0.7440 0.2236
vn -0.6284 0.7554 0.1859
vn -0.6447 0.7212 0.2534
vn -0.6422 0.7367 0.2118
vn -0.6614 0.6953 0.2812
vn -0.6577 0.7152 0.2365
vn -0.6781 0.6703 0.3014
vn -0.6700 0.6967 0.2564
vn -0.6917 0.6465 0.3219
vn -0.6861 0.6740 0.2740
vn -0.7108 0.6156 0.3402
vn -0.7025 0.6470 0.2966
vn -0.7269 0.5926 0.3470
vn -0.7326 0.5763 0.3621
vn -0.7250 0.6130 0.3139
vn -0.7536 0.5380 0.3776
vn -0.7456 0.5786 0.3305
vn -0.7746 0.4978 0.3900
vn -0.7666 0.5417 0.3447
vn -0.7951 0.4572 0.3985
vn -0.7867 0.5041 0.3563
vn -0.8132 0.4203 0.4026
vn -0.8045 0.4660 0.3682
vn -0.9705 0.2279 0.0784
vn -0.9662 0.2471 0.0733
vn -0.9695 0.2284 0.0887
vn -0.9577 0.2785 0.0725
vn -0.9618 0.2584 0.0907
vn -0.9485 0.3086 0.0710
vn -0.9533 0.2876 0.0920
vn -0.9389 0.3373 0.0688
vn -0.9442 0.3160 0.0927
vn -0.9293 0.3633 0.0665
vn -0.9354 0.3416 0.0920
vn -0.9200 0.3867 0.0632
vn -0.9259 0.3665 0.0914
vn -0.9104 0.4095 0.0595
vn -0.9161 0.3907 0.0895
vn -0.9009 0.4305 0.0556
vn -0.9063 0.4137 0.0868
vn -0.8917 0.4497 0.0513
vn -0.8965 0.4352 0.0831
vn -0.8830 0.4671 0.0469
vn -0.8869 0.4552 0.0786
vn -0.8754 0.4814 0.0441
vn -0.8805 0.4683 0.0731
vn -0.8699 0.4916 0.0395
vn -0.8724 0.4838 0.0695
vn -0.8628 0.5043 0.0349
vn -0.8644 0.4988 0.0629
vn -0.8565 0.5153 0.0303
vn -0.8572 0.5120 0.0558
vn -0.8509 0.5247 0.0257
vn -0.8508 0.5233 0.0481
vn -0.8461 0.5325 0.0210
vn -0.8454 0.5326 0.0400
vn -0.8424 0.5385 0.0181
vn -0.8431 0.5367 0.0335
vn -0.8407 0.5412 0.0144
vn -0.8396 0.5425 0.0276
vn -0.8380 0.5455 0.0098
vn -0.8369 0.5470 0.0187
vn -0.8362 0.5484 0.0051
vn -0.8355 0.5494 0.0098
vn -0.8353 0.5498 0.0004
vn -0.8352 0.5499 0.0008
vn -0.8353 0.5498 -0.0042
vn -0.8361 0.5486 -0.0078
vn -0.8361 0.5485 -0.0088
vn -0.8381 0.5452 -0.0162
vn -0.8379 0.5456 -0.0138
vn -0.8413 0.5399 -0.0248
vn -0.8407 0.5412 -0.0189
vn -0.8457 0.5327 -0.0331
vn -0.8443 0.5353 -0.0241
vn -0.8510 0.5235 -0.0408
vn -0.8486 0.5283 -0.0277
vn -0.8547 0.5169 -0.0470
vn -0.8515 0.5234 -0.0312
vn -0.8594 0.5087 -0.0512
vn -0.8560 0.5156 -0.0364
vn -0.8667 0.4956 -0.0565
vn -0.8628 0.5038 -0.0419
vn -0.8749 0.4802 -0.0625
vn -0.8704 0.4901 -0.0474
vn -0.8837 0.4632 -0.0677
vn -0.8786 0.4746 -0.0528
vn -0.8928 0.4446 -0.0721
vn -0.8872 0.4579 -0.0571
vn -0.9011 0.4268 -0.0760
vn -0.8957 0.4403 -0.0625
vn -0.9106 0.4058 -0.0781
vn -0.9058 0.4184 -0.0672
vn -0.9204 0.3826 -0.0803
vn -0.9161 0.3945 -0.0714
vn -0.9300 0.3583 -0.0817
vn -0.9265 0.3687 -0.0751
vn -0.9393 0.3330 -0.0824
vn -0.9346 0.3479 -0.0742
vn -0.9445 0.3171 -0.0854
vn -0.9409 0.3292 -0.0792
vn -0.9519 0.2953 -0.0820
vn -0.9512 0.2977 -0.0810
vn -0.9604 0.2665 -0.0812
vn -0.9608 0.2648 -0.0818
vn -0.9682 0.2370 -0.0799
vn -0.9686 0.2354 -0.0803
vn -0.9751 0.2070 -0.0796
vn -0.9774 0.1934 -0.0848
vn -0.9787 0.1862 -0.0864
vn -0.8293 0.3920 0.3984
vn -0.8344 0.3709 0.4076
vn -0.8289 0.4188 0.3708
vn -0.8533 0.3259 0.4070
vn -0.8492 0.3730 0.3739
vn -0.8708 0.2812 0.4034
vn -0.8681 0.3264 0.3739
vn -0.8846 0.2491 0.3942
vn -0.8770 0.2979 0.3769
vn -0.8891 0.2368 0.3917
vn -0.8900 0.2301 0.3937
vn -0.8855 0.2668 0.3803
vn -0.9018 0.2064 0.3797
vn -0.9060 0.1762 0.3848
vn -0.9075 0.2112 0.3630
vn -0.9182 0.1321 0.3734
vn -0.9207 0.1609 0.3557
vn -0.9269 0.1029 0.3609
vn -0.9267 0.1136 0.3583
vn -0.9365 0.0614 0.3453
vn -0.9368 0.0636 0.3439
vn -0.9385 0.0159 0.3450
vn -0.9385 0.0156 0.3448
vn -0.9393 -0.0032 0.3431
vn -0.9779 -0.0154 0.2085
vn -0.9935 -0.0135 0.1129
vn -0.9938 -0.0168 0.1096
vn -0.9383 -0.0407 0.3434
vn -0.9276 -0.0816 0.3646
vn -0.9316 -0.1066 0.3475
vn -0.9352 -0.0531 0.3502
vn -0.9272 -0.1019 0.3603
vn -0.9250 -0.1267 0.3583
vn -0.9143 -0.1647 0.3702
vn -0.9133 -0.1722 0.3692
vn -0.8882 -0.2215 0.4025
vn -0.8892 -0.2700 0.3694
vn -0.8986 -0.2208 0.3792
vn -0.8870 -0.2396 0.3947
vn -0.8843 -0.2553 0.3909
vn -0.8708 -0.3099 0.3817
vn -0.8771 -0.2807 0.3897
vn -0.8551 -0.3443 0.3875
vn -0.8595 -0.3261 0.3937
vn -0.8348 -0.3928 0.3858
vn -0.8405 -0.3713 0.3946
vn -0.8135 -0.4397 0.3806
vn -0.8202 -0.4169 0.3919
vn -0.7912 -0.4851 0.3724
vn -0.8017 -0.4515 0.3917
vn -0.7801 -0.5107 0.3615
vn -0.7919 -0.4756 0.3831
vn -0.7625 -0.5399 0.3565
vn -0.7704 -0.5174 0.3725
vn -0.7410 -0.5782 0.3415
vn -0.7488 -0.5575 0.3585
vn -0.7162 -0.6006 0.3555
vn -0.7087 -0.6393 0.2984
vn -0.7200 -0.6137 0.3239
vn -0.7134 -0.6120 0.3414
vn -0.7091 -0.6236 0.3291
vn -0.6896 -0.6647 0.2876
vn -0.6989 -0.6431 0.3129
vn -0.6745 -0.6855 0.2741
vn -0.6794 -0.6745 0.2890
vn -0.6573 -0.7108 0.2503
vn -0.6609 -0.7030 0.2626
vn -0.6416 -0.7332 0.2251
vn -0.6439 -0.7286 0.2337
vn -0.6275 -0.7529 0.1984
vn -0.6301 -0.7475 0.2103
vn -0.6194 -0.7648 0.1772
vn -0.6213 -0.7611 0.1863
vn -0.6098 -0.7769 0.1568
vn -0.6094 -0.7777 0.1542
vn -0.6005 -0.7892 0.1285
vn -0.5994 -0.7914 0.1202
vn -0.5931 -0.7989 0.0997
vn -0.5917 -0.8017 0.0851
vn -0.5877 -0.8060 0.0702
vn -0.5865 -0.8083 0.0520
vn -0.5846 -0.8102 0.0428
vn -0.5838 -0.8117 0.0184
vn -0.5832 -0.8122 0.0155
vn -0.5830 -0.8123 -0.0175
vn -0.5835 -0.8120 -0.0139
vn -0.5848 -0.8094 -0.0530
vn -0.5860 -0.8091 -0.0435
vn -0.5890 -0.8032 -0.0888
vn -0.5905 -0.8037 -0.0729
vn -0.5947 -0.7960 -0.1128
vn -0.5939 -0.7992 -0.0929
vn -0.5987 -0.7892 -0.1366
vn -0.5999 -0.7921 -0.1123
vn -0.6086 -0.7750 -0.1704
vn -0.6091 -0.7806 -0.1405
vn -0.6191 -0.7608 -0.1945
vn -0.6167 -0.7689 -0.1688
vn -0.6295 -0.7482 -0.2095
vn -0.6343 -0.7369 -0.2336
vn -0.9779 0.0122 0.2086
vn -0.9776 0.0146 0.2100
vn -0.9766 0.0492 0.2092
vn -0.9750 0.0588 0.2141
vn -0.9733 0.0863 0.2127
vn -0.9701 0.1033 0.2198
vn -0.9680 0.1241 0.2180
vn -0.9628 0.1482 0.2261
vn -0.9609 0.1628 0.2242
vn -0.9533 0.1935 0.2318
vn -0.9519 0.2021 0.2302
vn -0.9419 0.2389 0.2361
vn -0.9435 0.2304 0.2381
vn -0.9352 0.2664 0.2332
vn -0.9382 0.2525 0.2368
vn -0.9254 0.2947 0.2382
vn -0.9266 0.2896 0.2398
vn -0.9117 0.3352 0.2378
vn -0.9138 0.3268 0.2411
vn -0.8969 0.3745 0.2354
vn -0.9000 0.3635 0.2405
vn -0.8813 0.4123 0.2308
vn -0.8857 0.3982 0.2386
vn -0.8665 0.4461 0.2241
vn -0.8717 0.4306 0.2339
vn -0.8512 0.4781 0.2166
vn -0.8565 0.4633 0.2275
vn -0.8356 0.5088 0.2069
vn -0.8411 0.4944 0.2191
vn -0.8204 0.5372 0.1956
vn -0.8258 0.5239 0.2087
vn -0.8058 0.5632 0.1831
vn -0.8107 0.5516 0.1964
vn -0.7917 0.5869 0.1693
vn -0.7973 0.5742 0.1860
vn -0.7823 0.6029 0.1565
vn -0.7874 0.5918 0.1727
vn -0.7712 0.6198 0.1451
vn -0.7743 0.6132 0.1562
vn -0.7601 0.6368 0.1293
vn -0.7623 0.6322 0.1384
vn -0.7503 0.6514 0.1130
vn -0.7516 0.6487 0.1193
vn -0.7418 0.6637 0.0962
vn -0.7423 0.6627 0.0992
vn -0.7347 0.6737 0.0792
vn -0.7355 0.6723 0.0846
vn -0.7315 0.6786 0.0664
vn -0.7317 0.6781 0.0688
vn -0.7271 0.6844 0.0542
vn -0.7264 0.6857 0.0468
vn -0.7236 0.6893 0.0366
vn -0.7229 0.6905 0.0244
vn -0.7216 0.6920 0.0190
vn -0.7213 0.6926 0.0019
vn -0.7212 0.6927 0.0015
vn -0.7215 0.6922 -0.0197
vn -0.7221 0.6916 -0.0153
vn -0.7233 0.6893 -0.0414
vn -0.7246 0.6885 -0.0320
vn -0.7271 0.6835 -0.0639
vn -0.7286 0.6832 -0.0494
vn -0.7327 0.6751 -0.0859
vn -0.7340 0.6759 -0.0666
vn -0.7400 0.6640 -0.1072
vn -0.7408 0.6665 -0.0833
vn -0.7481 0.6522 -0.1226
vn -0.7460 0.6589 -0.0964
vn -0.7539 0.6429 -0.1354
vn -0.7521 0.6504 -0.1065
vn -0.7625 0.6287 -0.1526
vn -0.7616 0.6368 -0.1202
vn -0.7750 0.6084 -0.1709
vn -0.7729 0.6198 -0.1358
vn -0.7885 0.5857 -0.1877
vn -0.7853 0.6005 -0.1506
vn -0.8029 0.5606 -0.2028
vn -0.7986 0.5790 -0.1644
vn -0.8174 0.5346 -0.2146
vn -0.8112 0.5574 -0.1768
vn -0.8312 0.5079 -0.2263
vn -0.8256 0.5322 -0.1875
vn -0.8473 0.4758 -0.2361
vn -0.8412 0.5031 -0.1983
vn -0.8633 0.4421 -0.2437
vn -0.8569 0.4718 -0.2076
vn -0.8789 0.4069 -0.2491
vn -0.8727 0.4384 -0.2152
vn -0.8917 0.3788 -0.2479
vn -0.8817 0.4161 -0.2223
vn -0.8997 0.3555 -0.2532
vn -0.8945 0.3877 -0.2225
vn -0.9143 0.3161 -0.2532
vn -0.9098 0.3483 -0.2258
vn -0.9276 0.2765 -0.2511
vn -0.9241 0.3076 -0.2268
vn -0.9397 0.2366 -0.2471
vn -0.9372 0.2656 -0.2259
vn -0.9483 0.2092 -0.2387
vn -0.9435 0.2399 -0.2284
vn -0.9533 0.1833 -0.2400
vn -0.9528 0.2078 -0.2214
vn -0.9629 0.1385 -0.2317
vn -0.9632 0.1587 -0.2168
vn -0.9702 0.0945 -0.2230
vn -0.9711 0.1095 -0.2120
vn -0.9752 0.0511 -0.2153
vn -0.9761 0.0599 -0.2088
vn -0.9777 0.0081 -0.2099
vn -0.9779 0.0097 -0.2089
vn -0.9777 -0.0238 -0.2086
vn -0.9773 -0.0283 -0.2100
vn -0.9764 -0.0525 -0.2094
vn -0.9747 -0.0627 -0.2145
vn -0.9730 -0.0892 -0.2131
vn -0.9696 -0.1068 -0.2203
vn -0.9676 -0.1266 -0.2185
vn -0.9622 -0.1512 -0.2264
vn -0.9604 -0.1648 -0.2246
vn -0.9528 -0.1959 -0.2319
vn -0.9515 -0.2037 -0.2305
vn -0.9415 -0.2406 -0.2361
vn -0.9416 -0.2400 -0.2363
vn -0.9303 -0.2800 -0.2369
vn -0.9317 -0.2738 -0.2387
vn -0.9177 -0.3180 -0.2382
vn -0.9195 -0.3108 -0.2408
vn -0.9034 -0.3577 -0.2367
vn -0.9062 -0.3475 -0.2410
vn -0.8882 -0.3960 -0.2330
vn -0.8919 -0.3837 -0.2393
vn -0.8725 -0.4326 -0.2274
vn -0.8771 -0.4185 -0.2358
vn -0.8569 -0.4664 -0.2197
vn -0.8622 -0.4514 -0.2302
vn -0.8413 -0.4978 -0.2107
vn -0.8468 -0.4832 -0.2225
vn -0.8260 -0.5270 -0.1999
vn -0.8315 -0.5132 -0.2128
vn -0.8112 -0.5538 -0.1879
vn -0.8163 -0.5414 -0.2013
vn -0.7970 -0.5782 -0.1747
vn -0.8016 -0.5676 -0.1878
vn -0.7835 -0.6003 -0.1603
vn -0.7884 -0.5894 -0.1761
vn -0.7742 -0.6157 -0.1469
vn -0.7785 -0.6064 -0.1618
vn -0.7636 -0.6315 -0.1345
vn -0.7661 -0.6262 -0.1444
vn -0.7534 -0.6468 -0.1184
vn -0.7550 -0.6436 -0.1257
vn -0.7445 -0.6598 -0.1018
vn -0.7452 -0.6583 -0.1059
vn -0.7369 -0.6706 -0.0848
vn -0.7370 -0.6705 -0.0852
vn -0.7308 -0.6792 -0.0676
vn -0.7312 -0.6785 -0.0708
vn -0.7283 -0.6830 -0.0554
vn -0.7283 -0.6830 -0.0556
vn -0.7248 -0.6876 -0.0436
vn -0.7241 -0.6889 -0.0333
vn -0.7222 -0.6912 -0.0260
vn -0.7217 -0.6921 -0.0107
vn -0.7212 -0.6927 -0.0083
vn -0.7212 -0.6926 0.0119
vn -0.7217 -0.6922 0.0092
vn -0.7225 -0.6906 0.0329
vn -0.7234 -0.6900 0.0254
vn -0.7251 -0.6865 0.0538
vn -0.7266 -0.6858 0.0416
vn -0.7300 -0.6792 0.0762
vn -0.7314 -0.6794 0.0589
vn -0.7366 -0.6693 0.0978
vn -0.7376 -0.6710 0.0759
vn -0.7448 -0.6566 0.1187
vn -0.7452 -0.6604 0.0925
vn -0.7536 -0.6437 0.1332
vn -0.7507 -0.6522 0.1053
vn -0.7602 -0.6325 0.1487
vn -0.7594 -0.6400 0.1169
vn -0.7723 -0.6128 0.1673
vn -0.7705 -0.6235 0.1327
vn -0.7856 -0.5907 0.1843
vn -0.7826 -0.6048 0.1475
vn -0.7997 -0.5662 0.1997
vn -0.7957 -0.5838 0.1616
vn -0.8125 -0.5451 0.2069
vn -0.8029 -0.5707 0.1723
vn -0.8200 -0.5292 0.2180
vn -0.8149 -0.5512 0.1790
vn -0.8359 -0.4986 0.2293
vn -0.8301 -0.5239 0.1909
vn -0.8519 -0.4663 0.2384
vn -0.8456 -0.4944 0.2011
vn -0.8677 -0.4323 0.2454
vn -0.8613 -0.4626 0.2099
vn -0.8806 -0.4057 0.2449
vn -0.8697 -0.4429 0.2179
vn -0.8881 -0.3848 0.2515
vn -0.8823 -0.4167 0.2188
vn -0.9032 -0.3465 0.2533
vn -0.8980 -0.3789 0.2235
vn -0.9173 -0.3076 0.2529
vn -0.9129 -0.3397 0.2262
vn -0.9303 -0.2682 0.2504
vn -0.9269 -0.2989 0.2269
vn -0.9398 -0.2403 0.2429
vn -0.9339 -0.2735 0.2301
vn -0.9455 -0.2147 0.2449
vn -0.9441 -0.2418 0.2241
vn -0.9563 -0.1707 0.2376
vn -0.9559 -0.1942 0.2204
vn -0.9650 -0.1271 0.2293
vn -0.9655 -0.1461 0.2156
vn -0.9717 -0.0839 0.2209
vn -0.9726 -0.0975 0.2110
vn -0.9760 -0.0411 0.2137
vn -0.9392 -0.0131 0.3430
vn -0.9389 -0.0169 0.3438
vn -0.9778 -0.0131 0.2090
vn -0.9768 -0.0482 0.2085
vn -0.9939 -0.0415 0.1022
vn -0.9913 -0.0834 0.1023
vn -0.9889 -0.0953 0.1139
vn -0.9880 -0.1218 0.0950
vn -0.9857 -0.1378 0.0973
vn -0.9831 -0.1586 0.0917
vn -0.9802 -0.1730 0.0967
vn -0.9779 -0.1915 0.0835
vn -0.9710 -0.2262 0.0779
vn -0.9738 -0.2124 0.0814
vn -0.9689 -0.2346 0.0785
vn -0.9698 -0.2307 0.0796
vn -0.9627 -0.2578 0.0818
vn -0.9621 -0.2603 0.0810
vn -0.9534 -0.2907 0.0812
vn -0.9539 -0.2889 0.0819
vn -0.9433 -0.3222 0.0796
vn -0.9449 -0.3167 0.0823
vn -0.9328 -0.3520 0.0772
vn -0.9375 -0.3374 0.0856
vn -0.9270 -0.3681 0.0717
vn -0.9327 -0.3513 0.0820
vn -0.9190 -0.3874 0.0725
vn -0.9231 -0.3759 0.0808
vn -0.9087 -0.4117 0.0684
vn -0.9135 -0.3991 0.0789
vn -0.8986 -0.4341 0.0639
vn -0.9037 -0.4213 0.0761
vn -0.8888 -0.4544 0.0589
vn -0.8953 -0.4389 0.0761
vn -0.8841 -0.4642 0.0531
vn -0.8908 -0.4487 0.0712
vn -0.8768 -0.4781 0.0516
vn -0.8818 -0.4669 0.0667
vn -0.8687 -0.4931 0.0462
vn -0.8732 -0.4836 0.0613
vn -0.8614 -0.5064 0.0407
vn -0.8651 -0.4985 0.0552
vn -0.8548 -0.5178 0.0352
vn -0.8583 -0.5107 0.0509
vn -0.8514 -0.5236 0.0304
vn -0.8544 -0.5177 0.0449
vn -0.8468 -0.5313 0.0270
vn -0.8485 -0.5279 0.0374
vn -0.8426 -0.5381 0.0218
vn -0.8436 -0.5361 0.0294
vn -0.8393 -0.5434 0.0166
vn -0.8398 -0.5426 0.0210
vn -0.8370 -0.5471 0.0116
vn -0.8371 -0.5469 0.0129
vn -0.8358 -0.5490 0.0070
vn -0.8357 -0.5492 0.0047
vn -0.8352 -0.5499 0.0025
vn -0.8352 -0.5499 -0.0042
vn -0.8355 -0.5494 -0.0023
vn -0.8359 -0.5487 -0.0133
vn -0.8368 -0.5474 -0.0069
vn -0.8378 -0.5454 -0.0223
vn -0.8390 -0.5440 -0.0116
vn -0.8407 -0.5408 -0.0281
vn -0.8402 -0.5420 -0.0150
vn -0.8424 -0.5377 -0.0343
vn -0.8434 -0.5370 -0.0180
vn -0.8471 -0.5297 -0.0427
vn -0.8476 -0.5301 -0.0226
vn -0.8528 -0.5198 -0.0507
vn -0.8527 -0.5217 -0.0272
vn -0.8595 -0.5079 -0.0582
vn -0.8585 -0.5118 -0.0318
vn -0.8670 -0.4941 -0.0652
vn -0.8651 -0.5003 -0.0364
vn -0.8748 -0.4795 -0.0696
vn -0.8704 -0.4906 -0.0409
vn -0.8812 -0.4667 -0.0753
vn -0.8778 -0.4770 -0.0440
vn -0.8905 -0.4478 -0.0804
vn -0.8862 -0.4607 -0.0486
vn -0.9001 -0.4273 -0.0846
vn -0.8951 -0.4428 -0.0529
vn -0.9099 -0.4054 -0.0879
vn -0.9043 -0.4230 -0.0571
vn -0.9198 -0.3819 -0.0903
vn -0.9139 -0.4013 -0.0609
vn -0.9295 -0.3573 -0.0918
vn -0.9235 -0.3781 -0.0644
vn -0.9390 -0.3313 -0.0927
vn -0.9334 -0.3526 -0.0673
vn -0.9483 -0.3036 -0.0925
vn -0.9431 -0.3250 -0.0698
vn -0.9571 -0.2750 -0.0915
vn -0.9525 -0.2958 -0.0717
vn -0.9652 -0.2457 -0.0899
vn -0.9614 -0.2653 -0.0729
vn -0.9722 -0.2175 -0.0871
vn -0.9689 -0.2361 -0.0739
vn -0.9718 -0.2226 -0.0773
vn 0.0000 -0.4969 -0.8678
vn 0.0137 -0.5949 -0.8037
vn 0.0000 -0.6842 -0.7293
vn 0.0000 -0.8341 -0.5517
vn 0.0130 -0.8929 -0.4500
vn 0.0000 -0.9391 -0.3437
vn 0.0000 -0.9932 -0.1162
vn 0.0127 -0.9999 0.0000
vn 0.0000 -0.9932 0.1166
vn 0.0000 -0.9391 0.3437
vn 0.0130 -0.8929 0.4500
vn 0.0000 -0.8341 0.5515
vn 0.0000 -0.6843 0.7292
vn 0.0137 -0.5948 0.8037
vn 0.0000 -0.4970 0.8677
vn 0.0000 0.5028 -0.8644
vn 0.0201 0.3986 -0.9169
vn 0.0000 0.2892 -0.9573
vn 0.0000 0.0356 -0.9994
vn 0.0183 -0.0567 -0.9982
vn 0.0000 -0.1966 -0.9805
vn 0.0000 -0.3955 -0.9185
vn 0.0183 -0.4999 -0.8659
vn 0.0000 -0.5972 -0.8021
vn 0.0000 -0.7667 -0.6421
vn 0.0175 -0.8361 -0.5483
vn 0.0000 -0.8944 -0.4473
vn 0.0000 -0.9736 -0.2284
vn 0.0171 -0.9934 -0.1133
vn 0.0000 -1.0000 0.0029
vn 0.0000 1.0000 0.0033
vn 0.0171 0.9934 -0.1133
vn 0.0000 0.9736 -0.2281
vn 0.0000 0.8942 -0.4476
vn 0.0175 0.8361 -0.5483
vn 0.0000 0.7665 -0.6423
vn 0.0000 0.5974 -0.8019
vn 0.0183 0.4999 -0.8659
vn 0.0000 0.3956 -0.9184
vn 0.0000 -0.3987 -0.9171
vn 0.0392 -0.4992 -0.8656
vn 0.0000 -0.2889 -0.9574
vn 0.0000 0.0568 -0.9984
vn 0.0296 -0.0314 -0.9991
vn 0.0000 0.1966 -0.9805
vn 0.0000 0.4968 0.8679
vn 0.0137 0.5948 0.8037
vn 0.0000 0.6840 0.7295
vn 0.0000 0.8341 0.5515
vn 0.0130 0.8929 0.4500
vn 0.0000 0.9391 0.3437
vn 0.0000 0.9932 0.1164
vn 0.0127 0.9999 0.0000
vn 0.0000 0.9932 -0.1165
vn 0.0000 0.9391 -0.3435
vn 0.0130 0.8929 -0.4500
vn 0.0000 0.8342 -0.5514
vn 0.0000 0.6839 -0.7296
vn 0.0137 0.5949 -0.8037
vn 0.0000 0.4966 -0.8680
vn 0.0000 -0.5026 0.8645
vn 0.0201 -0.3986 0.9169
vn 0.0000 -0.2889 0.9573
vn 0.0000 -0.0356 0.9994
vn 0.0183 0.0567 0.9982
vn 0.0000 0.1966 0.9805
vn 0.0000 0.3959 0.9183
vn 0.0183 0.4999 0.8659
vn 0.0000 0.5976 0.8018
vn 0.0000 0.7665 0.6422
vn 0.0175 0.8361 0.5483
vn 0.0000 0.8943 0.4475
vn 0.0000 0.9736 0.2282
vn 0.0171 0.9934 0.1133
vn 0.0000 1.0000 -0.0032
vn 0.0000 -1.0000 -0.0030
vn 0.0171 -0.9934 0.1133
vn 0.0000 -0.9736 0.2284
vn 0.0000 -0.8944 0.4472
vn 0.0175 -0.8361 0.5483
vn 0.0000 -0.7667 0.6420
vn 0.0000 -0.5973 0.8021
vn 0.0183 -0.4999 0.8659
vn 0.0000 -0.3956 0.9184
vn 0.0000 0.3987 0.9171
vn 0.0392 0.4991 0.8657
vn 0.0000 0.2888 0.9574
vn 0.0000 -0.0567 0.9984
vn 0.0296 0.0314 0.9991
vn 0.0000 -0.1966 0.9805
vn -0.9659 -0.2588 0.0000
vn -0.2588 -0.9659 0.0000
vn 0.2588 -0.9659 0.0000
vn 0.7071 -0.7071 0.0000
vn 0.9659 -0.2588 0.0000
vn 0.9659 0.2588 0.0000
vn 0.7071 0.7071 0.0000
vn 0.2588 0.9659 0.0000
vn -0.2588 0.9659 0.0000
vn -0.9659 0.2588 0.0000
vn 0.9659 -0.2589 0.0000
vn 0.9659 0.2589 0.0000
vn 0.2589 -0.9659 0.0000
vn 0.2589 0.9659 0.0000
vn 0.0000 -0.2588 0.9659
vn 0.0000 -0.7071 0.7071
vn 0.0000 -0.9659 0.2588
vn 0.0000 -0.9659 -0.2588
vn 0.0000 -0.7071 -0.7071
vn 0.0000 -0.2588 -0.9659
vn 0.0000 0.2588 -0.9659
vn 0.0000 0.7071 -0.7071
vn 0.0000 0.9659 -0.2588
vn 0.0000 0.9659 0.2588
vn 0.0000 0.7071 0.7071
vn 0.0000 0.2588 0.9659
vn 0.0000 -0.9659 0.2589
vn 0.0000 0.9659 0.2589
vn 0.0000 -0.2589 0.9659
vn 0.0000 0.2589 0.9659
vn 0.9960 0.0896 0.0000
vn 0.9640 0.2660 0.0000
vn 0.9010 0.4339 0.0000
vn 0.8090 0.5878 0.0000
vn 0.6911 0.7228 0.0000
vn 0.5509 0.8346 0.0000
vn 0.3930 0.9195 0.0000
vn 0.2225 0.9749 0.0000
vn 0.0449 0.9990 0.0000
vn -0.1342 0.9910 0.0000
vn -0.3090 0.9511 0.0000
vn -0.4739 0.8806 0.0000
vn -0.6235 0.7818 0.0000
vn -0.7531 0.6579 0.0000
vn -0.8584 0.5129 0.0000
vn -0.9362 0.3514 0.0000
vn -0.9839 0.1786 0.0000
vn -0.9839 -0.1786 0.0000
vn -0.9362 -0.3514 0.0000
vn -0.8584 -0.5129 0.0000
vn -0.7531 -0.6579 0.0000
vn -0.6235 -0.7818 0.0000
vn -0.4739 -0.8806 0.0000
vn -0.3090 -0.9511 0.0000
vn -0.1342 -0.9910 0.0000
vn 0.0449 -0.9990 0.0000
vn 0.2225 -0.9749 0.0000
vn 0.3930 -0.9195 0.0000
vn 0.5509 -0.8346 0.0000
vn 0.6911 -0.7228 0.0000
vn 0.8090 -0.5878 0.0000
vn 0.9010 -0.4339 0.0000
vn 0.9640 -0.2660 0.0000
vn 0.9960 -0.0896 0.0000
vn 0.3153 -0.9490 0.0000
vn 0.3930 -0.9194 0.0134
vn 0.3991 -0.9169 0.0000
vn -0.9990 0.0449 0.0000
vn -0.9988 0.0000 0.0492
vn -0.9990 -0.0449 0.0000
vn 0.7730 -0.6344 0.0000
vn 0.6344 -0.7730 0.0000
vn 0.4824 -0.8759 0.0000
vn 0.4710 -0.8811 -0.0429
vn 0.3943 -0.9190 0.0000
vn 0.2903 -0.9569 0.0000
vn 0.0980 -0.9952 0.0000
vn -0.0980 -0.9952 0.0000
vn -0.2903 -0.9569 0.0000
vn -0.4714 -0.8819 0.0000
vn -0.6344 -0.7730 0.0000
vn -0.7730 -0.6344 0.0000
vn -0.8819 -0.4714 0.0000
vn -0.8749 -0.4819 -0.0492
vn -0.9166 -0.3998 -0.0030
vn -0.9215 -0.3883 0.0000
vn -0.9569 -0.2903 0.0000
vn -0.9952 -0.0980 0.0000
vn -0.9952 0.0980 0.0000
vn -0.9569 0.2903 0.0000
vn -0.9215 0.3883 0.0000
vn -0.9166 0.3998 -0.0030
vn -0.8811 0.4710 -0.0429
vn -0.8759 0.4824 0.0000
vn -0.7730 0.6344 0.0000
vn -0.6344 0.7730 0.0000
vn -0.4714 0.8819 0.0000
vn -0.4819 0.8749 -0.0492
vn -0.3998 0.9166 -0.0030
vn -0.3883 0.9215 0.0000
vn -0.2903 0.9569 0.0000
vn -0.0980 0.9952 0.0000
vn 0.0980 0.9952 0.0000
vn 0.2903 0.9569 0.0000
vn 0.3883 0.9215 0.0000
vn 0.3998 0.9166 -0.0030
vn 0.4710 0.8811 -0.0429
vn 0.4824 0.8759 0.0000
vn 0.6344 0.7730 0.0000
vn 0.7730 0.6344 0.0000
vn 0.8759 0.4824 0.0000
vn 0.8811 0.4710 -0.0429
vn 0.9190 0.3943 0.0000
vn 0.9569 0.2903 0.0000
vn 0.9952 0.0980 0.0000
vn 0.9952 -0.0980 0.0000
vn 0.9569 -0.2903 0.0000
vn 0.9190 -0.3943 0.0000
vn 0.8811 -0.4710 -0.0429
vn 0.8759 -0.4824 0.0000
vn 0.7054 0.0695 -0.7054
vn 0.6783 0.2058 -0.7054
vn 0.6251 0.3341 -0.7054
vn 0.5479 0.4497 -0.7054
vn 0.4497 0.5479 -0.7054
vn 0.3341 0.6251 -0.7054
vn 0.2058 0.6783 -0.7054
vn 0.0695 0.7054 -0.7054
vn -0.0695 0.7054 -0.7054
vn -0.2058 0.6783 -0.7054
vn -0.3341 0.6251 -0.7054
vn -0.4497 0.5479 -0.7054
vn -0.5479 0.4497 -0.7054
vn -0.6251 0.3341 -0.7054
vn -0.6783 0.2058 -0.7054
vn -0.7054 0.0695 -0.7054
vn -0.7054 -0.0695 -0.7054
vn -0.6783 -0.2058 -0.7054
vn -0.6251 -0.3341 -0.7054
vn -0.5479 -0.4497 -0.7054
vn -0.4497 -0.5479 -0.7054
vn -0.3341 -0.6251 -0.7054
vn -0.2058 -0.6783 -0.7054
vn -0.0695 -0.7054 -0.7054
vn 0.0695 -0.7054 -0.7054
vn 0.2058 -0.6783 -0.7054
vn 0.3341 -0.6251 -0.7054
vn 0.4497 -0.5479 -0.7054
vn 0.5479 -0.4497 -0.7054
vn 0.6251 -0.3341 -0.7054
vn 0.6783 -0.2058 -0.7054
vn 0.7054 -0.0695 -0.7054
vn -0.3849 -0.9142 0.1269
vn -0.3653 -0.9309 0.0000
vn -0.8262 -0.5633 0.0000
vn -0.9556 -0.2948 0.0000
vn -0.9972 -0.0747 0.0000
vn -0.9972 0.0747 0.0000
vn -0.2464 -0.9692 0.0000
vn -0.0747 -0.9972 0.0000
vn 0.5000 -0.8660 0.0000
vn 0.7331 -0.6802 0.0000
vn 0.9888 -0.1490 0.0000
vn 0.9888 0.1490 0.0000
vn 0.7331 0.6802 0.0000
vn 0.5000 0.8660 0.0000
vn -0.0747 0.9972 0.0000
vn -0.3653 0.9309 0.0000
vn -0.8262 0.5633 0.0000
vn -0.9556 0.2948 0.0000
vn 0.7071 -0.7072 0.0000
vn -0.7072 0.7071 0.0000
vn -0.7072 -0.7071 0.0000
vn 0.7071 0.7072 0.0000
vn 0.7072 -0.7071 0.0000
vn -0.7071 0.7072 0.0000
vn -0.7071 -0.7072 0.0000
vn 0.7072 0.7071 0.0000
vn 0.9957 0.0923 0.0000
vn 0.9618 0.2737 0.0000
vn 0.8952 0.4457 0.0000
vn 0.7980 0.6026 0.0000
vn 0.6737 0.7390 0.0000
vn 0.5264 0.8502 0.0000
vn 0.3612 0.9325 0.0000
vn 0.1837 0.9830 0.0000
vn -0.1837 0.9830 0.0000
vn -0.3612 0.9325 0.0000
vn -0.5264 0.8502 0.0000
vn -0.6737 0.7390 0.0000
vn -0.7980 0.6026 0.0000
vn -0.8952 0.4457 0.0000
vn -0.9618 0.2737 0.0000
vn -0.9957 0.0923 0.0000
vn -0.9957 -0.0923 0.0000
vn -0.9618 -0.2737 0.0000
vn -0.8952 -0.4457 0.0000
vn -0.7980 -0.6026 0.0000
vn -0.6737 -0.7390 0.0000
vn -0.5264 -0.8502 0.0000
vn -0.3612 -0.9325 0.0000
vn -0.1837 -0.9830 0.0000
vn 0.1837 -0.9830 0.0000
vn 0.3612 -0.9325 0.0000
vn 0.5264 -0.8502 0.0000
vn 0.6737 -0.7390 0.0000
vn 0.7980 -0.6026 0.0000
vn 0.8952 -0.4457 0.0000
vn 0.9618 -0.2737 0.0000
vn 0.9957 -0.0923 0.0000
vn 0.0001 0.0000 1.0000
vn -0.0001 0.0000 1.0000
vn 0.0002 0.0000 1.0000
vn -0.6012 -0.7991 0.0000
vn -0.7952 0.6064 0.0000
vn -0.9028 0.4300 0.0000
vn -0.9439 0.3303 0.0000
vn -0.9719 0.2352 0.0026
vn -0.9729 0.2312 0.0000
vn -0.9995 0.0304 0.0000
vn -0.9845 -0.1756 0.0000
vn -0.9546 -0.2978 0.0000
vn -0.9280 -0.3724 0.0112
vn -0.9273 -0.3742 0.0122
vn -0.7618 -0.6478 0.0000
vn -0.8306 -0.5568 0.0000
vn -0.8948 -0.4465 0.0000
vn -0.6352 -0.7724 0.0000
vn -0.6585 -0.7525 -0.0036
vn -0.6984 -0.7156 -0.0141
vn -0.7029 -0.7112 -0.0112
vn -0.7459 -0.6660 -0.0016
vn -0.5715 -0.8206 -0.0057
vn -0.5364 -0.8438 -0.0155
vn -0.5254 -0.8508 -0.0100
vn -0.4674 -0.8840 0.0000
vn -0.4353 -0.9003 0.0000
vn -0.3866 -0.9222 0.0042
vn -0.3399 -0.9404 -0.0128
vn -0.2893 -0.9572 0.0000
vn -0.1516 -0.9884 0.0000
vn 0.0548 -0.9985 0.0000
vn 0.3916 -0.9201 0.0000
vn 0.4518 -0.8920 0.0156
vn 0.4846 -0.8747 0.0000
vn 0.6255 -0.7802 0.0000
vn 0.8232 -0.5678 0.0000
vn 0.7836 -0.6212 -0.0082
vn 0.7724 -0.6349 -0.0156
vn 0.7453 -0.6667 -0.0058
vn 0.7201 -0.6939 0.0000
vn 0.8730 -0.4876 0.0000
vn 0.8865 -0.4626 -0.0135
vn 0.9188 -0.3948 0.0000
vn 0.9451 -0.3267 0.0000
vn 0.9626 -0.2705 -0.0166
vn 0.9738 -0.2273 0.0000
vn 0.9874 -0.1583 0.0000
vn 0.9977 -0.0669 -0.0067
vn 0.9985 -0.0554 0.0000
vn 0.9967 0.0814 0.0000
vn 0.9901 0.1396 -0.0167
vn 0.9829 0.1839 0.0000
vn 0.9627 0.2704 0.0000
vn 0.9425 0.3340 -0.0128
vn 0.9297 0.3684 0.0028
vn 0.3306 0.9438 0.0000
vn 0.3286 0.9445 -0.0006
vn 0.3989 0.9170 0.0004
vn 0.4244 0.9054 0.0059
vn 0.4521 0.8920 0.0000
vn 0.5669 0.8238 0.0000
vn 0.7241 0.6897 0.0000
vn 0.8504 0.5261 0.0000
vn 0.9030 0.4296 0.0000
vn -0.6087 0.7934 0.0000
vn -0.7934 0.6087 0.0000
vn -0.7934 -0.6087 0.0000
vn -0.6087 -0.7934 0.0000
vn 0.6087 -0.7934 0.0000
vn 0.7934 -0.6087 0.0000
vn 0.7934 0.6087 0.0000
vn 0.6087 0.7934 0.0000
vn 0.6237 -0.7817 0.0000
vn -0.9991 0.0000 -0.0419
vn 0.7404 -0.6722 0.0000
vn 0.6908 -0.7225 -0.0281
vn 0.7062 -0.7053 -0.0618
vn 0.6565 -0.7543 -0.0008
vn -0.9658 -0.2594 -0.0002
vn -0.9657 -0.2596 -0.0002
vn -0.9666 -0.2564 0.0007
vn 0.9660 0.2587 0.0000
usemtl None
s off
f 1//1 2//1 3//1
f 4//1 5//1 6//1
f 7//1 8//1 9//1
f 9//1 8//1 10//1
f 9//1 10//1 11//1
f 12//1 13//1 14//1
f 10//1 15//1 11//1
f 11//1 15//1 16//1
f 11//1 16//1 17//1
f 17//1 16//1 18//1
f 17//1 18//1 19//1
f 19//1 18//1 20//1
f 19//1 20//1 21//1
f 21//1 20//1 22//1
f 21//1 22//1 13//1
f 13//1 22//1 23//1
f 13//1 23//1 14//1
f 24//1 25//1 26//1
f 26//1 25//1 27//1
f 25//1 28//1 27//1
f 27//1 28//1 29//1
f 27//1 29//1 30//1
f 31//1 32//1 33//1
f 33//1 32//1 34//1
f 34//1 35//1 36//1
f 36//1 35//1 37//1
f 36//1 37//1 38//1
f 38//1 37//1 39//1
f 38//1 39//1 40//1
f 40//1 39//1 41//1
f 40//1 41//1 26//1
f 26//1 41//1 42//1
f 26//1 42//1 24//1
f 43//1 44//1 3//1
f 44//1 45//1 3//1
f 3//1 45//1 46//1
f 3//1 46//1 47//1
f 46//1 48//1 47//1
f 47//1 48//1 49//1
f 47//1 49//1 50//1
f 50//1 49//1 51//1
f 50//1 51//1 52//1
f 52//1 51//1 53//1
f 52//1 53//1 54//1
f 54//1 53//1 55//1
f 54//1 55//1 56//1
f 55//1 57//1 56//1
f 56//1 57//1 58//1
f 56//1 58//1 59//1
f 59//1 58//1 60//1
f 59//1 60//1 43//1
f 12//1 61//1 13//1
f 13//1 61//1 62//1
f 13//1 62//1 21//1
f 63//1 64//1 12//1
f 12//1 64//1 65//1
f 12//1 65//1 61//1
f 66//1 67//1 68//1
f 68//1 67//1 69//1
f 69//1 67//1 70//1
f 69//1 70//1 71//1
f 72//1 73//1 74//1
f 74//1 73//1 75//1
f 74//1 75//1 12//1
f 12//1 75//1 76//1
f 12//1 76//1 63//1
f 63//1 77//1 64//1
f 64//1 77//1 78//1
f 64//1 78//1 79//1
f 79//1 78//1 80//1
f 79//1 80//1 81//1
f 81//1 80//1 66//1
f 81//1 66//1 82//1
f 82//1 66//1 68//1
f 83//1 84//1 33//1
f 33//1 84//1 69//1
f 33//1 69//1 74//1
f 74//1 69//1 71//1
f 74//1 71//1 72//1
f 34//1 36//1 33//1
f 33//1 36//1 85//1
f 33//1 85//1 83//1
f 26//1 86//1 87//1
f 88//1 89//1 90//1
f 91//1 38//1 92//1
f 92//1 38//1 40//1
f 92//1 40//1 93//1
f 93//1 40//1 26//1
f 93//1 26//1 90//1
f 90//1 26//1 87//1
f 90//1 87//1 88//1
f 89//1 47//1 94//1
f 94//1 47//1 50//1
f 94//1 50//1 95//1
f 95//1 50//1 52//1
f 95//1 52//1 96//1
f 97//1 98//1 99//1
f 99//1 98//1 100//1
f 98//1 101//1 100//1
f 100//1 101//1 102//1
f 100//1 102//1 103//1
f 104//1 105//1 106//1
f 102//1 107//1 103//1
f 103//1 107//1 108//1
f 103//1 108//1 104//1
f 104//1 108//1 109//1
f 104//1 109//1 105//1
f 106//1 110//1 104//1
f 104//1 110//1 111//1
f 104//1 111//1 59//1
f 59//1 111//1 112//1
f 59//1 112//1 56//1
f 99//1 113//1 97//1
f 97//1 113//1 114//1
f 97//1 114//1 115//1
f 115//1 114//1 116//1
f 115//1 116//1 117//1
f 117//1 116//1 110//1
f 117//1 110//1 118//1
f 118//1 110//1 106//1
f 119//1 120//1 121//1
f 122//1 123//1 124//1
f 125//1 126//1 127//1
f 128//1 129//1 130//1
f 130//1 129//1 131//1
f 130//1 131//1 132//1
f 132//1 131//1 122//1
f 132//1 122//1 126//1
f 126//1 122//1 124//1
f 126//1 124//1 127//1
f 125//1 11//1 133//1
f 133//1 11//1 17//1
f 133//1 17//1 134//1
f 134//1 17//1 19//1
f 134//1 19//1 135//1
f 1//1 3//1 136//1
f 136//1 3//1 27//1
f 136//1 27//1 137//1
f 137//1 27//1 138//1
f 138//1 27//1 30//1
f 138//1 30//1 139//1
f 5//1 140//1 6//1
f 6//1 140//1 141//1
f 6//1 141//1 139//1
f 139//1 141//1 142//1
f 139//1 142//1 138//1
f 5//1 7//1 140//1
f 140//1 7//1 9//1
f 140//1 9//1 143//1
f 143//1 9//1 144//1
f 120//1 145//1 121//1
f 121//1 145//1 100//1
f 121//1 100//1 146//1
f 146//1 100//1 103//1
f 146//1 103//1 147//1
f 147//1 103//1 148//1
f 147//1 148//1 149//1
f 149//1 148//1 150//1
f 43//1 3//1 59//1
f 59//1 3//1 2//1
f 59//1 2//1 104//1
f 104//1 2//1 151//1
f 104//1 151//1 103//1
f 103//1 151//1 152//1
f 103//1 152//1 148//1
f 121//1 153//1 119//1
f 119//1 153//1 154//1
f 119//1 154//1 155//1
f 155//1 154//1 156//1
f 155//1 156//1 129//1
f 129//1 156//1 157//1
f 129//1 157//1 131//1
f 131//1 157//1 158//1
f 131//1 158//1 122//1
f 158//1 159//1 122//1
f 122//1 159//1 160//1
f 122//1 160//1 150//1
f 150//1 160//1 161//1
f 150//1 161//1 149//1
f 162//1 163//1 150//1
f 150//1 163//1 164//1
f 150//1 164//1 122//1
f 122//1 164//1 165//1
f 122//1 165//1 123//1
f 148//1 144//1 150//1
f 150//1 144//1 9//1
f 150//1 9//1 162//1
f 162//1 9//1 166//1
f 127//1 167//1 125//1
f 125//1 167//1 168//1
f 125//1 168//1 11//1
f 11//1 168//1 169//1
f 11//1 169//1 9//1
f 9//1 169//1 170//1
f 9//1 170//1 166//1
f 88//1 171//1 89//1
f 89//1 171//1 172//1
f 89//1 172//1 47//1
f 47//1 172//1 173//1
f 47//1 173//1 3//1
f 174//1 27//1 175//1
f 175//1 27//1 3//1
f 175//1 3//1 176//1
f 176//1 3//1 173//1
f 174//1 177//1 27//1
f 27//1 177//1 178//1
f 27//1 178//1 26//1
f 26//1 178//1 179//1
f 26//1 179//1 86//1
f 14//1 4//1 12//1
f 12//1 4//1 6//1
f 12//1 6//1 74//1
f 74//1 6//1 139//1
f 74//1 139//1 33//1
f 33//1 139//1 30//1
f 33//1 30//1 31//1
f 31//1 30//1 29//1
f 180//2 181//2 182//2
f 182//2 181//2 183//2
f 182//2 183//2 184//2
f 182//2 185//2 186//2
f 182//2 186//2 187//2
f 187//2 186//2 188//2
f 187//2 188//2 189//2
f 184//2 190//2 182//2
f 182//2 190//2 191//2
f 182//2 191//2 185//2
f 192//2 193//2 194//2
f 195//2 196//2 197//2
f 188//2 198//2 189//2
f 189//2 198//2 199//2
f 189//2 199//2 200//2
f 200//2 199//2 201//2
f 200//2 201//2 202//2
f 202//2 201//2 203//2
f 202//2 203//2 192//2
f 192//2 203//2 204//2
f 192//2 204//2 193//2
f 194//2 205//2 192//2
f 192//2 205//2 206//2
f 192//2 206//2 207//2
f 195//2 197//2 208//2
f 180//2 182//2 209//2
f 209//2 182//2 210//2
f 209//2 210//2 211//2
f 211//2 210//2 212//2
f 211//2 212//2 213//2
f 213//2 212//2 214//2
f 213//2 214//2 215//2
f 196//2 216//2 197//2
f 197//2 216//2 217//2
f 197//2 217//2 218//2
f 218//2 217//2 219//2
f 218//2 219//2 220//2
f 214//2 221//2 215//2
f 215//2 221//2 222//2
f 215//2 222//2 223//2
f 223//2 222//2 224//2
f 223//2 224//2 225//2
f 225//2 224//2 226//2
f 225//2 226//2 219//2
f 219//2 226//2 227//2
f 219//2 227//2 220//2
f 228//2 187//2 229//2
f 229//2 187//2 230//2
f 229//2 230//2 231//2
f 231//2 230//2 232//2
f 231//2 232//2 233//2
f 233//2 232//2 234//2
f 233//2 234//2 235//2
f 235//2 234//2 236//2
f 235//2 236//2 237//2
f 237//2 236//2 238//2
f 237//2 238//2 239//2
f 239//2 238//2 240//2
f 239//2 240//2 241//2
f 241//2 240//2 242//2
f 241//2 242//2 243//2
f 243//2 242//2 182//2
f 228//2 244//2 187//2
f 187//2 244//2 245//2
f 187//2 245//2 182//2
f 182//2 245//2 246//2
f 182//2 246//2 243//2
f 207//2 208//2 192//2
f 192//2 208//2 197//2
f 192//2 197//2 247//2
f 247//2 248//2 192//2
f 192//2 248//2 249//2
f 192//2 249//2 250//2
f 250//2 249//2 251//2
f 250//2 251//2 252//2
f 253//2 254//2 255//2
f 256//2 257//2 258//2
f 259//2 260//2 261//2
f 261//2 260//2 252//2
f 261//2 252//2 262//2
f 262//2 252//2 251//2
f 258//2 263//2 256//2
f 256//2 263//2 264//2
f 256//2 264//2 265//2
f 265//2 264//2 266//2
f 265//2 266//2 261//2
f 261//2 266//2 267//2
f 268//2 269//2 197//2
f 197//2 269//2 258//2
f 257//2 270//2 258//2
f 258//2 270//2 271//2
f 258//2 271//2 197//2
f 197//2 271//2 272//2
f 197//2 272//2 247//2
f 197//2 273//2 268//2
f 268//2 273//2 274//2
f 268//2 274//2 275//2
f 275//2 274//2 276//2
f 275//2 276//2 277//2
f 277//2 276//2 278//2
f 277//2 278//2 279//2
f 280//2 281//2 282//2
f 282//2 281//2 259//2
f 282//2 259//2 283//2
f 284//2 253//2 285//2
f 285//2 253//2 255//2
f 285//2 255//2 286//2
f 286//2 255//2 287//2
f 267//2 288//2 261//2
f 261//2 288//2 289//2
f 261//2 289//2 259//2
f 259//2 289//2 290//2
f 259//2 290//2 283//2
f 291//2 292//2 293//2
f 293//2 292//2 294//2
f 293//2 294//2 295//2
f 295//2 294//2 296//2
f 295//2 296//2 297//2
f 254//2 298//2 255//2
f 255//2 298//2 299//2
f 255//2 299//2 300//2
f 300//2 299//2 301//2
f 300//2 301//2 302//2
f 302//2 301//2 303//2
f 302//2 303//2 304//2
f 304//2 303//2 305//2
f 304//2 305//2 306//2
f 306//2 305//2 297//2
f 306//2 297//2 307//2
f 307//2 297//2 296//2
f 278//2 308//2 279//2
f 279//2 308//2 309//2
f 279//2 309//2 293//2
f 293//2 309//2 310//2
f 293//2 310//2 291//2
f 311//2 312//2 255//2
f 255//2 312//2 281//2
f 255//2 281//2 287//2
f 287//2 281//2 280//2
f 312//2 313//2 281//2
f 281//2 313//2 314//2
f 281//2 314//2 315//2
f 315//2 314//2 316//2
f 315//2 316//2 317//2
f 317//2 316//2 318//2
f 317//2 318//2 319//2
f 319//2 318//2 320//2
f 319//2 320//2 321//2
f 321//2 320//2 322//2
f 321//2 322//2 323//2
f 323//2 322//2 324//2
f 323//2 324//2 325//2
f 325//2 324//2 326//2
f 325//2 326//2 327//2
f 327//2 326//2 328//2
f 327//2 328//2 255//2
f 255//2 328//2 329//2
f 255//2 329//2 311//2
f 330//3 331//3 332//3
f 330//4 332//4 333//4
f 333//5 332//5 334//5
f 333//6 334//6 335//6
f 335//7 336//7 333//7
f 333//8 336//8 337//8
f 333//9 337//9 338//9
f 338//10 337//10 339//10
f 340//11 341//11 342//11
f 340//12 342//12 343//12
f 344//13 345//13 346//13
f 347//14 348//14 349//14
f 349//15 350//15 347//15
f 347//16 350//16 351//16
f 347//17 351//17 352//17
f 352//18 353//18 347//18
f 347//19 353//19 354//19
f 347//20 354//20 333//20
f 333//21 354//21 355//21
f 333//22 355//22 330//22
f 356//23 357//23 358//23
f 359//24 360//24 358//24
f 358//25 360//25 361//25
f 358//26 361//26 356//26
f 359//27 358//27 362//27
f 362//28 358//28 363//28
f 362//29 363//29 364//29
f 357//30 365//30 358//30
f 358//31 365//31 366//31
f 358//32 366//32 367//32
f 367//33 368//33 358//33
f 358//34 368//34 344//34
f 358//20 344//20 342//20
f 342//35 344//35 346//35
f 342//36 346//36 343//36
f 369//37 370//37 371//37
f 372//38 373//38 374//38
f 374//39 373//39 375//39
f 375//40 369//40 374//40
f 374//41 369//41 371//41
f 374//42 371//42 363//42
f 363//43 371//43 376//43
f 363//44 376//44 364//44
f 377//45 374//45 378//45
f 378//46 374//46 379//46
f 378//47 379//47 380//47
f 377//48 381//48 374//48
f 374//49 381//49 382//49
f 374//50 382//50 372//50
f 383//51 384//51 385//51
f 383//52 385//52 386//52
f 386//53 385//53 387//53
f 386//54 387//54 388//54
f 388//55 389//55 386//55
f 386//56 389//56 390//56
f 386//57 390//57 379//57
f 379//58 390//58 391//58
f 379//59 391//59 380//59
f 392//60 393//60 394//60
f 392//61 394//61 395//61
f 396//62 397//62 398//62
f 399//63 400//63 401//63
f 401//64 402//64 399//64
f 399//65 402//65 403//65
f 399//66 403//66 404//66
f 404//67 405//67 399//67
f 399//68 405//68 406//68
f 399//69 406//69 386//69
f 386//70 406//70 407//70
f 386//71 407//71 383//71
f 408//72 409//72 410//72
f 411//73 412//73 410//73
f 410//74 412//74 413//74
f 410//75 413//75 408//75
f 411//76 410//76 414//76
f 414//77 410//77 415//77
f 414//59 415//59 416//59
f 409//78 417//78 410//78
f 410//79 417//79 418//79
f 410//80 418//80 419//80
f 419//81 420//81 410//81
f 410//82 420//82 396//82
f 410//69 396//69 394//69
f 394//83 396//83 398//83
f 394//84 398//84 395//84
f 421//85 422//85 423//85
f 424//39 425//39 426//39
f 426//38 425//38 427//38
f 427//86 421//86 426//86
f 426//87 421//87 423//87
f 426//88 423//88 415//88
f 415//89 423//89 428//89
f 415//47 428//47 416//47
f 339//29 429//29 338//29
f 338//44 429//44 430//44
f 338//90 430//90 426//90
f 426//91 430//91 431//91
f 431//92 432//92 426//92
f 426//93 432//93 433//93
f 426//94 433//94 424//94
f 434//95 435//95 436//95
f 436//95 435//95 437//95
f 436//96 437//96 399//96
f 399//96 437//96 394//96
f 399//97 394//97 400//97
f 400//98 394//98 393//98
f 341//99 348//99 342//99
f 342//100 348//100 347//100
f 342//101 347//101 438//101
f 438//101 347//101 439//101
f 438//102 439//102 440//102
f 440//102 439//102 441//102
f 100//103 145//103 353//103
f 353//104 145//104 354//104
f 354//105 145//105 355//105
f 355//106 145//106 120//106
f 355//107 120//107 330//107
f 330//108 120//108 119//108
f 330//108 119//108 331//108
f 425//109 424//109 126//109
f 126//110 424//110 132//110
f 132//111 424//111 433//111
f 132//112 433//112 432//112
f 425//113 126//113 427//113
f 427//114 126//114 125//114
f 427//115 125//115 421//115
f 421//116 125//116 133//116
f 421//117 133//117 422//117
f 62//118 61//118 417//118
f 417//118 61//118 418//118
f 418//119 61//119 419//119
f 419//120 61//120 65//120
f 419//121 65//121 420//121
f 420//122 65//122 396//122
f 396//123 65//123 64//123
f 396//124 64//124 397//124
f 69//125 84//125 405//125
f 405//126 84//126 406//126
f 406//127 84//127 407//127
f 407//128 84//128 83//128
f 407//129 83//129 383//129
f 383//130 83//130 85//130
f 383//130 85//130 384//130
f 382//131 381//131 93//131
f 382//132 93//132 372//132
f 372//133 93//133 90//133
f 372//134 90//134 373//134
f 373//135 90//135 89//135
f 373//136 89//136 375//136
f 375//137 89//137 369//137
f 369//138 89//138 94//138
f 369//139 94//139 370//139
f 56//140 112//140 365//140
f 365//140 112//140 366//140
f 366//141 112//141 367//141
f 367//142 112//142 111//142
f 367//143 111//143 368//143
f 368//144 111//144 344//144
f 344//145 111//145 110//145
f 344//146 110//146 345//146
f 442//147 443//147 224//147
f 224//148 443//148 444//148
f 444//149 445//149 224//149
f 224//150 445//150 446//150
f 224//151 446//151 226//151
f 447//152 448//152 222//152
f 447//153 222//153 449//153
f 448//154 450//154 222//154
f 222//155 450//155 451//155
f 222//156 451//156 224//156
f 224//157 451//157 452//157
f 224//158 452//158 442//158
f 453//159 454//159 455//159
f 456//160 457//160 221//160
f 456//161 221//161 458//161
f 455//162 459//162 453//162
f 453//163 459//163 460//163
f 453//164 460//164 461//164
f 461//165 462//165 453//165
f 453//166 462//166 463//166
f 453//167 463//167 464//167
f 465//168 466//168 221//168
f 465//169 221//169 467//169
f 464//170 468//170 453//170
f 453//171 468//171 469//171
f 453//172 469//172 467//172
f 466//173 470//173 221//173
f 221//174 470//174 471//174
f 221//175 471//175 458//175
f 457//176 472//176 221//176
f 221//177 472//177 473//177
f 221//178 473//178 222//178
f 222//179 473//179 474//179
f 222//180 474//180 449//180
f 475//181 476//181 454//181
f 454//182 476//182 477//182
f 454//183 477//183 478//183
f 478//184 479//184 454//184
f 454//185 479//185 480//185
f 454//186 480//186 481//186
f 481//187 482//187 454//187
f 454//188 482//188 483//188
f 454//189 483//189 455//189
f 484//190 485//190 475//190
f 475//191 485//191 486//191
f 475//192 486//192 476//192
f 487//193 488//193 475//193
f 475//194 488//194 489//194
f 475//195 489//195 484//195
f 467//196 221//196 453//196
f 453//197 221//197 214//197
f 453//197 214//197 490//197
f 491//114 492//114 493//114
f 494//114 495//114 496//114
f 496//114 495//114 497//114
f 498//114 491//114 499//114
f 499//114 491//114 493//114
f 499//114 493//114 500//114
f 500//114 493//114 501//114
f 502//114 503//114 504//114
f 504//114 503//114 496//114
f 504//114 496//114 505//114
f 506//114 507//114 508//114
f 508//114 507//114 498//114
f 508//114 498//114 509//114
f 509//114 498//114 499//114
f 510//114 511//114 500//114
f 500//114 511//114 512//114
f 500//114 512//114 496//114
f 496//114 512//114 513//114
f 496//114 513//114 514//114
f 515//114 510//114 516//114
f 516//114 510//114 500//114
f 516//114 500//114 517//114
f 517//114 500//114 501//114
f 497//114 518//114 496//114
f 496//114 518//114 519//114
f 496//114 519//114 505//114
f 514//114 520//114 496//114
f 496//114 520//114 521//114
f 496//114 521//114 494//114
f 522//114 523//114 524//114
f 525//114 526//114 527//114
f 527//114 526//114 528//114
f 529//114 527//114 530//114
f 530//114 527//114 531//114
f 530//114 531//114 532//114
f 533//114 534//114 535//114
f 535//114 534//114 527//114
f 535//114 527//114 536//114
f 537//114 538//114 523//114
f 523//114 538//114 539//114
f 523//114 539//114 524//114
f 540//114 541//114 524//114
f 524//114 541//114 542//114
f 524//114 542//114 522//114
f 529//114 543//114 527//114
f 527//114 543//114 544//114
f 527//114 544//114 525//114
f 528//114 545//114 527//114
f 527//114 545//114 546//114
f 527//114 546//114 536//114
f 533//114 547//114 534//114
f 534//114 547//114 548//114
f 534//114 548//114 549//114
f 537//114 523//114 550//114
f 550//114 523//114 534//114
f 550//114 534//114 551//114
f 551//114 534//114 549//114
f 551//114 549//114 552//114
f 510//198 553//198 554//198
f 510//198 554//198 511//198
f 511//199 554//199 555//199
f 511//199 555//199 512//199
f 512//200 555//200 556//200
f 512//200 556//200 513//200
f 513//201 556//201 557//201
f 513//201 557//201 514//201
f 493//202 558//202 559//202
f 493//202 559//202 501//202
f 501//203 559//203 560//203
f 501//203 560//203 517//203
f 491//204 498//204 561//204
f 561//204 498//204 562//204
f 503//205 563//205 496//205
f 496//205 563//205 564//205
f 496//206 564//206 500//206
f 500//206 564//206 565//206
f 500//207 565//207 499//207
f 499//207 565//207 566//207
f 499//208 566//208 509//208
f 509//208 566//208 567//208
f 568//209 569//209 505//209
f 505//209 569//209 504//209
f 494//210 570//210 571//210
f 494//210 571//210 495//210
f 495//211 571//211 572//211
f 495//211 572//211 497//211
f 524//209 539//209 573//209
f 573//209 539//209 574//209
f 551//212 575//212 576//212
f 551//212 576//212 550//212
f 550//213 576//213 577//213
f 550//213 577//213 537//213
f 536//214 578//214 579//214
f 536//214 579//214 535//214
f 535//215 579//215 580//215
f 535//215 580//215 533//215
f 533//216 580//216 581//216
f 533//216 581//216 547//216
f 547//217 581//217 582//217
f 547//217 582//217 548//217
f 525//218 583//218 584//218
f 525//218 584//218 526//218
f 526//219 584//219 585//219
f 526//219 585//219 528//219
f 529//204 530//204 586//204
f 586//204 530//204 587//204
f 522//220 588//220 523//220
f 523//220 588//220 589//220
f 523//221 589//221 534//221
f 534//221 589//221 590//221
f 534//222 590//222 527//222
f 527//222 590//222 591//222
f 527//223 591//223 531//223
f 531//223 591//223 592//223
f 593//204 594//204 300//204
f 300//204 594//204 255//204
f 255//204 594//204 595//204
f 255//204 595//204 327//204
f 596//204 597//204 598//204
f 598//204 597//204 593//204
f 598//204 593//204 599//204
f 599//204 593//204 300//204
f 600//209 601//209 602//209
f 602//209 603//209 600//209
f 600//209 603//209 604//209
f 600//209 604//209 605//209
f 605//209 604//209 210//209
f 605//209 210//209 606//209
f 606//209 210//209 182//209
f 606//209 182//209 242//209
f 607//114 573//114 608//114
f 609//114 598//114 610//114
f 610//114 598//114 611//114
f 610//114 611//114 612//114
f 613//114 614//114 615//114
f 612//114 611//114 616//114
f 616//114 611//114 617//114
f 616//114 617//114 618//114
f 609//114 619//114 598//114
f 598//114 619//114 620//114
f 598//114 620//114 596//114
f 596//114 620//114 621//114
f 596//114 621//114 622//114
f 622//114 621//114 614//114
f 622//114 614//114 623//114
f 623//114 614//114 613//114
f 618//114 617//114 624//114
f 624//114 617//114 625//114
f 624//114 625//114 626//114
f 626//114 625//114 627//114
f 626//114 627//114 615//114
f 615//114 627//114 628//114
f 615//114 628//114 613//114
f 568//114 629//114 598//114
f 598//114 629//114 630//114
f 631//114 632//114 608//114
f 608//114 632//114 633//114
f 608//114 633//114 634//114
f 634//114 633//114 635//114
f 636//114 637//114 638//114
f 638//114 637//114 639//114
f 638//114 639//114 640//114
f 640//114 639//114 641//114
f 640//114 641//114 642//114
f 642//114 641//114 643//114
f 642//114 643//114 644//114
f 645//114 559//114 646//114
f 646//114 559//114 558//114
f 646//114 558//114 635//114
f 647//114 648//114 645//114
f 645//114 648//114 560//114
f 645//114 560//114 559//114
f 630//114 572//114 598//114
f 598//114 572//114 571//114
f 598//114 571//114 570//114
f 570//114 649//114 598//114
f 598//114 649//114 650//114
f 598//114 650//114 611//114
f 611//114 650//114 557//114
f 611//114 557//114 556//114
f 568//114 598//114 569//114
f 569//114 598//114 599//114
f 569//114 599//114 651//114
f 651//114 599//114 652//114
f 651//114 652//114 563//114
f 563//114 652//114 653//114
f 563//114 653//114 564//114
f 558//114 654//114 635//114
f 635//114 654//114 561//114
f 635//114 561//114 634//114
f 634//114 561//114 562//114
f 634//114 562//114 655//114
f 655//114 656//114 634//114
f 634//114 656//114 657//114
f 634//114 657//114 658//114
f 658//114 657//114 567//114
f 556//114 555//114 611//114
f 611//114 555//114 554//114
f 611//114 554//114 553//114
f 636//114 611//114 637//114
f 637//114 611//114 553//114
f 637//114 553//114 647//114
f 647//114 553//114 659//114
f 647//114 659//114 648//114
f 653//114 660//114 564//114
f 564//114 660//114 661//114
f 564//114 661//114 565//114
f 565//114 661//114 662//114
f 565//114 662//114 566//114
f 566//114 662//114 663//114
f 566//114 663//114 567//114
f 567//114 663//114 664//114
f 567//114 664//114 658//114
f 583//114 665//114 603//114
f 575//114 666//114 642//114
f 607//114 608//114 667//114
f 644//114 631//114 642//114
f 642//114 631//114 608//114
f 642//114 608//114 574//114
f 574//114 608//114 573//114
f 576//114 575//114 577//114
f 577//114 575//114 642//114
f 577//114 642//114 668//114
f 668//114 642//114 574//114
f 669//114 579//114 670//114
f 670//114 579//114 578//114
f 670//114 578//114 671//114
f 584//114 583//114 585//114
f 585//114 583//114 603//114
f 585//114 603//114 672//114
f 673//114 588//114 608//114
f 608//114 588//114 674//114
f 608//114 674//114 667//114
f 666//114 675//114 642//114
f 642//114 675//114 582//114
f 642//114 582//114 676//114
f 676//114 582//114 581//114
f 676//114 581//114 669//114
f 669//114 581//114 580//114
f 669//114 580//114 579//114
f 665//114 677//114 603//114
f 603//114 677//114 586//114
f 603//114 586//114 604//114
f 604//114 586//114 587//114
f 604//114 587//114 678//114
f 678//114 587//114 679//114
f 678//114 679//114 490//114
f 490//114 679//114 592//114
f 490//114 592//114 453//114
f 453//114 592//114 591//114
f 673//114 680//114 588//114
f 588//114 680//114 681//114
f 588//114 681//114 589//114
f 589//114 681//114 487//114
f 589//114 487//114 590//114
f 590//114 487//114 475//114
f 590//114 475//114 591//114
f 591//114 475//114 454//114
f 591//114 454//114 453//114
f 682//114 683//114 603//114
f 684//114 670//114 603//114
f 603//114 670//114 671//114
f 603//114 671//114 672//114
f 683//114 685//114 603//114
f 603//114 685//114 686//114
f 603//114 686//114 684//114
f 603//114 602//114 682//114
f 682//114 602//114 687//114
f 682//114 687//114 688//114
f 684//114 689//114 670//114
f 670//114 689//114 690//114
f 670//114 690//114 691//114
f 691//114 690//114 692//114
f 691//114 692//114 693//114
f 693//114 692//114 694//114
f 693//114 694//114 695//114
f 695//114 694//114 696//114
f 695//114 696//114 697//114
f 697//114 696//114 698//114
f 697//114 698//114 699//114
f 699//114 698//114 688//114
f 699//114 688//114 700//114
f 700//114 688//114 687//114
f 662//224 701//224 702//224
f 702//225 703//225 662//225
f 662//226 703//226 704//226
f 662//227 704//227 663//227
f 705//228 706//228 661//228
f 661//229 706//229 707//229
f 661//230 707//230 708//230
f 708//231 709//231 661//231
f 661//232 709//232 710//232
f 661//233 710//233 662//233
f 662//234 710//234 711//234
f 662//235 711//235 701//235
f 306//236 307//236 712//236
f 713//237 714//237 660//237
f 712//238 715//238 306//238
f 306//239 715//239 716//239
f 306//240 716//240 717//240
f 717//241 718//241 306//241
f 306//242 718//242 719//242
f 306//243 719//243 720//243
f 721//244 722//244 660//244
f 660//245 722//245 723//245
f 660//246 723//246 724//246
f 720//247 725//247 306//247
f 306//248 725//248 726//248
f 306//249 726//249 721//249
f 724//250 727//250 660//250
f 660//251 727//251 728//251
f 660//252 728//252 713//252
f 714//253 729//253 660//253
f 660//254 729//254 730//254
f 660//255 730//255 661//255
f 661//256 730//256 731//256
f 661//257 731//257 705//257
f 732//258 733//258 307//258
f 307//259 733//259 734//259
f 734//260 735//260 307//260
f 307//261 735//261 736//261
f 307//262 736//262 712//262
f 294//263 737//263 296//263
f 296//264 737//264 738//264
f 296//265 738//265 739//265
f 739//266 740//266 296//266
f 296//267 740//267 741//267
f 296//268 741//268 307//268
f 307//269 741//269 742//269
f 307//270 742//270 732//270
f 721//271 660//271 306//271
f 306//272 660//272 653//272
f 306//272 653//272 304//272
f 327//273 595//273 743//273
f 327//273 743//273 325//273
f 325//274 743//274 744//274
f 325//274 744//274 323//274
f 323//275 744//275 745//275
f 323//275 745//275 321//275
f 321//276 745//276 746//276
f 321//276 746//276 319//276
f 319//277 746//277 747//277
f 319//277 747//277 317//277
f 317//278 747//278 315//278
f 315//278 747//278 748//278
f 315//279 748//279 281//279
f 281//280 748//280 749//280
f 750//281 192//281 751//281
f 751//282 192//282 250//282
f 751//283 250//283 752//283
f 752//283 250//283 252//283
f 752//284 252//284 753//284
f 753//284 252//284 260//284
f 753//285 260//285 749//285
f 749//285 260//285 259//285
f 749//286 259//286 281//286
f 754//287 187//287 755//287
f 755//288 187//288 189//288
f 755//275 189//275 756//275
f 756//275 189//275 200//275
f 756//289 200//289 750//289
f 750//289 200//289 202//289
f 750//290 202//290 192//290
f 757//291 232//291 754//291
f 754//291 232//291 230//291
f 754//292 230//292 187//292
f 232//293 757//293 758//293
f 232//293 758//293 234//293
f 234//294 758//294 759//294
f 234//294 759//294 236//294
f 236//285 759//285 760//285
f 236//285 760//285 238//285
f 238//295 760//295 761//295
f 238//295 761//295 240//295
f 240//296 761//296 606//296
f 240//296 606//296 242//296
f 601//2 600//2 762//2
f 399//2 763//2 436//2
f 436//2 763//2 764//2
f 436//2 764//2 434//2
f 434//2 764//2 765//2
f 434//2 765//2 766//2
f 767//2 768//2 769//2
f 767//2 769//2 597//2
f 597//2 769//2 770//2
f 597//2 770//2 771//2
f 772//2 773//2 774//2
f 593//2 597//2 775//2
f 775//2 597//2 771//2
f 775//2 771//2 776//2
f 776//2 771//2 777//2
f 778//2 779//2 780//2
f 772//2 781//2 773//2
f 773//2 781//2 782//2
f 773//2 782//2 783//2
f 783//2 782//2 601//2
f 783//2 601//2 784//2
f 784//2 601//2 762//2
f 784//2 762//2 785//2
f 785//2 762//2 786//2
f 785//2 786//2 765//2
f 765//2 786//2 787//2
f 765//2 787//2 766//2
f 788//2 789//2 790//2
f 790//2 789//2 791//2
f 790//2 791//2 774//2
f 774//2 791//2 792//2
f 774//2 792//2 772//2
f 778//2 780//2 374//2
f 793//2 794//2 795//2
f 795//2 794//2 796//2
f 795//2 796//2 788//2
f 780//2 797//2 374//2
f 374//2 797//2 798//2
f 374//2 798//2 379//2
f 374//2 363//2 778//2
f 778//2 363//2 358//2
f 778//2 358//2 799//2
f 799//2 358//2 342//2
f 799//2 342//2 800//2
f 800//2 342//2 438//2
f 800//2 438//2 801//2
f 801//2 438//2 440//2
f 801//2 440//2 771//2
f 771//2 440//2 802//2
f 771//2 802//2 777//2
f 798//2 803//2 379//2
f 379//2 803//2 804//2
f 379//2 804//2 386//2
f 386//2 804//2 794//2
f 386//2 794//2 399//2
f 399//2 794//2 793//2
f 399//2 793//2 763//2
f 805//2 806//2 807//2
f 807//2 806//2 808//2
f 807//2 808//2 809//2
f 809//2 808//2 810//2
f 809//2 810//2 811//2
f 811//2 810//2 812//2
f 811//2 812//2 796//2
f 796//2 812//2 813//2
f 796//2 813//2 788//2
f 788//2 813//2 814//2
f 788//2 814//2 789//2
f 805//2 779//2 806//2
f 806//2 779//2 778//2
f 806//2 778//2 815//2
f 815//2 778//2 816//2
f 815//2 816//2 817//2
f 817//2 816//2 818//2
f 817//2 818//2 819//2
f 819//2 818//2 820//2
f 819//2 820//2 821//2
f 821//2 820//2 822//2
f 821//2 822//2 823//2
f 823//2 822//2 768//2
f 823//2 768//2 824//2
f 824//2 768//2 767//2
f 338//114 426//114 825//114
f 826//114 827//114 828//114
f 828//114 827//114 829//114
f 825//114 830//114 338//114
f 338//114 830//114 831//114
f 338//114 831//114 333//114
f 333//114 831//114 832//114
f 333//114 832//114 347//114
f 829//114 833//114 828//114
f 828//114 833//114 834//114
f 828//114 834//114 835//114
f 835//114 834//114 441//114
f 835//114 441//114 836//114
f 836//114 441//114 439//114
f 836//114 439//114 837//114
f 837//114 439//114 347//114
f 837//114 347//114 838//114
f 838//114 347//114 832//114
f 838//114 832//114 839//114
f 839//114 832//114 840//114
f 841//114 842//114 750//114
f 750//114 842//114 756//114
f 841//114 750//114 843//114
f 843//114 750//114 751//114
f 843//114 751//114 844//114
f 844//114 751//114 752//114
f 844//114 752//114 840//114
f 755//114 845//114 754//114
f 754//114 845//114 846//114
f 754//114 846//114 757//114
f 757//114 846//114 847//114
f 757//114 847//114 758//114
f 758//114 847//114 848//114
f 758//114 848//114 759//114
f 759//114 848//114 849//114
f 759//114 849//114 760//114
f 760//114 849//114 850//114
f 760//114 850//114 761//114
f 761//114 850//114 851//114
f 761//114 851//114 606//114
f 606//114 851//114 852//114
f 606//114 852//114 853//114
f 605//114 606//114 854//114
f 854//114 606//114 853//114
f 854//114 853//114 855//114
f 855//114 853//114 856//114
f 756//114 842//114 755//114
f 755//114 842//114 857//114
f 755//114 857//114 845//114
f 845//114 857//114 858//114
f 845//114 858//114 426//114
f 426//114 858//114 859//114
f 426//114 859//114 825//114
f 752//114 753//114 840//114
f 840//114 753//114 749//114
f 840//114 749//114 839//114
f 839//114 749//114 748//114
f 839//114 748//114 860//114
f 860//114 748//114 747//114
f 860//114 747//114 861//114
f 861//114 747//114 746//114
f 861//114 746//114 862//114
f 862//114 746//114 745//114
f 862//114 745//114 863//114
f 863//114 745//114 744//114
f 863//114 744//114 864//114
f 864//114 744//114 743//114
f 864//114 743//114 826//114
f 826//114 743//114 595//114
f 826//114 595//114 827//114
f 827//114 595//114 594//114
f 426//114 415//114 845//114
f 845//114 415//114 410//114
f 845//114 410//114 865//114
f 865//114 410//114 394//114
f 865//114 394//114 866//114
f 866//114 394//114 437//114
f 866//114 437//114 867//114
f 867//114 437//114 435//114
f 867//114 435//114 853//114
f 853//114 435//114 868//114
f 853//114 868//114 856//114
f 869//297 870//297 871//297
f 872//297 873//297 874//297
f 874//297 873//297 875//297
f 876//297 877//297 878//297
f 879//297 880//297 881//297
f 882//297 883//297 884//297
f 884//297 883//297 885//297
f 886//297 887//297 888//297
f 888//297 887//297 889//297
f 890//297 891//297 892//297
f 893//297 894//297 895//297
f 895//297 894//297 896//297
f 897//297 898//297 899//297
f 900//297 901//297 902//297
f 902//297 901//297 899//297
f 899//297 901//297 903//297
f 899//297 903//297 897//297
f 893//297 904//297 905//297
f 905//297 906//297 893//297
f 893//297 906//297 907//297
f 893//297 907//297 894//297
f 908//297 909//297 910//297
f 908//297 910//297 911//297
f 912//297 913//297 914//297
f 914//297 913//297 911//297
f 914//297 911//297 915//297
f 915//297 911//297 910//297
f 915//297 910//297 916//297
f 910//297 917//297 918//297
f 918//297 919//297 910//297
f 910//297 919//297 920//297
f 910//297 920//297 916//297
f 921//297 922//297 910//297
f 910//297 922//297 923//297
f 910//297 923//297 917//297
f 924//297 925//297 921//297
f 921//297 925//297 926//297
f 926//297 927//297 921//297
f 921//297 927//297 928//297
f 921//297 928//297 922//297
f 892//297 891//297 929//297
f 929//297 891//297 930//297
f 930//297 891//297 931//297
f 930//297 931//297 932//297
f 933//297 934//297 931//297
f 931//297 934//297 935//297
f 931//297 935//297 932//297
f 936//297 937//297 938//297
f 938//297 937//297 939//297
f 938//297 939//297 933//297
f 933//297 939//297 940//297
f 933//297 940//297 934//297
f 924//297 921//297 892//297
f 892//297 921//297 941//297
f 892//297 941//297 890//297
f 936//297 938//297 942//297
f 942//297 938//297 943//297
f 942//297 943//297 944//297
f 945//297 946//297 947//297
f 947//297 946//297 948//297
f 947//297 948//297 921//297
f 921//297 948//297 949//297
f 921//297 949//297 941//297
f 945//297 947//297 950//297
f 950//297 947//297 951//297
f 950//297 951//297 943//297
f 943//297 951//297 952//297
f 943//297 952//297 944//297
f 953//297 954//297 947//297
f 953//297 947//297 955//297
f 954//297 956//297 947//297
f 947//297 956//297 957//297
f 947//297 957//297 951//297
f 958//297 959//297 960//297
f 961//297 962//297 958//297
f 958//297 962//297 963//297
f 958//297 963//297 947//297
f 947//297 963//297 964//297
f 947//297 964//297 955//297
f 960//297 965//297 958//297
f 958//297 965//297 966//297
f 958//297 966//297 961//297
f 967//297 968//297 969//297
f 969//297 968//297 970//297
f 967//297 969//297 971//297
f 971//297 969//297 972//297
f 971//297 972//297 889//297
f 973//297 974//297 888//297
f 888//297 974//297 975//297
f 888//297 975//297 886//297
f 885//297 976//297 977//297
f 977//297 976//297 978//297
f 977//297 978//297 979//297
f 979//297 978//297 980//297
f 979//297 980//297 981//297
f 981//297 980//297 982//297
f 981//297 982//297 973//297
f 973//297 982//297 983//297
f 973//297 983//297 974//297
f 882//297 984//297 985//297
f 985//297 986//297 882//297
f 882//297 986//297 987//297
f 882//297 987//297 883//297
f 988//297 989//297 990//297
f 988//297 990//297 991//297
f 989//297 988//297 992//297
f 992//297 988//297 993//297
f 992//297 993//297 994//297
f 995//297 996//297 997//297
f 997//297 996//297 998//297
f 998//297 999//297 997//297
f 997//297 999//297 1000//297
f 997//297 1000//297 993//297
f 993//297 1000//297 1001//297
f 993//297 1001//297 994//297
f 1002//297 1003//297 879//297
f 879//297 1003//297 1004//297
f 1004//297 1005//297 879//297
f 879//297 1005//297 1006//297
f 879//297 1006//297 997//297
f 997//297 1006//297 1007//297
f 997//298 1007//298 995//298
f 1002//297 879//297 1008//297
f 1008//297 879//297 881//297
f 1008//297 881//297 1009//297
f 1010//297 1011//297 878//297
f 878//297 1011//297 1012//297
f 878//297 1012//297 881//297
f 881//297 1012//297 1013//297
f 881//297 1013//297 1009//297
f 1009//297 1014//297 1008//297
f 1008//297 1014//297 1015//297
f 1008//297 1015//297 1016//297
f 1016//297 1015//297 1017//297
f 1018//297 1019//297 1020//297
f 1020//297 1019//297 1021//297
f 1022//297 1023//297 1024//297
f 1024//297 1023//297 1025//297
f 1024//297 1025//297 1026//297
f 1026//297 1025//297 1027//297
f 1026//297 1027//297 1015//297
f 1015//297 1027//297 1028//297
f 1015//297 1028//297 1017//297
f 1019//297 1029//297 1021//297
f 1021//297 1029//297 1030//297
f 1021//297 1030//297 1024//297
f 1024//297 1030//297 1031//297
f 1024//297 1031//297 1022//297
f 1010//297 878//297 1032//297
f 1032//297 878//297 877//297
f 1032//297 877//297 1020//297
f 1020//297 877//297 1033//297
f 1020//297 1033//297 1018//297
f 1034//297 1035//297 878//297
f 1036//297 1037//297 1038//297
f 1035//297 1039//297 878//297
f 878//297 1039//297 1040//297
f 878//297 1040//297 876//297
f 1041//297 1037//297 1042//297
f 1043//297 1044//297 1045//297
f 1045//297 1044//297 1046//297
f 1043//297 1045//297 1047//297
f 1047//297 1045//297 1048//297
f 1047//297 1048//297 1049//297
f 1044//297 1050//297 1046//297
f 1046//297 1050//297 1051//297
f 1046//297 1051//297 1042//297
f 1042//297 1051//297 1052//297
f 1042//297 1052//297 1053//297
f 1053//297 1054//297 1042//297
f 1042//297 1054//297 1055//297
f 1042//297 1055//297 1041//297
f 903//297 1056//297 897//297
f 897//297 1056//297 1057//297
f 897//297 1057//297 874//297
f 874//297 1057//297 1058//297
f 874//297 1058//297 872//297
f 1059//297 1060//297 1061//297
f 1061//297 1060//297 1062//297
f 1061//297 1062//297 1063//297
f 1059//297 1064//297 1065//297
f 1065//297 1064//297 1036//297
f 1065//297 1036//297 878//297
f 878//297 1036//297 1038//297
f 878//297 1038//297 1034//297
f 880//297 1066//297 881//297
f 881//297 1066//297 1067//297
f 881//297 1067//297 878//297
f 878//297 1067//297 1068//297
f 878//297 1068//297 1065//297
f 880//297 1069//297 1066//297
f 1066//297 1069//297 1070//297
f 1066//297 1070//297 1071//297
f 1071//297 1070//297 1072//297
f 1064//297 1073//297 1036//297
f 1036//297 1073//297 1074//297
f 1036//297 1074//297 1037//297
f 1037//297 1074//297 1075//297
f 1037//297 1075//297 1042//297
f 1076//297 897//297 1077//297
f 1077//297 897//297 874//297
f 1077//297 874//297 1048//297
f 1048//297 874//297 875//297
f 1048//297 875//297 1049//297
f 1076//297 1078//297 897//297
f 897//297 1078//297 1079//297
f 897//297 1079//297 1064//297
f 1064//297 1079//297 1080//297
f 1064//297 1080//297 1073//297
f 869//297 871//297 1081//297
f 1081//297 871//297 1082//297
f 1081//297 1082//297 1063//297
f 1063//297 1082//297 1083//297
f 1063//297 1083//297 1061//297
f 1061//297 1083//297 1084//297
f 1061//297 1084//297 1085//297
f 1085//297 1086//297 1061//297
f 1061//297 1086//297 1087//297
f 1061//297 1087//297 895//297
f 912//297 1088//297 913//297
f 913//297 1088//297 1089//297
f 913//297 1089//297 1090//297
f 1090//297 1089//297 904//297
f 1090//297 904//297 1091//297
f 1091//297 904//297 893//297
f 1091//297 893//297 1092//297
f 1092//297 893//297 895//297
f 1092//297 895//297 1093//297
f 1093//297 895//297 1087//297
f 1094//297 973//297 1095//297
f 889//297 972//297 888//297
f 888//297 972//297 1096//297
f 888//297 1096//297 973//297
f 973//297 1096//297 1097//297
f 973//297 1097//297 1095//297
f 1098//297 871//297 1099//297
f 1099//297 871//297 870//297
f 1099//297 870//297 1100//297
f 1100//297 870//297 1094//297
f 1100//297 1094//297 1101//297
f 1101//297 1094//297 1095//297
f 968//297 1102//297 970//297
f 970//297 1102//297 959//297
f 970//297 959//297 1103//297
f 1103//297 959//297 958//297
f 1103//297 958//297 1104//297
f 1104//297 958//297 947//297
f 1104//297 947//297 1098//297
f 990//297 1105//297 991//297
f 991//297 1105//297 984//297
f 991//297 984//297 1106//297
f 1106//297 984//297 882//297
f 1106//297 882//297 1107//297
f 1107//297 882//297 884//297
f 1069//297 1108//297 1070//297
f 1070//297 1108//297 1109//297
f 1070//297 1109//297 884//297
f 884//297 1109//297 1110//297
f 884//297 1110//297 1107//297
f 977//297 1111//297 885//297
f 885//297 1111//297 1112//297
f 885//297 1112//297 884//297
f 884//297 1112//297 1113//297
f 884//297 1113//297 1070//297
f 1070//297 1113//297 1114//297
f 1070//297 1114//297 1115//297
f 1115//297 1116//297 1070//297
f 1070//297 1116//297 1094//297
f 1070//297 1094//297 1072//297
f 1072//297 1094//297 870//297
f 1116//297 1117//297 1094//297
f 1094//297 1117//297 1118//297
f 1094//297 1118//297 973//297
f 973//297 1118//297 1119//297
f 973//297 1119//297 981//297
f 1120//297 1121//297 1064//297
f 1064//297 1121//297 1122//297
f 1064//297 1122//297 897//297
f 897//297 1122//297 1123//297
f 897//297 1123//297 898//297
f 1059//297 1061//297 1064//297
f 1064//297 1061//297 1124//297
f 1064//297 1124//297 1120//297
f 900//297 902//297 1125//297
f 1125//297 902//297 1126//297
f 1125//297 1126//297 896//297
f 896//297 1126//297 1127//297
f 896//297 1127//297 895//297
f 895//297 1127//297 1128//297
f 895//297 1128//297 1061//297
f 1061//297 1128//297 1129//297
f 1061//297 1129//297 1124//297
f 1098//297 947//297 871//297
f 871//297 947//297 921//297
f 871//297 921//297 1082//297
f 1082//297 921//297 910//297
f 1082//297 910//297 1083//297
f 1083//297 910//297 909//297
f 1083//297 909//297 1084//297
f 136//299 1060//299 1//299
f 1//299 1060//299 1059//299
f 1//300 1059//300 2//300
f 2//300 1059//300 1065//300
f 2//301 1065//301 151//301
f 151//301 1065//301 1068//301
f 151//302 1068//302 152//302
f 152//302 1068//302 1067//302
f 152//303 1067//303 148//303
f 148//303 1067//303 1066//303
f 148//304 1066//304 144//304
f 144//304 1066//304 1071//304
f 144//114 1071//114 143//114
f 143//114 1071//114 1072//114
f 143//305 1072//305 140//305
f 140//305 1072//305 870//305
f 140//306 870//306 141//306
f 141//306 870//306 869//306
f 141//307 869//307 142//307
f 142//307 869//307 1081//307
f 142//308 1081//308 138//308
f 138//308 1081//308 1063//308
f 138//309 1063//309 137//309
f 137//309 1063//309 1062//309
f 137//310 1062//310 136//310
f 136//310 1062//310 1060//310
f 597//273 596//273 622//273
f 597//273 622//273 767//273
f 767//311 622//311 623//311
f 767//311 623//311 824//311
f 824//275 623//275 613//275
f 824//275 613//275 823//275
f 823//283 613//283 628//283
f 823//276 628//276 821//276
f 821//277 628//277 627//277
f 821//277 627//277 819//277
f 819//312 627//312 817//312
f 817//312 627//312 625//312
f 817//313 625//313 815//313
f 625//313 617//313 815//313
f 815//314 617//314 611//314
f 815//315 611//315 806//315
f 806//316 611//316 636//316
f 806//317 636//317 808//317
f 808//317 636//317 638//317
f 808//318 638//318 810//318
f 638//318 640//318 810//318
f 810//319 640//319 642//319
f 810//320 642//320 812//320
f 812//321 642//321 676//321
f 812//322 676//322 813//322
f 676//322 669//322 813//322
f 813//323 669//323 670//323
f 813//324 670//324 814//324
f 814//325 670//325 691//325
f 814//326 691//326 789//326
f 789//326 691//326 693//326
f 789//327 693//327 791//327
f 791//327 693//327 695//327
f 791//293 695//293 697//293
f 791//293 697//293 792//293
f 792//294 697//294 699//294
f 792//328 699//328 772//328
f 772//285 699//285 700//285
f 772//285 700//285 781//285
f 781//329 700//329 687//329
f 781//329 687//329 782//329
f 782//296 687//296 602//296
f 782//296 602//296 601//296
f 1130//217 203//217 201//217
f 1130//217 201//217 1131//217
f 1131//216 201//216 199//216
f 1131//216 199//216 1132//216
f 1132//215 199//215 198//215
f 1132//215 198//215 1133//215
f 1133//214 198//214 188//214
f 1133//214 188//214 1134//214
f 1135//213 206//213 205//213
f 1135//213 205//213 1136//213
f 1136//212 205//212 194//212
f 1136//212 194//212 1137//212
f 195//209 208//209 1138//209
f 1138//209 208//209 1139//209
f 1140//223 213//223 1141//223
f 1141//223 213//223 215//223
f 1141//222 215//222 1142//222
f 1142//222 215//222 223//222
f 1142//221 223//221 1143//221
f 1143//221 223//221 225//221
f 1143//220 225//220 1144//220
f 1144//220 225//220 219//220
f 180//204 209//204 1145//204
f 1145//204 209//204 1146//204
f 1147//219 191//219 190//219
f 1147//219 190//219 1148//219
f 1148//218 190//218 184//218
f 1148//218 184//218 1149//218
f 1139//2 1150//2 1135//2
f 1147//2 1148//2 1141//2
f 1141//2 1148//2 1149//2
f 1138//2 1139//2 1143//2
f 1143//2 1139//2 1135//2
f 1143//2 1135//2 1142//2
f 1142//2 1135//2 1136//2
f 1151//2 1140//2 1146//2
f 1146//2 1140//2 1141//2
f 1146//2 1141//2 1145//2
f 1152//2 1153//2 1154//2
f 1154//2 1153//2 1138//2
f 1154//2 1138//2 1144//2
f 1144//2 1138//2 1143//2
f 1130//2 1131//2 1142//2
f 1142//2 1131//2 1132//2
f 1142//2 1132//2 1141//2
f 1141//2 1132//2 1133//2
f 1141//2 1133//2 1134//2
f 1155//2 1130//2 1156//2
f 1156//2 1130//2 1142//2
f 1156//2 1142//2 1137//2
f 1137//2 1142//2 1136//2
f 1149//2 1157//2 1141//2
f 1141//2 1157//2 1158//2
f 1141//2 1158//2 1145//2
f 1134//2 1159//2 1141//2
f 1141//2 1159//2 1160//2
f 1141//2 1160//2 1147//2
f 1161//330 266//330 264//330
f 1161//330 264//330 1162//330
f 1162//331 264//331 263//331
f 1162//331 263//331 1163//331
f 1163//332 263//332 258//332
f 1163//332 258//332 1164//332
f 1165//201 280//201 282//201
f 1165//201 282//201 1166//201
f 1166//200 282//200 283//200
f 1166//200 283//200 1167//200
f 1167//199 283//199 290//199
f 1167//199 290//199 1168//199
f 1168//198 290//198 289//198
f 1168//198 289//198 1169//198
f 1170//211 253//211 284//211
f 1170//211 284//211 1171//211
f 1171//210 284//210 285//210
f 1171//210 285//210 1172//210
f 1173//209 1174//209 299//209
f 299//209 1174//209 301//209
f 1175//208 279//208 1176//208
f 1176//208 279//208 293//208
f 1176//207 293//207 1177//207
f 1177//207 293//207 295//207
f 1177//206 295//206 1178//206
f 1178//206 295//206 297//206
f 1178//205 297//205 1179//205
f 1179//205 297//205 305//205
f 1180//204 1164//204 269//204
f 269//204 1164//204 258//204
f 1181//2 1174//2 1179//2
f 1179//2 1174//2 1178//2
f 1163//2 1176//2 1162//2
f 1162//2 1176//2 1177//2
f 1162//2 1177//2 1161//2
f 1163//2 1164//2 1176//2
f 1176//2 1164//2 1180//2
f 1176//2 1180//2 1175//2
f 1182//2 1170//2 1183//2
f 1183//2 1170//2 1178//2
f 1183//2 1178//2 1173//2
f 1173//2 1178//2 1174//2
f 1167//2 1168//2 1177//2
f 1177//2 1168//2 1169//2
f 1170//2 1171//2 1178//2
f 1178//2 1171//2 1172//2
f 1178//2 1172//2 1184//2
f 1185//2 1186//2 1180//2
f 1180//2 1186//2 1187//2
f 1180//2 1187//2 1175//2
f 1167//2 1177//2 1166//2
f 1166//2 1177//2 1178//2
f 1166//2 1178//2 1165//2
f 1165//2 1178//2 1184//2
f 1165//2 1184//2 1188//2
f 1169//2 1189//2 1177//2
f 1177//2 1189//2 1190//2
f 1177//2 1190//2 1161//2
f 191//333 1147//333 185//333
f 185//333 1147//333 1160//333
f 185//334 1160//334 186//334
f 186//334 1160//334 1159//334
f 186//335 1159//335 188//335
f 188//335 1159//335 1134//335
f 1149//336 184//336 1157//336
f 1157//336 184//336 183//336
f 1157//337 183//337 1158//337
f 1158//337 183//337 181//337
f 1158//338 181//338 1145//338
f 1145//338 181//338 180//338
f 1146//339 209//339 1151//339
f 1151//339 209//339 211//339
f 1151//340 211//340 1140//340
f 1140//340 211//340 213//340
f 1144//341 219//341 1154//341
f 1154//341 219//341 217//341
f 1154//342 217//342 1152//342
f 1152//343 217//343 216//343
f 1152//344 216//344 1153//344
f 1153//344 216//344 196//344
f 1153//345 196//345 1138//345
f 1138//345 196//345 195//345
f 203//346 1130//346 204//346
f 204//346 1130//346 1155//346
f 204//347 1155//347 193//347
f 193//347 1155//347 1156//347
f 193//348 1156//348 194//348
f 194//348 1156//348 1137//348
f 1139//349 208//349 1150//349
f 1150//349 208//349 207//349
f 1150//350 207//350 1135//350
f 1135//350 207//350 206//350
f 266//351 1161//351 267//351
f 267//351 1161//351 1190//351
f 267//352 1190//352 288//352
f 288//352 1190//352 1189//352
f 288//353 1189//353 289//353
f 289//353 1189//353 1169//353
f 1180//354 269//354 1185//354
f 1185//354 269//354 268//354
f 1185//355 268//355 1186//355
f 1186//355 268//355 275//355
f 1186//356 275//356 1187//356
f 1187//357 275//357 277//357
f 1187//358 277//358 1175//358
f 1175//358 277//358 279//358
f 280//359 1165//359 287//359
f 287//359 1165//359 1188//359
f 287//360 1188//360 286//360
f 286//360 1188//360 1184//360
f 286//361 1184//361 285//361
f 285//361 1184//361 1172//361
f 1173//362 299//362 1183//362
f 1183//362 299//362 298//362
f 1183//363 298//363 1182//363
f 1182//363 298//363 254//363
f 1182//364 254//364 1170//364
f 1170//364 254//364 253//364
f 1179//365 305//365 1181//365
f 1181//365 305//365 303//365
f 1181//366 303//366 1174//366
f 1174//366 303//366 301//366
f 578//335 536//335 671//335
f 671//335 536//335 546//335
f 671//334 546//334 672//334
f 672//334 546//334 545//334
f 672//333 545//333 585//333
f 585//333 545//333 528//333
f 529//338 586//338 543//338
f 543//338 586//338 677//338
f 543//337 677//337 544//337
f 544//337 677//337 665//337
f 544//336 665//336 525//336
f 525//336 665//336 583//336
f 531//340 592//340 532//340
f 532//340 592//340 679//340
f 532//339 679//339 530//339
f 530//339 679//339 587//339
f 524//345 573//345 540//345
f 540//345 573//345 607//345
f 540//344 607//344 541//344
f 541//344 607//344 667//344
f 541//343 667//343 542//343
f 542//342 667//342 674//342
f 542//341 674//341 522//341
f 522//341 674//341 588//341
f 537//350 577//350 538//350
f 538//350 577//350 668//350
f 538//349 668//349 539//349
f 539//349 668//349 574//349
f 575//348 551//348 666//348
f 666//348 551//348 552//348
f 666//347 552//347 675//347
f 675//347 552//347 549//347
f 675//346 549//346 582//346
f 582//346 549//346 548//346
f 553//353 510//353 659//353
f 659//353 510//353 515//353
f 659//352 515//352 648//352
f 648//352 515//352 516//352
f 648//351 516//351 560//351
f 560//351 516//351 517//351
f 491//367 561//367 492//367
f 492//367 561//367 654//367
f 492//368 654//368 493//368
f 493//368 654//368 558//368
f 509//358 567//358 508//358
f 508//358 567//358 657//358
f 508//357 657//357 506//357
f 506//356 657//356 656//356
f 506//355 656//355 507//355
f 507//355 656//355 655//355
f 507//354 655//354 498//354
f 498//354 655//354 562//354
f 570//361 494//361 649//361
f 649//361 494//361 521//361
f 649//360 521//360 650//360
f 650//360 521//360 520//360
f 650//359 520//359 557//359
f 557//359 520//359 514//359
f 497//364 572//364 518//364
f 518//364 572//364 630//364
f 518//363 630//363 519//363
f 519//363 630//363 629//363
f 519//362 629//362 505//362
f 505//362 629//362 568//362
f 504//366 569//366 502//366
f 502//366 569//366 651//366
f 502//365 651//365 503//365
f 503//365 651//365 563//365
f 304//369 653//369 652//369
f 304//369 652//369 302//369
f 302//370 652//370 599//370
f 302//370 599//370 300//370
f 210//371 604//371 678//371
f 210//371 678//371 212//371
f 212//372 678//372 490//372
f 212//372 490//372 214//372
f 440//373 441//373 834//373
f 440//373 834//373 802//373
f 802//374 834//374 833//374
f 802//374 833//374 777//374
f 777//375 833//375 829//375
f 777//375 829//375 776//375
f 776//376 829//376 827//376
f 776//376 827//376 775//376
f 775//377 827//377 594//377
f 775//377 594//377 593//377
f 600//378 605//378 854//378
f 600//378 854//378 762//378
f 762//379 854//379 855//379
f 762//379 855//379 786//379
f 786//380 855//380 856//380
f 786//380 856//380 787//380
f 787//381 856//381 868//381
f 787//381 868//381 766//381
f 766//382 868//382 435//382
f 766//382 435//382 434//382
f 1191//383 278//383 1192//383
f 1192//384 278//384 1193//384
f 1194//385 1195//385 663//385
f 663//386 1195//386 1196//386
f 663//387 1196//387 664//387
f 1196//388 1197//388 664//388
f 664//389 1197//389 1198//389
f 664//390 1198//390 658//390
f 1199//391 634//391 1200//391
f 1200//392 634//392 658//392
f 1200//393 658//393 1201//393
f 1201//394 658//394 1198//394
f 1202//395 673//395 608//395
f 1203//396 1204//396 226//396
f 226//397 1204//397 1205//397
f 226//398 1205//398 227//398
f 227//399 1205//399 1206//399
f 227//400 1206//400 220//400
f 220//401 1206//401 1207//401
f 220//402 1207//402 218//402
f 218//403 1207//403 197//403
f 197//404 1207//404 1208//404
f 197//405 1208//405 273//405
f 273//406 1208//406 1209//406
f 273//407 1209//407 274//407
f 1193//408 278//408 1209//408
f 1209//409 278//409 276//409
f 1209//410 276//410 274//410
f 1210//411 291//411 1211//411
f 1211//412 291//412 310//412
f 1211//413 310//413 1212//413
f 1212//414 310//414 309//414
f 1212//415 309//415 1191//415
f 1191//416 309//416 308//416
f 1191//417 308//417 278//417
f 1213//418 956//418 1214//418
f 1214//419 956//419 954//419
f 1214//420 954//420 1215//420
f 1215//421 954//421 953//421
f 1215//422 953//422 1216//422
f 1216//423 953//423 955//423
f 1216//424 955//424 1217//424
f 1217//425 955//425 964//425
f 1217//426 964//426 1218//426
f 1218//427 964//427 963//427
f 1218//428 963//428 1219//428
f 963//429 962//429 1219//429
f 1219//430 962//430 961//430
f 1219//431 961//431 1220//431
f 1220//432 961//432 966//432
f 1220//433 966//433 1221//433
f 1221//434 966//434 965//434
f 1221//435 965//435 1222//435
f 1222//436 965//436 960//436
f 1222//437 960//437 1223//437
f 1223//438 960//438 959//438
f 1223//439 959//439 1224//439
f 959//440 1102//440 1224//440
f 1224//441 1102//441 968//441
f 1224//442 968//442 1225//442
f 1225//443 968//443 967//443
f 1225//444 967//444 1226//444
f 1226//445 967//445 971//445
f 1226//446 971//446 1227//446
f 971//447 889//447 1227//447
f 1227//448 889//448 887//448
f 1227//449 887//449 1228//449
f 887//450 886//450 1228//450
f 1228//451 886//451 975//451
f 1228//452 975//452 1229//452
f 1229//453 975//453 974//453
f 1229//454 974//454 1230//454
f 1230//455 974//455 983//455
f 1230//456 983//456 1231//456
f 983//457 982//457 1231//457
f 1231//458 982//458 980//458
f 1231//459 980//459 1232//459
f 1232//460 980//460 978//460
f 1232//461 978//461 1233//461
f 1233//462 978//462 976//462
f 1233//463 976//463 1234//463
f 976//464 885//464 1234//464
f 1234//465 885//465 883//465
f 1234//466 883//466 1235//466
f 1235//467 883//467 987//467
f 1235//468 987//468 1236//468
f 1236//469 987//469 986//469
f 1236//470 986//470 1237//470
f 1237//471 986//471 985//471
f 984//472 1238//472 985//472
f 985//473 1238//473 1239//473
f 985//474 1239//474 1237//474
f 984//475 1105//475 1238//475
f 1238//476 1105//476 990//476
f 1238//477 990//477 1240//477
f 1240//478 990//478 989//478
f 1240//479 989//479 1241//479
f 1241//480 989//480 992//480
f 994//481 1242//481 992//481
f 992//482 1242//482 1243//482
f 992//483 1243//483 1241//483
f 994//484 1001//484 1242//484
f 1242//485 1001//485 1000//485
f 1242//486 1000//486 1244//486
f 1244//487 1000//487 999//487
f 1244//488 999//488 1245//488
f 1245//489 999//489 998//489
f 1245//490 998//490 1246//490
f 1246//491 998//491 996//491
f 1246//492 996//492 1247//492
f 1247//493 996//493 995//493
f 1007//494 1248//494 995//494
f 995//495 1248//495 1249//495
f 995//496 1249//496 1247//496
f 1007//497 1006//497 1248//497
f 1248//498 1006//498 1005//498
f 1248//499 1005//499 1250//499
f 1250//500 1005//500 1004//500
f 1250//501 1004//501 1251//501
f 1251//502 1004//502 1003//502
f 1251//503 1003//503 1252//503
f 1252//504 1003//504 1002//504
f 1252//505 1002//505 1253//505
f 1253//506 1002//506 1008//506
f 1253//507 1008//507 1254//507
f 1254//508 1008//508 1016//508
f 1254//509 1016//509 1255//509
f 1255//510 1016//510 1017//510
f 1255//511 1017//511 1256//511
f 1256//512 1017//512 1028//512
f 1256//513 1028//513 1257//513
f 1257//514 1028//514 1027//514
f 1257//515 1027//515 1258//515
f 1258//516 1027//516 1025//516
f 1258//517 1025//517 1259//517
f 1259//518 1025//518 1023//518
f 1259//519 1023//519 1260//519
f 1260//520 1023//520 1022//520
f 1260//521 1022//521 1261//521
f 1022//522 1031//522 1261//522
f 1261//523 1031//523 1030//523
f 1261//524 1030//524 1262//524
f 1262//525 1030//525 1029//525
f 1262//526 1029//526 1263//526
f 1263//527 1029//527 1019//527
f 1263//528 1019//528 1264//528
f 1264//529 1019//529 1018//529
f 1264//530 1018//530 1265//530
f 1265//531 1018//531 1033//531
f 1265//532 1033//532 1266//532
f 1266//533 1033//533 877//533
f 1266//534 877//534 1267//534
f 877//535 876//535 1267//535
f 1267//536 876//536 1040//536
f 1267//537 1040//537 1268//537
f 1268//538 1040//538 1039//538
f 1268//539 1039//539 1269//539
f 1269//540 1039//540 1035//540
f 1269//541 1035//541 1270//541
f 1270//542 1035//542 1034//542
f 1270//543 1034//543 1271//543
f 1271//544 1034//544 1038//544
f 1271//545 1038//545 1272//545
f 1272//546 1038//546 1037//546
f 1272//547 1037//547 1273//547
f 1037//548 1041//548 1273//548
f 1273//549 1041//549 1055//549
f 1273//550 1055//550 1274//550
f 1274//551 1055//551 1054//551
f 1274//552 1054//552 1275//552
f 1275//553 1054//553 1053//553
f 1275//554 1053//554 1276//554
f 1276//555 1053//555 1052//555
f 1276//556 1052//556 1277//556
f 1277//557 1052//557 1051//557
f 1277//558 1051//558 1278//558
f 663//559 704//559 1194//559
f 1194//560 704//560 703//560
f 1194//561 703//561 1279//561
f 1279//562 703//562 702//562
f 1279//563 702//563 1280//563
f 1280//564 702//564 701//564
f 1280//565 701//565 1281//565
f 1281//566 701//566 711//566
f 1281//567 711//567 1282//567
f 1282//568 711//568 710//568
f 1282//569 710//569 1283//569
f 1283//570 710//570 709//570
f 1283//571 709//571 1284//571
f 1284//572 709//572 708//572
f 1284//573 708//573 1285//573
f 1285//574 708//574 707//574
f 1285//575 707//575 1286//575
f 1286//576 707//576 706//576
f 1286//577 706//577 1287//577
f 1287//578 706//578 705//578
f 1287//579 705//579 1288//579
f 1288//580 705//580 731//580
f 1288//581 731//581 1289//581
f 1289//582 731//582 730//582
f 1289//583 730//583 1290//583
f 1290//584 730//584 729//584
f 1290//585 729//585 1291//585
f 1291//586 729//586 714//586
f 1291//587 714//587 1292//587
f 1292//588 714//588 713//588
f 1292//589 713//589 1293//589
f 1293//590 713//590 728//590
f 1293//591 728//591 1294//591
f 1294//592 728//592 727//592
f 1294//593 727//593 1295//593
f 1295//594 727//594 724//594
f 1295//595 724//595 1296//595
f 1296//596 724//596 723//596
f 1296//597 723//597 1297//597
f 1297//598 723//598 722//598
f 1297//599 722//599 1298//599
f 1298//600 722//600 721//600
f 1298//601 721//601 1299//601
f 1299//602 721//602 726//602
f 1299//603 726//603 1300//603
f 1300//604 726//604 725//604
f 1300//605 725//605 1301//605
f 1301//606 725//606 720//606
f 1301//607 720//607 1302//607
f 1302//608 720//608 719//608
f 1302//609 719//609 1303//609
f 1303//610 719//610 718//610
f 1303//611 718//611 1304//611
f 1304//612 718//612 717//612
f 1304//613 717//613 1305//613
f 1305//614 717//614 716//614
f 1305//615 716//615 1306//615
f 1306//616 716//616 715//616
f 1306//617 715//617 1307//617
f 1307//618 715//618 712//618
f 1307//619 712//619 1308//619
f 1308//620 712//620 736//620
f 1308//621 736//621 1309//621
f 1309//622 736//622 735//622
f 1309//623 735//623 1310//623
f 1310//624 735//624 734//624
f 1310//625 734//625 1311//625
f 1311//626 734//626 733//626
f 1311//627 733//627 1312//627
f 1312//628 733//628 732//628
f 1312//629 732//629 1313//629
f 1313//630 732//630 742//630
f 1313//631 742//631 1314//631
f 1314//632 742//632 741//632
f 1314//633 741//633 1315//633
f 1315//634 741//634 740//634
f 1315//635 740//635 1316//635
f 1316//636 740//636 739//636
f 1316//637 739//637 1317//637
f 1317//638 739//638 738//638
f 1317//639 738//639 1318//639
f 1318//640 738//640 737//640
f 1318//641 737//641 1319//641
f 1319//642 737//642 294//642
f 1319//643 294//643 1210//643
f 1210//644 294//644 292//644
f 1210//645 292//645 291//645
f 1051//646 1050//646 1278//646
f 1278//647 1050//647 1044//647
f 1278//648 1044//648 1320//648
f 1320//649 1044//649 1043//649
f 1320//650 1043//650 1321//650
f 1321//651 1043//651 1047//651
f 1321//652 1047//652 1322//652
f 1322//653 1047//653 1049//653
f 1322//654 1049//654 1323//654
f 1049//655 875//655 1323//655
f 1323//656 875//656 873//656
f 1323//657 873//657 1324//657
f 873//658 872//658 1324//658
f 1324//659 872//659 1058//659
f 1324//660 1058//660 1325//660
f 1325//661 1058//661 1057//661
f 1325//662 1057//662 1326//662
f 1326//663 1057//663 1056//663
f 1326//664 1056//664 1327//664
f 1327//665 1056//665 903//665
f 1327//666 903//666 1328//666
f 1328//667 903//667 1329//667
f 1329//668 903//668 901//668
f 1329//669 901//669 900//669
f 1329//670 1202//670 1199//670
f 1199//671 1202//671 608//671
f 1199//672 608//672 634//672
f 1330//673 1125//673 896//673
f 894//674 1331//674 896//674
f 896//675 1331//675 1332//675
f 896//676 1332//676 1330//676
f 894//677 907//677 1331//677
f 1331//678 907//678 906//678
f 1331//679 906//679 1333//679
f 1333//680 906//680 905//680
f 904//681 1334//681 905//681
f 905//682 1334//682 1335//682
f 905//683 1335//683 1333//683
f 904//684 1089//684 1334//684
f 1334//685 1089//685 1088//685
f 1334//686 1088//686 1336//686
f 1336//687 1088//687 912//687
f 1336//688 912//688 1337//688
f 1337//689 912//689 914//689
f 1337//690 914//690 1338//690
f 1338//691 914//691 915//691
f 1338//692 915//692 1339//692
f 1339//693 915//693 916//693
f 1339//694 916//694 1340//694
f 1340//695 916//695 920//695
f 1340//696 920//696 1341//696
f 1341//697 920//697 919//697
f 1341//698 919//698 1342//698
f 1342//699 919//699 918//699
f 1342//700 918//700 1343//700
f 1343//701 918//701 917//701
f 923//702 1344//702 917//702
f 917//703 1344//703 1345//703
f 917//704 1345//704 1343//704
f 923//705 922//705 1344//705
f 1344//706 922//706 928//706
f 1344//707 928//707 1346//707
f 1346//708 928//708 927//708
f 1346//709 927//709 1347//709
f 1347//710 927//710 926//710
f 1347//711 926//711 1348//711
f 1348//712 926//712 925//712
f 1348//713 925//713 1349//713
f 1349//714 925//714 924//714
f 1349//715 924//715 1350//715
f 1350//716 924//716 892//716
f 1350//717 892//717 1351//717
f 1351//718 892//718 929//718
f 1351//719 929//719 1352//719
f 1352//720 929//720 930//720
f 1352//721 930//721 1353//721
f 1353//722 930//722 932//722
f 1353//723 932//723 1354//723
f 1354//724 932//724 935//724
f 1354//725 935//725 1355//725
f 1355//726 935//726 934//726
f 1355//727 934//727 1356//727
f 1356//728 934//728 940//728
f 1356//729 940//729 1357//729
f 1357//730 940//730 939//730
f 1357//731 939//731 1358//731
f 1358//732 939//732 937//732
f 1358//733 937//733 1359//733
f 1359//734 937//734 936//734
f 1359//735 936//735 1360//735
f 1360//736 936//736 942//736
f 1360//737 942//737 1361//737
f 1361//738 942//738 944//738
f 1361//739 944//739 1362//739
f 1362//740 944//740 952//740
f 1362//741 952//741 1363//741
f 1363//742 952//742 951//742
f 1363//743 951//743 1213//743
f 1213//744 951//744 957//744
f 1213//745 957//745 956//745
f 1329//746 1199//746 1328//746
f 1328//747 1199//747 1200//747
f 1328//748 1200//748 1327//748
f 1327//749 1200//749 1201//749
f 1327//750 1201//750 1326//750
f 1326//751 1201//751 1198//751
f 1326//752 1198//752 1325//752
f 1325//753 1198//753 1197//753
f 1325//754 1197//754 1324//754
f 1324//755 1197//755 1196//755
f 1324//756 1196//756 1323//756
f 1323//757 1196//757 1195//757
f 1323//758 1195//758 1322//758
f 1322//759 1195//759 1194//759
f 1322//760 1194//760 1321//760
f 1321//761 1194//761 1279//761
f 1321//762 1279//762 1320//762
f 1320//763 1279//763 1280//763
f 1320//764 1280//764 1278//764
f 1278//765 1280//765 1281//765
f 1278//766 1281//766 1277//766
f 1277//767 1281//767 1282//767
f 1277//768 1282//768 1276//768
f 1276//769 1282//769 1283//769
f 1276//770 1283//770 1275//770
f 1275//771 1283//771 1284//771
f 1275//772 1284//772 1274//772
f 1274//773 1284//773 1285//773
f 1274//774 1285//774 1273//774
f 1273//775 1285//775 1286//775
f 1273//776 1286//776 1272//776
f 1272//777 1286//777 1287//777
f 1272//778 1287//778 1271//778
f 1271//779 1287//779 1288//779
f 1271//780 1288//780 1270//780
f 1270//781 1288//781 1289//781
f 1270//782 1289//782 1269//782
f 1269//783 1289//783 1290//783
f 1269//784 1290//784 1268//784
f 1268//785 1290//785 1291//785
f 1268//786 1291//786 1267//786
f 1267//787 1291//787 1292//787
f 1267//788 1292//788 1266//788
f 1266//789 1292//789 1293//789
f 1266//790 1293//790 1265//790
f 1265//791 1293//791 1294//791
f 1265//792 1294//792 1264//792
f 1264//793 1294//793 1295//793
f 1264//794 1295//794 1263//794
f 1263//795 1295//795 1296//795
f 1263//796 1296//796 1262//796
f 1262//797 1296//797 1297//797
f 1262//798 1297//798 1261//798
f 1261//799 1297//799 1298//799
f 1261//800 1298//800 1260//800
f 1260//801 1298//801 1299//801
f 1260//802 1299//802 1259//802
f 1259//803 1299//803 1300//803
f 1259//804 1300//804 1258//804
f 1258//805 1300//805 1301//805
f 1258//806 1301//806 1257//806
f 1257//807 1301//807 1302//807
f 1257//808 1302//808 1256//808
f 1256//809 1302//809 1303//809
f 1256//810 1303//810 1255//810
f 1255//811 1303//811 1304//811
f 1255//812 1304//812 1254//812
f 1254//813 1304//813 1305//813
f 1254//814 1305//814 1253//814
f 1253//815 1305//815 1306//815
f 1253//816 1306//816 1252//816
f 1252//817 1306//817 1307//817
f 1252//818 1307//818 1251//818
f 1251//819 1307//819 1308//819
f 1251//820 1308//820 1250//820
f 1250//821 1308//821 1309//821
f 1250//822 1309//822 1248//822
f 1248//823 1309//823 1310//823
f 1248//824 1310//824 1249//824
f 1249//825 1310//825 1311//825
f 1249//826 1311//826 1247//826
f 1247//827 1311//827 1312//827
f 1247//828 1312//828 1246//828
f 1246//829 1312//829 1313//829
f 1246//830 1313//830 1245//830
f 1245//831 1313//831 1314//831
f 1245//832 1314//832 1244//832
f 1244//833 1314//833 1315//833
f 1244//834 1315//834 1242//834
f 1242//835 1315//835 1316//835
f 1242//836 1316//836 1243//836
f 1243//837 1316//837 1317//837
f 1243//838 1317//838 1241//838
f 1241//839 1317//839 1318//839
f 1241//840 1318//840 1240//840
f 1240//841 1318//841 1319//841
f 1240//842 1319//842 1238//842
f 1238//843 1319//843 1210//843
f 1238//844 1210//844 1239//844
f 1239//845 1210//845 1211//845
f 1239//846 1211//846 1237//846
f 1237//847 1211//847 1212//847
f 1237//848 1212//848 1236//848
f 1236//849 1212//849 1191//849
f 1236//850 1191//850 1235//850
f 1235//851 1191//851 1192//851
f 1235//852 1192//852 1234//852
f 1234//853 1192//853 1193//853
f 1234//854 1193//854 1233//854
f 1233//855 1193//855 1209//855
f 1233//856 1209//856 1232//856
f 1232//857 1209//857 1208//857
f 1232//858 1208//858 1231//858
f 1231//859 1208//859 1207//859
f 1231//860 1207//860 1230//860
f 1230//861 1207//861 1206//861
f 1230//862 1206//862 1229//862
f 1229//863 1206//863 1205//863
f 1229//864 1205//864 1228//864
f 1228//865 1205//865 1204//865
f 1228//866 1204//866 1227//866
f 1227//867 1204//867 1203//867
f 1227//868 1203//868 1226//868
f 1226//869 1203//869 1364//869
f 1226//870 1364//870 1225//870
f 1225//871 1364//871 1365//871
f 1225//872 1365//872 1224//872
f 1224//873 1365//873 1366//873
f 1224//874 1366//874 1223//874
f 1223//875 1366//875 1367//875
f 1223//876 1367//876 1222//876
f 1222//877 1367//877 1368//877
f 1222//878 1368//878 1221//878
f 1221//879 1368//879 1369//879
f 1221//880 1369//880 1220//880
f 1220//881 1369//881 1370//881
f 1220//882 1370//882 1219//882
f 1219//883 1370//883 1371//883
f 1219//884 1371//884 1218//884
f 1218//885 1371//885 1372//885
f 1218//886 1372//886 1217//886
f 1217//887 1372//887 1373//887
f 1217//888 1373//888 1216//888
f 1216//889 1373//889 1374//889
f 1216//890 1374//890 1215//890
f 1215//891 1374//891 1375//891
f 1215//892 1375//892 1214//892
f 1214//893 1375//893 1376//893
f 1214//894 1376//894 1213//894
f 1213//895 1376//895 1377//895
f 1213//896 1377//896 1363//896
f 1363//897 1377//897 1378//897
f 1363//898 1378//898 1362//898
f 1362//899 1378//899 1379//899
f 1362//900 1379//900 1361//900
f 1361//901 1379//901 1380//901
f 1361//902 1380//902 1360//902
f 1360//903 1380//903 1381//903
f 1360//904 1381//904 1359//904
f 1359//905 1381//905 1382//905
f 1359//906 1382//906 1358//906
f 1358//907 1382//907 1383//907
f 1358//908 1383//908 1357//908
f 1357//909 1383//909 1384//909
f 1357//910 1384//910 1356//910
f 1356//911 1384//911 1385//911
f 1356//912 1385//912 1355//912
f 1355//913 1385//913 1386//913
f 1355//914 1386//914 1354//914
f 1354//915 1386//915 1387//915
f 1354//916 1387//916 1353//916
f 1353//917 1387//917 1388//917
f 1353//918 1388//918 1352//918
f 1352//919 1388//919 1389//919
f 1352//920 1389//920 1351//920
f 1351//921 1389//921 1390//921
f 1351//922 1390//922 1350//922
f 1350//923 1390//923 1391//923
f 1350//924 1391//924 1349//924
f 1349//925 1391//925 1392//925
f 1349//926 1392//926 1348//926
f 1348//927 1392//927 1393//927
f 1348//928 1393//928 1347//928
f 1347//929 1393//929 1394//929
f 1347//930 1394//930 1346//930
f 1346//931 1394//931 1395//931
f 1346//932 1395//932 1344//932
f 1344//933 1395//933 1396//933
f 1344//934 1396//934 1345//934
f 1345//935 1396//935 1397//935
f 1345//936 1397//936 1343//936
f 1343//937 1397//937 1398//937
f 1343//938 1398//938 1342//938
f 1342//939 1398//939 1399//939
f 1342//940 1399//940 1341//940
f 1341//941 1399//941 1400//941
f 1341//942 1400//942 1340//942
f 1340//943 1400//943 1401//943
f 1340//944 1401//944 1339//944
f 1339//945 1401//945 1402//945
f 1339//946 1402//946 1338//946
f 1338//947 1402//947 1403//947
f 1338//948 1403//948 1337//948
f 1337//949 1403//949 1404//949
f 1337//950 1404//950 1336//950
f 1336//951 1404//951 1405//951
f 1336//952 1405//952 1334//952
f 1334//953 1405//953 1406//953
f 1334//954 1406//954 1335//954
f 1335//955 1406//955 1407//955
f 1335//956 1407//956 1333//956
f 1333//957 1407//957 1408//957
f 1333//958 1408//958 1331//958
f 1331//959 1408//959 1409//959
f 1331//960 1409//960 1332//960
f 1332//961 1409//961 1410//961
f 1332//962 1410//962 1330//962
f 900//963 1125//963 1329//963
f 1329//964 1125//964 1330//964
f 1329//965 1330//965 1202//965
f 1202//966 1330//966 1410//966
f 1202//967 1410//967 673//967
f 673//968 1410//968 1409//968
f 673//969 1409//969 680//969
f 680//970 1409//970 1408//970
f 680//971 1408//971 681//971
f 681//972 1408//972 1407//972
f 681//973 1407//973 487//973
f 487//974 1407//974 1406//974
f 487//975 1406//975 488//975
f 488//976 1406//976 1405//976
f 488//977 1405//977 489//977
f 489//978 1405//978 1404//978
f 489//979 1404//979 484//979
f 484//980 1404//980 1403//980
f 484//981 1403//981 485//981
f 485//982 1403//982 1402//982
f 485//983 1402//983 486//983
f 486//984 1402//984 1401//984
f 486//985 1401//985 476//985
f 476//986 1401//986 1400//986
f 476//987 1400//987 477//987
f 477//988 1400//988 1399//988
f 477//989 1399//989 478//989
f 478//990 1399//990 1398//990
f 478//991 1398//991 479//991
f 479//992 1398//992 1397//992
f 479//993 1397//993 480//993
f 480//994 1397//994 1396//994
f 480//995 1396//995 481//995
f 481//996 1396//996 1395//996
f 481//997 1395//997 482//997
f 482//998 1395//998 1394//998
f 482//999 1394//999 483//999
f 483//1000 1394//1000 1393//1000
f 483//1001 1393//1001 455//1001
f 455//1002 1393//1002 1392//1002
f 455//1003 1392//1003 459//1003
f 459//1004 1392//1004 1391//1004
f 459//1005 1391//1005 460//1005
f 460//1006 1391//1006 1390//1006
f 460//1007 1390//1007 461//1007
f 461//1008 1390//1008 1389//1008
f 461//1009 1389//1009 462//1009
f 462//1010 1389//1010 1388//1010
f 462//1011 1388//1011 463//1011
f 463//1012 1388//1012 1387//1012
f 463//1013 1387//1013 464//1013
f 464//1014 1387//1014 1386//1014
f 464//1015 1386//1015 468//1015
f 468//1016 1386//1016 1385//1016
f 468//1017 1385//1017 469//1017
f 469//1018 1385//1018 1384//1018
f 469//1019 1384//1019 467//1019
f 467//1020 1384//1020 1383//1020
f 467//1021 1383//1021 465//1021
f 465//1022 1383//1022 1382//1022
f 465//1023 1382//1023 466//1023
f 466//1024 1382//1024 1381//1024
f 466//1025 1381//1025 470//1025
f 470//1026 1381//1026 1380//1026
f 470//1027 1380//1027 471//1027
f 471//1028 1380//1028 1379//1028
f 471//1029 1379//1029 458//1029
f 458//1030 1379//1030 1378//1030
f 458//1031 1378//1031 456//1031
f 456//1032 1378//1032 1377//1032
f 456//1033 1377//1033 457//1033
f 457//1034 1377//1034 1376//1034
f 457//1035 1376//1035 472//1035
f 472//1036 1376//1036 1375//1036
f 472//1037 1375//1037 473//1037
f 473//1038 1375//1038 1374//1038
f 473//1039 1374//1039 474//1039
f 474//1040 1374//1040 1373//1040
f 474//1041 1373//1041 449//1041
f 449//1042 1373//1042 1372//1042
f 449//1043 1372//1043 447//1043
f 447//1044 1372//1044 1371//1044
f 447//1045 1371//1045 448//1045
f 448//1046 1371//1046 1370//1046
f 448//1047 1370//1047 450//1047
f 450//1048 1370//1048 1369//1048
f 450//1049 1369//1049 451//1049
f 451//1050 1369//1050 1368//1050
f 451//1051 1368//1051 452//1051
f 452//1052 1368//1052 1367//1052
f 452//1053 1367//1053 442//1053
f 442//1054 1367//1054 1366//1054
f 442//1055 1366//1055 443//1055
f 443//1056 1366//1056 1365//1056
f 443//1057 1365//1057 444//1057
f 444//1058 1365//1058 1364//1058
f 444//1059 1364//1059 445//1059
f 445//1060 1364//1060 1203//1060
f 445//1061 1203//1061 446//1061
f 446//1062 1203//1062 226//1062
f 345//1063 110//1063 346//1063
f 346//1064 110//1064 116//1064
f 346//1065 116//1065 343//1065
f 343//1066 116//1066 340//1066
f 340//1067 116//1067 114//1067
f 340//1068 114//1068 341//1068
f 341//1069 114//1069 348//1069
f 348//1070 114//1070 113//1070
f 348//1071 113//1071 349//1071
f 349//1072 113//1072 350//1072
f 350//1073 113//1073 99//1073
f 350//1074 99//1074 351//1074
f 351//1075 99//1075 352//1075
f 352//1076 99//1076 100//1076
f 352//1077 100//1077 353//1077
f 370//1078 94//1078 371//1078
f 371//1079 94//1079 95//1079
f 371//1080 95//1080 376//1080
f 376//1081 95//1081 364//1081
f 364//1082 95//1082 96//1082
f 364//1083 96//1083 362//1083
f 362//1084 96//1084 359//1084
f 359//1085 96//1085 52//1085
f 359//1086 52//1086 360//1086
f 360//1087 52//1087 361//1087
f 361//1088 52//1088 54//1088
f 361//1089 54//1089 356//1089
f 356//1090 54//1090 357//1090
f 357//1091 54//1091 56//1091
f 357//1092 56//1092 365//1092
f 384//1093 85//1093 385//1093
f 385//1094 85//1094 36//1094
f 385//1095 36//1095 387//1095
f 387//1096 36//1096 388//1096
f 388//1097 36//1097 38//1097
f 388//1098 38//1098 389//1098
f 389//1099 38//1099 390//1099
f 390//1100 38//1100 91//1100
f 390//1101 91//1101 391//1101
f 92//1102 93//1102 381//1102
f 381//1103 377//1103 92//1103
f 92//1104 377//1104 378//1104
f 92//1105 378//1105 91//1105
f 91//1106 378//1106 380//1106
f 91//1107 380//1107 391//1107
f 397//1108 64//1108 398//1108
f 398//1109 64//1109 79//1109
f 398//1110 79//1110 395//1110
f 395//1111 79//1111 392//1111
f 392//1112 79//1112 81//1112
f 392//1113 81//1113 393//1113
f 393//1114 81//1114 400//1114
f 400//1115 81//1115 82//1115
f 400//1116 82//1116 401//1116
f 401//1117 82//1117 402//1117
f 402//1118 82//1118 68//1118
f 402//1119 68//1119 403//1119
f 403//1120 68//1120 404//1120
f 404//1121 68//1121 69//1121
f 404//1122 69//1122 405//1122
f 422//1123 133//1123 423//1123
f 423//1124 133//1124 134//1124
f 423//1125 134//1125 428//1125
f 428//1126 134//1126 416//1126
f 416//1127 134//1127 135//1127
f 416//1128 135//1128 414//1128
f 414//1129 135//1129 411//1129
f 411//1130 135//1130 19//1130
f 411//1131 19//1131 412//1131
f 412//1132 19//1132 413//1132
f 413//1133 19//1133 21//1133
f 413//1134 21//1134 408//1134
f 408//1135 21//1135 409//1135
f 409//1136 21//1136 62//1136
f 409//1137 62//1137 417//1137
f 331//1138 119//1138 332//1138
f 332//1139 119//1139 155//1139
f 332//1140 155//1140 334//1140
f 334//1141 155//1141 335//1141
f 335//1142 155//1142 129//1142
f 335//1143 129//1143 336//1143
f 336//1144 129//1144 337//1144
f 337//1145 129//1145 128//1145
f 337//1146 128//1146 339//1146
f 130//1147 132//1147 432//1147
f 432//1148 431//1148 130//1148
f 130//1149 431//1149 430//1149
f 130//1150 430//1150 128//1150
f 128//1151 430//1151 429//1151
f 128//1152 429//1152 339//1152
f 774//1153 698//1153 790//1153
f 790//1153 698//1153 696//1153
f 790//363 696//363 788//363
f 788//363 696//363 694//363
f 788//1154 694//1154 795//1154
f 795//1154 694//1154 692//1154
f 795//1155 692//1155 793//1155
f 793//1155 692//1155 690//1155
f 793//1156 690//1156 763//1156
f 763//1156 690//1156 689//1156
f 763//1157 689//1157 764//1157
f 764//1157 689//1157 684//1157
f 764//1158 684//1158 765//1158
f 765//1158 684//1158 686//1158
f 765//1159 686//1159 785//1159
f 785//1159 686//1159 685//1159
f 785//1160 685//1160 784//1160
f 784//1160 685//1160 683//1160
f 784//1161 683//1161 783//1161
f 783//1161 683//1161 682//1161
f 783//337 682//337 773//337
f 773//337 682//337 688//337
f 773//1162 688//1162 774//1162
f 774//1162 688//1162 698//1162
f 809//1153 641//1153 807//1153
f 807//1153 641//1153 639//1153
f 807//363 639//363 805//363
f 805//363 639//363 637//363
f 805//1154 637//1154 779//1154
f 779//1154 637//1154 647//1154
f 779//1155 647//1155 780//1155
f 780//1155 647//1155 645//1155
f 780//1156 645//1156 797//1156
f 797//1156 645//1156 646//1156
f 797//1163 646//1163 798//1163
f 798//1163 646//1163 635//1163
f 798//1164 635//1164 803//1164
f 803//1164 635//1164 633//1164
f 803//1159 633//1159 804//1159
f 804//1159 633//1159 632//1159
f 804//1160 632//1160 794//1160
f 794//1160 632//1160 631//1160
f 794//1161 631//1161 796//1161
f 796//1161 631//1161 644//1161
f 796//337 644//337 811//337
f 811//337 644//337 643//337
f 811//1162 643//1162 809//1162
f 809//1162 643//1162 641//1162
f 822//1153 615//1153 768//1153
f 768//1153 615//1153 614//1153
f 768//363 614//363 769//363
f 769//363 614//363 621//363
f 769//1154 621//1154 770//1154
f 770//1154 621//1154 620//1154
f 770//1155 620//1155 771//1155
f 771//1155 620//1155 619//1155
f 771//1156 619//1156 801//1156
f 801//1156 619//1156 609//1156
f 801//1157 609//1157 800//1157
f 800//1157 609//1157 610//1157
f 800//1158 610//1158 799//1158
f 799//1158 610//1158 612//1158
f 799//1159 612//1159 778//1159
f 778//1159 612//1159 616//1159
f 778//1160 616//1160 816//1160
f 816//1160 616//1160 618//1160
f 816//1161 618//1161 818//1161
f 818//1161 618//1161 624//1161
f 818//337 624//337 820//337
f 820//337 624//337 626//337
f 820//1162 626//1162 822//1162
f 822//1162 626//1162 615//1162
f 866//1157 245//1157 865//1157
f 865//1157 245//1157 244//1157
f 865//1156 244//1156 845//1156
f 845//1156 244//1156 228//1156
f 845//1165 228//1165 846//1165
f 846//1165 228//1165 229//1165
f 846//362 229//362 847//362
f 847//362 229//362 231//362
f 847//363 231//363 848//363
f 848//363 231//363 233//363
f 848//364 233//364 849//364
f 849//364 233//364 235//364
f 849//336 235//336 850//336
f 850//336 235//336 237//336
f 850//337 237//337 851//337
f 851//337 237//337 239//337
f 851//1161 239//1161 852//1161
f 852//1161 239//1161 241//1161
f 852//1160 241//1160 853//1160
f 853//1160 241//1160 243//1160
f 853//1159 243//1159 867//1159
f 867//1159 243//1159 246//1159
f 867//1158 246//1158 866//1158
f 866//1158 246//1158 245//1158
f 825//1157 270//1157 830//1157
f 830//1157 270//1157 257//1157
f 830//1156 257//1156 831//1156
f 831//1156 257//1156 256//1156
f 831//1155 256//1155 832//1155
f 832//1155 256//1155 265//1155
f 832//1154 265//1154 840//1154
f 840//1154 265//1154 261//1154
f 840//363 261//363 844//363
f 844//363 261//363 262//363
f 844//364 262//364 843//364
f 843//364 262//364 251//364
f 843//336 251//336 841//336
f 841//336 251//336 249//336
f 841//337 249//337 842//337
f 842//337 249//337 248//337
f 842//1161 248//1161 857//1161
f 857//1161 248//1161 247//1161
f 857//1160 247//1160 858//1160
f 858//1160 247//1160 272//1160
f 858//1159 272//1159 859//1159
f 859//1159 272//1159 271//1159
f 859//1158 271//1158 825//1158
f 825//1158 271//1158 270//1158
f 836//1157 312//1157 835//1157
f 835//1157 312//1157 311//1157
f 835//1156 311//1156 828//1156
f 828//1156 311//1156 329//1156
f 828//1155 329//1155 826//1155
f 826//1155 329//1155 328//1155
f 826//1154 328//1154 864//1154
f 864//1154 328//1154 326//1154
f 864//363 326//363 863//363
f 863//363 326//363 324//363
f 863//364 324//364 862//364
f 862//364 324//364 322//364
f 862//336 322//336 861//336
f 861//336 322//336 320//336
f 861//337 320//337 860//337
f 860//337 320//337 318//337
f 860//338 318//338 839//338
f 839//338 318//338 316//338
f 839//1166 316//1166 838//1166
f 838//1166 316//1166 314//1166
f 838//1159 314//1159 837//1159
f 837//1159 314//1159 313//1159
f 837//1158 313//1158 836//1158
f 836//1158 313//1158 312//1158
f 1014//1167 102//1167 1015//1167
f 1015//1167 102//1167 101//1167
f 1015//1168 101//1168 1026//1168
f 1026//1168 101//1168 98//1168
f 1026//1169 98//1169 1024//1169
f 1024//1169 98//1169 97//1169
f 1024//1170 97//1170 1021//1170
f 1021//1170 97//1170 115//1170
f 1021//1171 115//1171 1020//1171
f 1020//1171 115//1171 117//1171
f 1020//1172 117//1172 1032//1172
f 1032//1172 117//1172 118//1172
f 1032//1173 118//1173 1010//1173
f 1010//1173 118//1173 106//1173
f 1010//1174 106//1174 1011//1174
f 1011//1174 106//1174 105//1174
f 1011//1175 105//1175 1012//1175
f 1012//1175 105//1175 109//1175
f 1012//1176 109//1176 1013//1176
f 1013//1176 109//1176 108//1176
f 1013//1177 108//1177 1009//1177
f 1009//1177 108//1177 107//1177
f 1009//1178 107//1178 1014//1178
f 1014//1178 107//1178 102//1178
f 1074//1167 43//1167 1075//1167
f 1075//1167 43//1167 60//1167
f 1075//1168 60//1168 1042//1168
f 1042//1168 60//1168 58//1168
f 1042//1179 58//1179 1046//1179
f 1046//1179 58//1179 57//1179
f 1046//1170 57//1170 1045//1170
f 1045//1170 57//1170 55//1170
f 1045//1171 55//1171 1048//1171
f 1048//1171 55//1171 53//1171
f 1048//1172 53//1172 1077//1172
f 1077//1172 53//1172 51//1172
f 1077//1173 51//1173 1076//1173
f 1076//1173 51//1173 49//1173
f 1076//1174 49//1174 1078//1174
f 1078//1174 49//1174 48//1174
f 1078//1175 48//1175 1079//1175
f 1079//1175 48//1175 46//1175
f 1079//1180 46//1180 1080//1180
f 1080//1180 46//1180 45//1180
f 1080//1177 45//1177 1073//1177
f 1073//1177 45//1177 44//1177
f 1073//1178 44//1178 1074//1178
f 1074//1178 44//1178 43//1178
f 1084//1167 31//1167 1085//1167
f 1085//1167 31//1167 29//1167
f 1085//1168 29//1168 1086//1168
f 1086//1168 29//1168 28//1168
f 1086//1179 28//1179 1087//1179
f 1087//1179 28//1179 25//1179
f 1087//1170 25//1170 1093//1170
f 1093//1170 25//1170 24//1170
f 1093//1171 24//1171 1092//1171
f 1092//1171 24//1171 42//1171
f 1092//1172 42//1172 1091//1172
f 1091//1172 42//1172 41//1172
f 1091//1173 41//1173 1090//1173
f 1090//1173 41//1173 39//1173
f 1090//1174 39//1174 913//1174
f 913//1174 39//1174 37//1174
f 913//1175 37//1175 911//1175
f 911//1175 37//1175 35//1175
f 911//1180 35//1180 908//1180
f 908//1180 35//1180 34//1180
f 908//1177 34//1177 909//1177
f 909//1177 34//1177 32//1177
f 909//1178 32//1178 1084//1178
f 1084//1178 32//1178 31//1178
f 950//1167 77//1167 945//1167
f 945//1167 77//1167 63//1167
f 945//1168 63//1168 946//1168
f 946//1168 63//1168 76//1168
f 946//1169 76//1169 948//1169
f 948//1169 76//1169 75//1169
f 948//1170 75//1170 949//1170
f 949//1170 75//1170 73//1170
f 949//1171 73//1171 941//1171
f 941//1171 73//1171 72//1171
f 941//1172 72//1172 890//1172
f 890//1172 72//1172 71//1172
f 890//1173 71//1173 891//1173
f 891//1173 71//1173 70//1173
f 891//1174 70//1174 931//1174
f 931//1174 70//1174 67//1174
f 931//1175 67//1175 933//1175
f 933//1175 67//1175 66//1175
f 933//1176 66//1176 938//1176
f 938//1176 66//1176 80//1176
f 938//1177 80//1177 943//1177
f 943//1177 80//1177 78//1177
f 943//1178 78//1178 950//1178
f 950//1178 78//1178 77//1178
f 1096//1181 18//1181 1097//1181
f 1097//1181 18//1181 16//1181
f 1097//1168 16//1168 1095//1168
f 1095//1168 16//1168 15//1168
f 1095//1179 15//1179 1101//1179
f 1101//1179 15//1179 10//1179
f 1101//1170 10//1170 1100//1170
f 1100//1170 10//1170 8//1170
f 1100//1171 8//1171 1099//1171
f 1099//1171 8//1171 7//1171
f 1099//1172 7//1172 1098//1172
f 1098//1172 7//1172 5//1172
f 1098//1173 5//1173 1104//1173
f 1104//1173 5//1173 4//1173
f 1104//1174 4//1174 1103//1174
f 1103//1174 4//1174 14//1174
f 1103//1175 14//1175 970//1175
f 970//1175 14//1175 23//1175
f 970//1180 23//1180 969//1180
f 969//1180 23//1180 22//1180
f 969//1177 22//1177 972//1177
f 972//1177 22//1177 20//1177
f 972//1182 20//1182 1096//1182
f 1096//1182 20//1182 18//1182
f 1106//1181 158//1181 991//1181
f 991//1181 158//1181 157//1181
f 991//1168 157//1168 988//1168
f 988//1168 157//1168 156//1168
f 988//1179 156//1179 993//1179
f 993//1179 156//1179 154//1179
f 993//1170 154//1170 997//1170
f 997//1170 154//1170 153//1170
f 997//1171 153//1171 879//1171
f 879//1171 153//1171 121//1171
f 879//1172 121//1172 880//1172
f 880//1172 121//1172 146//1172
f 880//1173 146//1173 1069//1173
f 1069//1173 146//1173 147//1173
f 1069//1174 147//1174 1108//1174
f 1108//1174 147//1174 149//1174
f 1108//1175 149//1175 1109//1175
f 1109//1175 149//1175 161//1175
f 1109//1180 161//1180 1110//1180
f 1110//1180 161//1180 160//1180
f 1110//1177 160//1177 1107//1177
f 1107//1177 160//1177 159//1177
f 1107//1182 159//1182 1106//1182
f 1106//1182 159//1182 158//1182
f 977//1167 127//1167 1111//1167
f 1111//1167 127//1167 124//1167
f 1111//1168 124//1168 1112//1168
f 1112//1168 124//1168 123//1168
f 1112//1169 123//1169 1113//1169
f 1113//1169 123//1169 165//1169
f 1113//1170 165//1170 1114//1170
f 1114//1170 165//1170 164//1170
f 1114//1171 164//1171 1115//1171
f 1115//1171 164//1171 163//1171
f 1115//1172 163//1172 1116//1172
f 1116//1172 163//1172 162//1172
f 1116//1173 162//1173 1117//1173
f 1117//1173 162//1173 166//1173
f 1117//1174 166//1174 1118//1174
f 1118//1174 166//1174 170//1174
f 1118//1175 170//1175 1119//1175
f 1119//1175 170//1175 169//1175
f 1119//1176 169//1176 981//1176
f 981//1176 169//1176 168//1176
f 981//1177 168//1177 979//1177
f 979//1177 168//1177 167//1177
f 979//1178 167//1178 977//1178
f 977//1178 167//1178 127//1178
f 1120//1167 174//1167 1121//1167
f 1121//1167 174//1167 175//1167
f 1121//1168 175//1168 1122//1168
f 1122//1168 175//1168 176//1168
f 1122//1169 176//1169 1123//1169
f 1123//1169 176//1169 173//1169
f 1123//1170 173//1170 898//1170
f 898//1170 173//1170 172//1170
f 898//1171 172//1171 899//1171
f 899//1171 172//1171 171//1171
f 899//1172 171//1172 902//1172
f 902//1172 171//1172 88//1172
f 902//1173 88//1173 1126//1173
f 1126//1173 88//1173 87//1173
f 1126//1174 87//1174 1127//1174
f 1127//1174 87//1174 86//1174
f 1127//1175 86//1175 1128//1175
f 1128//1175 86//1175 179//1175
f 1128//1176 179//1176 1129//1176
f 1129//1176 179//1176 178//1176
f 1129//1177 178//1177 1124//1177
f 1124//1177 178//1177 177//1177
f 1124//1178 177//1178 1120//1178
f 1120//1178 177//1178 174//1178
f 1411//1183 1412//1183 1413//1183
f 1413//1184 1412//1184 1414//1184
f 1413//1184 1414//1184 1415//1184
f 1415//1185 1414//1185 1416//1185
f 1415//1185 1416//1185 1417//1185
f 1417//1186 1416//1186 1418//1186
f 1417//1186 1418//1186 1419//1186
f 1419//1187 1418//1187 1420//1187
f 1419//1187 1420//1187 1421//1187
f 1421//1188 1420//1188 1422//1188
f 1421//1188 1422//1188 1423//1188
f 1423//1189 1422//1189 1424//1189
f 1423//1189 1424//1189 1425//1189
f 1425//1190 1424//1190 1426//1190
f 1425//1190 1426//1190 1427//1190
f 1427//1191 1426//1191 1428//1191
f 1427//1191 1428//1191 1429//1191
f 1429//1192 1428//1192 1430//1192
f 1429//1192 1430//1192 1431//1192
f 1431//1193 1430//1193 1432//1193
f 1431//1193 1432//1193 1433//1193
f 1433//1194 1432//1194 1434//1194
f 1433//1194 1434//1194 1435//1194
f 1435//1195 1434//1195 1436//1195
f 1435//1195 1436//1195 1437//1195
f 1437//1196 1436//1196 1438//1196
f 1437//1196 1438//1196 1439//1196
f 1439//1197 1438//1197 1440//1197
f 1439//1197 1440//1197 1441//1197
f 1441//1198 1440//1198 1442//1198
f 1441//1198 1442//1198 1443//1198
f 1443//1199 1442//1199 1444//1199
f 1443//1199 1444//1199 1445//1199
f 1445//297 1444//297 1446//297
f 1445//297 1446//297 1447//297
f 1447//1200 1446//1200 1448//1200
f 1447//1200 1448//1200 1449//1200
f 1449//1201 1448//1201 1450//1201
f 1449//1201 1450//1201 1451//1201
f 1451//1202 1450//1202 1452//1202
f 1451//1202 1452//1202 1453//1202
f 1453//1203 1452//1203 1454//1203
f 1453//1203 1454//1203 1455//1203
f 1455//1204 1454//1204 1456//1204
f 1455//1204 1456//1204 1457//1204
f 1457//1205 1456//1205 1458//1205
f 1457//1205 1458//1205 1459//1205
f 1459//1206 1458//1206 1460//1206
f 1459//1206 1460//1206 1461//1206
f 1461//1207 1460//1207 1462//1207
f 1461//1207 1462//1207 1463//1207
f 1463//1208 1462//1208 1464//1208
f 1463//1208 1464//1208 1465//1208
f 1465//1209 1464//1209 1466//1209
f 1465//1209 1466//1209 1467//1209
f 1467//1210 1466//1210 1468//1210
f 1467//1210 1468//1210 1469//1210
f 1469//1211 1468//1211 1470//1211
f 1469//1211 1470//1211 1471//1211
f 1471//1212 1470//1212 1472//1212
f 1471//1212 1472//1212 1473//1212
f 1473//1213 1472//1213 1474//1213
f 1473//1213 1474//1213 1475//1213
f 1475//1214 1474//1214 1476//1214
f 1475//1214 1476//1214 1477//1214
f 1477//1215 1476//1215 1478//1215
f 1477//1215 1478//1215 1479//1215
f 1479//1216 1478//1216 1480//1216
f 1479//1216 1480//1216 1411//1216
f 1411//1183 1480//1183 1412//1183
f 1481//1183 1482//1183 1483//1183
f 1483//1184 1482//1184 1484//1184
f 1483//1184 1484//1184 1485//1184
f 1485//1185 1484//1185 1486//1185
f 1485//1185 1486//1185 1487//1185
f 1487//1186 1486//1186 1488//1186
f 1487//1186 1488//1186 1489//1186
f 1489//1187 1488//1187 1490//1187
f 1489//1187 1490//1187 1491//1187
f 1491//1188 1490//1188 1492//1188
f 1491//1188 1492//1188 1493//1188
f 1493//1189 1492//1189 1494//1189
f 1493//1189 1494//1189 1495//1189
f 1495//1190 1494//1190 1496//1190
f 1495//1190 1496//1190 1497//1190
f 1497//1191 1496//1191 1498//1191
f 1497//1191 1498//1191 1499//1191
f 1499//1192 1498//1192 1500//1192
f 1499//1192 1500//1192 1501//1192
f 1501//1193 1500//1193 1502//1193
f 1501//1193 1502//1193 1503//1193
f 1503//1194 1502//1194 1504//1194
f 1503//1194 1504//1194 1505//1194
f 1505//1195 1504//1195 1506//1195
f 1505//1195 1506//1195 1507//1195
f 1507//1196 1506//1196 1508//1196
f 1507//1196 1508//1196 1509//1196
f 1509//1197 1508//1197 1510//1197
f 1509//1197 1510//1197 1511//1197
f 1511//1198 1510//1198 1512//1198
f 1511//1198 1512//1198 1513//1198
f 1513//1199 1512//1199 1514//1199
f 1513//1199 1514//1199 1515//1199
f 1515//297 1514//297 1516//297
f 1515//297 1516//297 1517//297
f 1517//1200 1516//1200 1518//1200
f 1517//1200 1518//1200 1519//1200
f 1519//1201 1518//1201 1520//1201
f 1519//1201 1520//1201 1521//1201
f 1521//1202 1520//1202 1522//1202
f 1521//1202 1522//1202 1523//1202
f 1523//1203 1522//1203 1524//1203
f 1523//1203 1524//1203 1525//1203
f 1525//1204 1524//1204 1526//1204
f 1525//1204 1526//1204 1527//1204
f 1527//1205 1526//1205 1528//1205
f 1527//1205 1528//1205 1529//1205
f 1529//1206 1528//1206 1530//1206
f 1529//1206 1530//1206 1531//1206
f 1531//1207 1530//1207 1532//1207
f 1531//1207 1532//1207 1533//1207
f 1533//1208 1532//1208 1534//1208
f 1533//1208 1534//1208 1535//1208
f 1535//1209 1534//1209 1536//1209
f 1535//1209 1536//1209 1537//1209
f 1537//1210 1536//1210 1538//1210
f 1537//1210 1538//1210 1539//1210
f 1539//1211 1538//1211 1540//1211
f 1539//1211 1540//1211 1541//1211
f 1541//1212 1540//1212 1542//1212
f 1541//1212 1542//1212 1543//1212
f 1543//1213 1542//1213 1544//1213
f 1543//1213 1544//1213 1545//1213
f 1545//1214 1544//1214 1546//1214
f 1545//1214 1546//1214 1547//1214
f 1547//1215 1546//1215 1548//1215
f 1547//1215 1548//1215 1549//1215
f 1549//1216 1548//1216 1550//1216
f 1549//1216 1550//1216 1481//1216
f 1481//1183 1550//1183 1482//1183
f 1551//1183 1552//1183 1553//1183
f 1553//1184 1552//1184 1554//1184
f 1553//1184 1554//1184 1555//1184
f 1555//1185 1554//1185 1556//1185
f 1555//1185 1556//1185 1557//1185
f 1557//1186 1556//1186 1558//1186
f 1557//1186 1558//1186 1559//1186
f 1559//1187 1558//1187 1560//1187
f 1559//1187 1560//1187 1561//1187
f 1561//1188 1560//1188 1562//1188
f 1561//1188 1562//1188 1563//1188
f 1563//1189 1562//1189 1564//1189
f 1563//1189 1564//1189 1565//1189
f 1565//1190 1564//1190 1566//1190
f 1565//1190 1566//1190 1567//1190
f 1567//1191 1566//1191 1568//1191
f 1567//1191 1568//1191 1569//1191
f 1569//1192 1568//1192 1570//1192
f 1569//1192 1570//1192 1571//1192
f 1571//1193 1570//1193 1572//1193
f 1571//1193 1572//1193 1573//1193
f 1573//1194 1572//1194 1574//1194
f 1573//1194 1574//1194 1575//1194
f 1575//1195 1574//1195 1576//1195
f 1575//1195 1576//1195 1577//1195
f 1577//1196 1576//1196 1578//1196
f 1577//1196 1578//1196 1579//1196
f 1579//1197 1578//1197 1580//1197
f 1579//1197 1580//1197 1581//1197
f 1581//1198 1580//1198 1582//1198
f 1581//1198 1582//1198 1583//1198
f 1583//1199 1582//1199 1584//1199
f 1583//1199 1584//1199 1585//1199
f 1585//297 1584//297 1586//297
f 1585//297 1586//297 1587//297
f 1587//1200 1586//1200 1588//1200
f 1587//1200 1588//1200 1589//1200
f 1589//1201 1588//1201 1590//1201
f 1589//1201 1590//1201 1591//1201
f 1591//1202 1590//1202 1592//1202
f 1591//1202 1592//1202 1593//1202
f 1593//1203 1592//1203 1594//1203
f 1593//1203 1594//1203 1595//1203
f 1595//1204 1594//1204 1596//1204
f 1595//1204 1596//1204 1597//1204
f 1597//1205 1596//1205 1598//1205
f 1597//1205 1598//1205 1599//1205
f 1599//1206 1598//1206 1600//1206
f 1599//1206 1600//1206 1601//1206
f 1601//1207 1600//1207 1602//1207
f 1601//1207 1602//1207 1603//1207
f 1603//1208 1602//1208 1604//1208
f 1603//1208 1604//1208 1605//1208
f 1605//1209 1604//1209 1606//1209
f 1605//1209 1606//1209 1607//1209
f 1607//1210 1606//1210 1608//1210
f 1607//1210 1608//1210 1609//1210
f 1609//1211 1608//1211 1610//1211
f 1609//1211 1610//1211 1611//1211
f 1611//1212 1610//1212 1612//1212
f 1611//1212 1612//1212 1613//1212
f 1613//1213 1612//1213 1614//1213
f 1613//1213 1614//1213 1615//1213
f 1615//1214 1614//1214 1616//1214
f 1615//1214 1616//1214 1617//1214
f 1617//1215 1616//1215 1618//1215
f 1617//1215 1618//1215 1619//1215
f 1619//1216 1618//1216 1620//1216
f 1619//1216 1620//1216 1551//1216
f 1551//1183 1620//1183 1552//1183
f 1621//1200 1622//1200 1623//1200
f 1623//1201 1622//1201 1624//1201
f 1623//1201 1624//1201 1625//1201
f 1625//1202 1624//1202 1626//1202
f 1625//1202 1626//1202 1627//1202
f 1627//1203 1626//1203 1628//1203
f 1627//1203 1628//1203 1629//1203
f 1629//1204 1628//1204 1630//1204
f 1629//1204 1630//1204 1631//1204
f 1631//1205 1630//1205 1632//1205
f 1631//1205 1632//1205 1633//1205
f 1633//1206 1632//1206 1634//1206
f 1633//1206 1634//1206 1635//1206
f 1635//1207 1634//1207 1636//1207
f 1635//1207 1636//1207 1637//1207
f 1637//1208 1636//1208 1638//1208
f 1637//1208 1638//1208 1639//1208
f 1639//1209 1638//1209 1640//1209
f 1639//1209 1640//1209 1641//1209
f 1641//1217 1640//1217 1642//1217
f 1641//1218 1642//1218 1643//1218
f 1642//1219 1644//1219 1643//1219
f 1643//1211 1644//1211 1645//1211
f 1643//1211 1645//1211 1646//1211
f 1646//1212 1645//1212 1647//1212
f 1646//1212 1647//1212 1648//1212
f 1648//1213 1647//1213 1649//1213
f 1648//1213 1649//1213 1650//1213
f 1650//1214 1649//1214 1651//1214
f 1650//1214 1651//1214 1652//1214
f 1652//1215 1651//1215 1653//1215
f 1652//1215 1653//1215 1654//1215
f 1654//1216 1653//1216 1655//1216
f 1654//1216 1655//1216 1656//1216
f 1656//1183 1655//1183 1657//1183
f 1656//1183 1657//1183 1658//1183
f 1658//1184 1657//1184 1659//1184
f 1658//1184 1659//1184 1660//1184
f 1660//1185 1659//1185 1661//1185
f 1660//1185 1661//1185 1662//1185
f 1662//1186 1661//1186 1663//1186
f 1662//1186 1663//1186 1664//1186
f 1664//1187 1663//1187 1665//1187
f 1664//1187 1665//1187 1666//1187
f 1666//1188 1665//1188 1667//1188
f 1666//1188 1667//1188 1668//1188
f 1668//1189 1667//1189 1669//1189
f 1668//1189 1669//1189 1670//1189
f 1670//1190 1669//1190 1671//1190
f 1670//1190 1671//1190 1672//1190
f 1672//1191 1671//1191 1673//1191
f 1672//1191 1673//1191 1674//1191
f 1674//1192 1673//1192 1675//1192
f 1674//1192 1675//1192 1676//1192
f 1676//1193 1675//1193 1677//1193
f 1676//1193 1677//1193 1678//1193
f 1678//1194 1677//1194 1679//1194
f 1678//1194 1679//1194 1680//1194
f 1680//1195 1679//1195 1681//1195
f 1680//1195 1681//1195 1682//1195
f 1682//1196 1681//1196 1683//1196
f 1682//1196 1683//1196 1684//1196
f 1684//1197 1683//1197 1685//1197
f 1684//1197 1685//1197 1686//1197
f 1686//1198 1685//1198 1687//1198
f 1686//1198 1687//1198 1688//1198
f 1688//1199 1687//1199 1689//1199
f 1688//1199 1689//1199 1690//1199
f 1690//1220 1689//1220 1691//1220
f 1690//1221 1691//1221 1621//1221
f 1621//1222 1691//1222 1692//1222
f 1621//1200 1692//1200 1622//1200
f 1693//2 1694//2 1695//2
f 1632//2 1630//2 1696//2
f 1696//2 1630//2 1697//2
f 1624//2 1698//2 1699//2
f 1692//2 1691//2 1700//2
f 1701//2 1702//2 1703//2
f 1703//2 1702//2 1704//2
f 1704//2 1702//2 1705//2
f 1704//2 1705//2 1706//2
f 1706//2 1705//2 1707//2
f 1706//2 1707//2 1708//2
f 1700//2 1691//2 1709//2
f 1709//2 1691//2 1689//2
f 1709//2 1689//2 1710//2
f 1703//2 1711//2 1701//2
f 1701//2 1711//2 1712//2
f 1701//2 1712//2 1713//2
f 1710//2 1689//2 1714//2
f 1714//2 1689//2 1687//2
f 1714//2 1687//2 1685//2
f 1700//2 1715//2 1692//2
f 1692//2 1715//2 1716//2
f 1692//2 1716//2 1622//2
f 1622//2 1716//2 1708//2
f 1622//2 1708//2 1624//2
f 1624//2 1708//2 1707//2
f 1624//2 1707//2 1698//2
f 1717//2 1718//2 1719//2
f 1630//2 1720//2 1697//2
f 1697//2 1720//2 1721//2
f 1697//2 1721//2 1722//2
f 1722//2 1721//2 1723//2
f 1722//2 1723//2 1718//2
f 1718//2 1723//2 1724//2
f 1718//2 1724//2 1719//2
f 1719//2 1725//2 1717//2
f 1717//2 1725//2 1726//2
f 1717//2 1726//2 1699//2
f 1699//2 1726//2 1626//2
f 1699//2 1626//2 1624//2
f 1628//2 1727//2 1630//2
f 1630//2 1727//2 1728//2
f 1630//2 1728//2 1720//2
f 1726//2 1729//2 1626//2
f 1626//2 1729//2 1730//2
f 1626//2 1730//2 1628//2
f 1628//2 1730//2 1731//2
f 1628//2 1731//2 1727//2
f 1732//2 1733//2 1734//2
f 1638//2 1636//2 1735//2
f 1733//2 1736//2 1734//2
f 1734//2 1736//2 1737//2
f 1734//2 1737//2 1696//2
f 1737//2 1738//2 1696//2
f 1696//2 1738//2 1739//2
f 1696//2 1739//2 1632//2
f 1632//2 1739//2 1740//2
f 1632//2 1740//2 1634//2
f 1634//2 1740//2 1741//2
f 1634//2 1741//2 1636//2
f 1636//2 1741//2 1742//2
f 1636//2 1742//2 1735//2
f 1734//2 1743//2 1744//2
f 1745//2 1746//2 1693//2
f 1747//2 1748//2 1749//2
f 1750//2 1751//2 1645//2
f 1645//2 1751//2 1752//2
f 1645//2 1752//2 1647//2
f 1647//2 1752//2 1753//2
f 1647//2 1753//2 1754//2
f 1693//2 1746//2 1755//2
f 1755//2 1746//2 1756//2
f 1755//2 1756//2 1748//2
f 1748//2 1756//2 1757//2
f 1748//2 1757//2 1749//2
f 1749//2 1758//2 1747//2
f 1747//2 1758//2 1759//2
f 1747//2 1759//2 1744//2
f 1735//2 1760//2 1638//2
f 1638//2 1760//2 1761//2
f 1638//2 1761//2 1640//2
f 1640//2 1761//2 1732//2
f 1640//2 1732//2 1642//2
f 1642//2 1732//2 1734//2
f 1642//2 1734//2 1644//2
f 1644//2 1734//2 1744//2
f 1644//2 1744//2 1645//2
f 1645//2 1744//2 1759//2
f 1645//2 1759//2 1750//2
f 1651//2 1649//2 1695//2
f 1695//2 1649//2 1647//2
f 1695//2 1647//2 1693//2
f 1693//2 1647//2 1754//2
f 1693//2 1754//2 1745//2
f 1762//2 1763//2 1655//2
f 1655//2 1763//2 1657//2
f 1657//2 1763//2 1764//2
f 1657//2 1764//2 1659//2
f 1695//2 1765//2 1651//2
f 1651//2 1765//2 1766//2
f 1651//2 1766//2 1653//2
f 1653//2 1766//2 1767//2
f 1653//2 1767//2 1655//2
f 1655//2 1767//2 1768//2
f 1655//2 1768//2 1762//2
f 1769//2 1770//2 1771//2
f 1770//2 1772//2 1771//2
f 1771//2 1772//2 1773//2
f 1771//2 1773//2 1695//2
f 1695//2 1773//2 1774//2
f 1695//2 1774//2 1765//2
f 1771//2 1775//2 1776//2
f 1764//2 1769//2 1659//2
f 1659//2 1769//2 1771//2
f 1659//2 1771//2 1661//2
f 1661//2 1771//2 1776//2
f 1661//2 1776//2 1663//2
f 1777//2 1778//2 1779//2
f 1665//2 1663//2 1780//2
f 1780//2 1781//2 1665//2
f 1665//2 1781//2 1782//2
f 1665//2 1782//2 1783//2
f 1779//2 1784//2 1777//2
f 1777//2 1784//2 1785//2
f 1777//2 1785//2 1776//2
f 1776//2 1785//2 1786//2
f 1776//2 1786//2 1663//2
f 1663//2 1786//2 1787//2
f 1663//2 1787//2 1780//2
f 1788//2 1789//2 1790//2
f 1790//2 1789//2 1791//2
f 1790//2 1791//2 1778//2
f 1778//2 1791//2 1792//2
f 1778//2 1792//2 1779//2
f 1793//2 1794//2 1671//2
f 1671//2 1794//2 1673//2
f 1795//2 1796//2 1797//2
f 1795//2 1798//2 1796//2
f 1796//2 1798//2 1667//2
f 1796//2 1667//2 1799//2
f 1799//2 1667//2 1665//2
f 1799//2 1665//2 1788//2
f 1788//2 1665//2 1783//2
f 1788//2 1783//2 1789//2
f 1793//2 1671//2 1798//2
f 1798//2 1671//2 1669//2
f 1798//2 1669//2 1667//2
f 1794//2 1800//2 1673//2
f 1673//2 1800//2 1801//2
f 1673//2 1801//2 1675//2
f 1675//2 1801//2 1802//2
f 1675//2 1802//2 1677//2
f 1677//2 1802//2 1803//2
f 1677//2 1803//2 1804//2
f 1804//2 1803//2 1805//2
f 1804//2 1805//2 1806//2
f 1806//2 1805//2 1807//2
f 1806//2 1807//2 1808//2
f 1808//2 1807//2 1809//2
f 1808//2 1809//2 1797//2
f 1797//2 1809//2 1810//2
f 1797//2 1810//2 1795//2
f 1811//2 1812//2 1813//2
f 1679//2 1814//2 1815//2
f 1679//2 1815//2 1681//2
f 1813//2 1816//2 1811//2
f 1811//2 1816//2 1817//2
f 1811//2 1817//2 1818//2
f 1804//2 1819//2 1677//2
f 1677//2 1819//2 1818//2
f 1677//2 1818//2 1679//2
f 1679//2 1818//2 1817//2
f 1679//2 1817//2 1814//2
f 1820//2 1821//2 1822//2
f 1822//2 1821//2 1823//2
f 1822//2 1823//2 1812//2
f 1812//2 1823//2 1824//2
f 1812//2 1824//2 1813//2
f 1815//2 1825//2 1681//2
f 1681//2 1825//2 1826//2
f 1681//2 1826//2 1683//2
f 1683//2 1826//2 1827//2
f 1683//2 1827//2 1828//2
f 1712//2 1714//2 1713//2
f 1713//2 1714//2 1685//2
f 1713//2 1685//2 1829//2
f 1829//2 1685//2 1683//2
f 1829//2 1683//2 1820//2
f 1820//2 1683//2 1828//2
f 1820//2 1828//2 1821//2
f 1694//2 1830//2 1695//2
f 1695//2 1830//2 1831//2
f 1695//2 1831//2 1771//2
f 1771//2 1831//2 1832//2
f 1771//2 1832//2 1775//2
f 1697//2 1833//2 1696//2
f 1696//2 1833//2 1834//2
f 1696//2 1834//2 1734//2
f 1734//2 1834//2 1835//2
f 1734//2 1835//2 1743//2
f 1836//1223 1748//1223 1837//1223
f 1837//1224 1748//1224 1747//1224
f 1837//1224 1747//1224 1838//1224
f 1838//1225 1747//1225 1744//1225
f 1838//1226 1744//1226 1839//1226
f 1744//1227 1743//1227 1839//1227
f 1839//1228 1743//1228 1835//1228
f 1839//1228 1835//1228 1840//1228
f 1840//1229 1835//1229 1834//1229
f 1840//1229 1834//1229 1841//1229
f 1841//1230 1834//1230 1833//1230
f 1841//1230 1833//1230 1842//1230
f 1842//1231 1833//1231 1697//1231
f 1842//1231 1697//1231 1843//1231
f 1843//1232 1697//1232 1722//1232
f 1843//1232 1722//1232 1844//1232
f 1844//1233 1722//1233 1718//1233
f 1844//1233 1718//1233 1845//1233
f 1845//1234 1718//1234 1717//1234
f 1845//1234 1717//1234 1846//1234
f 1846//1235 1717//1235 1847//1235
f 1847//1236 1717//1236 1699//1236
f 1847//1237 1699//1237 1698//1237
f 1698//1238 1707//1238 1847//1238
f 1847//1239 1707//1239 1705//1239
f 1847//1239 1705//1239 1848//1239
f 1848//1240 1705//1240 1702//1240
f 1848//1240 1702//1240 1849//1240
f 1849//1241 1702//1241 1701//1241
f 1849//1241 1701//1241 1850//1241
f 1850//1242 1701//1242 1713//1242
f 1850//1242 1713//1242 1851//1242
f 1713//1243 1829//1243 1851//1243
f 1851//1244 1829//1244 1820//1244
f 1851//1245 1820//1245 1852//1245
f 1820//1246 1822//1246 1852//1246
f 1852//1247 1822//1247 1812//1247
f 1852//1247 1812//1247 1853//1247
f 1853//1248 1812//1248 1811//1248
f 1853//1248 1811//1248 1854//1248
f 1854//1249 1811//1249 1855//1249
f 1855//1250 1811//1250 1818//1250
f 1855//1251 1818//1251 1819//1251
f 1819//1252 1804//1252 1855//1252
f 1855//1253 1804//1253 1806//1253
f 1855//1253 1806//1253 1856//1253
f 1856//1254 1806//1254 1808//1254
f 1856//1254 1808//1254 1857//1254
f 1857//1255 1808//1255 1797//1255
f 1857//1255 1797//1255 1858//1255
f 1858//1256 1797//1256 1796//1256
f 1858//1256 1796//1256 1859//1256
f 1796//1257 1799//1257 1859//1257
f 1859//1258 1799//1258 1788//1258
f 1859//1259 1788//1259 1860//1259
f 1788//1260 1790//1260 1860//1260
f 1860//1261 1790//1261 1778//1261
f 1860//1261 1778//1261 1861//1261
f 1861//1262 1778//1262 1777//1262
f 1861//1262 1777//1262 1862//1262
f 1862//1263 1777//1263 1776//1263
f 1862//1264 1776//1264 1863//1264
f 1776//1265 1775//1265 1863//1265
f 1863//1266 1775//1266 1832//1266
f 1863//1266 1832//1266 1864//1266
f 1864//1267 1832//1267 1831//1267
f 1864//1267 1831//1267 1865//1267
f 1865//1268 1831//1268 1830//1268
f 1865//1268 1830//1268 1866//1268
f 1866//1269 1830//1269 1694//1269
f 1866//1269 1694//1269 1867//1269
f 1867//1270 1694//1270 1693//1270
f 1867//1271 1693//1271 1836//1271
f 1836//1272 1693//1272 1755//1272
f 1836//1223 1755//1223 1748//1223
f 1868//2 1869//2 1870//2
f 1870//2 1869//2 1871//2
f 1870//2 1871//2 1872//2
f 1873//2 1874//2 1875//2
f 1875//2 1874//2 1876//2
f 1875//2 1876//2 1868//2
f 1868//2 1876//2 1877//2
f 1868//2 1877//2 1869//2
f 1878//2 1879//2 1880//2
f 1880//2 1879//2 1881//2
f 1880//2 1881//2 1873//2
f 1873//2 1881//2 1882//2
f 1873//2 1882//2 1874//2
f 1883//2 1884//2 1885//2
f 1885//2 1884//2 1886//2
f 1885//2 1886//2 1878//2
f 1878//2 1886//2 1887//2
f 1878//2 1887//2 1879//2
f 1888//2 1889//2 1890//2
f 1890//2 1889//2 1891//2
f 1890//2 1891//2 1892//2
f 1893//2 1894//2 1883//2
f 1883//2 1894//2 1895//2
f 1883//2 1895//2 1884//2
f 1896//2 1897//2 1898//2
f 1898//2 1897//2 1899//2
f 1898//2 1899//2 1900//2
f 1891//2 1901//2 1892//2
f 1892//2 1901//2 1902//2
f 1892//2 1902//2 1903//2
f 1903//2 1902//2 1904//2
f 1903//2 1904//2 1896//2
f 1896//2 1904//2 1905//2
f 1896//2 1905//2 1897//2
f 1871//2 1906//2 1872//2
f 1872//2 1906//2 1907//2
f 1872//2 1907//2 1908//2
f 1908//2 1907//2 1909//2
f 1908//2 1909//2 1910//2
f 1910//2 1909//2 1911//2
f 1910//2 1911//2 1912//2
f 1912//2 1911//2 1913//2
f 1912//2 1913//2 1914//2
f 1914//2 1913//2 1915//2
f 1914//2 1915//2 1888//2
f 1888//2 1915//2 1916//2
f 1888//2 1916//2 1889//2
f 1899//2 1917//2 1900//2
f 1900//2 1917//2 1918//2
f 1900//2 1918//2 1919//2
f 1919//2 1918//2 1920//2
f 1919//2 1920//2 1893//2
f 1893//2 1920//2 1921//2
f 1893//2 1921//2 1894//2
f 1865//1273 1894//1273 1864//1273
f 1864//1274 1894//1274 1921//1274
f 1864//1274 1921//1274 1863//1274
f 1863//1275 1921//1275 1920//1275
f 1863//1275 1920//1275 1862//1275
f 1862//1276 1920//1276 1918//1276
f 1862//1276 1918//1276 1861//1276
f 1861//1277 1918//1277 1917//1277
f 1861//1277 1917//1277 1860//1277
f 1860//1278 1917//1278 1899//1278
f 1860//1278 1899//1278 1859//1278
f 1859//1279 1899//1279 1897//1279
f 1859//1279 1897//1279 1858//1279
f 1858//1280 1897//1280 1905//1280
f 1858//1280 1905//1280 1857//1280
f 1857//1281 1905//1281 1904//1281
f 1857//1281 1904//1281 1856//1281
f 1856//1282 1904//1282 1902//1282
f 1856//1282 1902//1282 1855//1282
f 1855//1283 1902//1283 1901//1283
f 1855//1283 1901//1283 1854//1283
f 1854//1284 1901//1284 1891//1284
f 1854//1284 1891//1284 1853//1284
f 1853//1285 1891//1285 1889//1285
f 1853//1285 1889//1285 1852//1285
f 1852//1286 1889//1286 1916//1286
f 1852//1286 1916//1286 1851//1286
f 1851//1287 1916//1287 1915//1287
f 1851//1287 1915//1287 1850//1287
f 1850//1288 1915//1288 1913//1288
f 1850//1288 1913//1288 1849//1288
f 1849//1289 1913//1289 1911//1289
f 1849//1289 1911//1289 1848//1289
f 1848//1290 1911//1290 1909//1290
f 1848//1290 1909//1290 1847//1290
f 1847//1291 1909//1291 1907//1291
f 1847//1291 1907//1291 1846//1291
f 1846//1292 1907//1292 1906//1292
f 1846//1292 1906//1292 1845//1292
f 1845//1293 1906//1293 1871//1293
f 1845//1293 1871//1293 1844//1293
f 1844//1294 1871//1294 1869//1294
f 1844//1294 1869//1294 1843//1294
f 1843//1295 1869//1295 1877//1295
f 1843//1295 1877//1295 1842//1295
f 1842//1296 1877//1296 1876//1296
f 1842//1296 1876//1296 1841//1296
f 1841//1297 1876//1297 1874//1297
f 1841//1297 1874//1297 1840//1297
f 1840//1298 1874//1298 1882//1298
f 1840//1298 1882//1298 1839//1298
f 1839//1299 1882//1299 1881//1299
f 1839//1299 1881//1299 1838//1299
f 1838//1300 1881//1300 1879//1300
f 1838//1300 1879//1300 1837//1300
f 1837//1301 1879//1301 1887//1301
f 1837//1301 1887//1301 1836//1301
f 1836//1302 1887//1302 1886//1302
f 1836//1302 1886//1302 1867//1302
f 1867//1303 1886//1303 1884//1303
f 1867//1303 1884//1303 1866//1303
f 1866//1304 1884//1304 1895//1304
f 1866//1304 1895//1304 1865//1304
f 1865//1273 1895//1273 1894//1273
f 1922//1305 1923//1305 1868//1305
f 1868//1306 1870//1306 1922//1306
f 1922//1204 1870//1204 1872//1204
f 1922//1204 1872//1204 1924//1204
f 1924//1307 1872//1307 1908//1307
f 1924//1307 1908//1307 1925//1307
f 1925//1308 1908//1308 1910//1308
f 1925//1308 1910//1308 1926//1308
f 1926//1309 1910//1309 1927//1309
f 1927//1309 1910//1309 1912//1309
f 1927//1310 1912//1310 1928//1310
f 1923//1311 1929//1311 1868//1311
f 1868//1312 1929//1312 1930//1312
f 1868//1312 1930//1312 1875//1312
f 1875//1209 1930//1209 1931//1209
f 1875//1209 1931//1209 1873//1209
f 1873//1313 1931//1313 1932//1313
f 1873//1313 1932//1313 1880//1313
f 1880//1314 1932//1314 1933//1314
f 1880//1314 1933//1314 1878//1314
f 1878//1214 1933//1214 1934//1214
f 1878//1214 1934//1214 1885//1214
f 1885//1315 1934//1315 1935//1315
f 1885//1315 1935//1315 1883//1315
f 1883//1316 1935//1316 1936//1316
f 1883//1316 1936//1316 1893//1316
f 1893//1185 1936//1185 1937//1185
f 1893//1185 1937//1185 1919//1185
f 1919//1317 1937//1317 1938//1317
f 1919//1317 1938//1317 1900//1317
f 1900//1318 1938//1318 1939//1318
f 1900//1318 1939//1318 1898//1318
f 1898//1190 1939//1190 1940//1190
f 1898//1190 1940//1190 1896//1190
f 1896//1319 1940//1319 1941//1319
f 1896//1319 1941//1319 1903//1319
f 1903//1320 1941//1320 1942//1320
f 1903//1320 1942//1320 1892//1320
f 1892//1195 1942//1195 1943//1195
f 1892//1195 1943//1195 1890//1195
f 1890//1321 1943//1321 1944//1321
f 1890//1321 1944//1321 1888//1321
f 1888//1322 1944//1322 1928//1322
f 1888//1322 1928//1322 1914//1322
f 1914//1310 1928//1310 1912//1310
f 1935//2 1945//2 1936//2
f 1946//2 1947//2 1932//2
f 1930//2 1948//2 1931//2
f 1923//2 1922//2 1949//2
f 1922//2 1924//2 1949//2
f 1949//2 1924//2 1950//2
f 1949//2 1950//2 1951//2
f 1952//2 1953//2 1954//2
f 1954//2 1953//2 1949//2
f 1954//2 1949//2 1955//2
f 1955//2 1949//2 1951//2
f 1925//2 1956//2 1924//2
f 1924//2 1956//2 1957//2
f 1924//2 1957//2 1950//2
f 1952//2 1958//2 1953//2
f 1953//2 1958//2 1959//2
f 1953//2 1959//2 1927//2
f 1927//2 1959//2 1960//2
f 1927//2 1960//2 1926//2
f 1926//2 1960//2 1961//2
f 1926//2 1961//2 1925//2
f 1925//2 1961//2 1962//2
f 1925//2 1962//2 1956//2
f 1963//2 1964//2 1965//2
f 1966//2 1967//2 1968//2
f 1932//2 1947//2 1933//2
f 1935//2 1934//2 1945//2
f 1945//2 1934//2 1969//2
f 1945//2 1969//2 1970//2
f 1947//2 1971//2 1933//2
f 1933//2 1971//2 1972//2
f 1933//2 1972//2 1934//2
f 1934//2 1972//2 1973//2
f 1934//2 1973//2 1969//2
f 1966//2 1968//2 1974//2
f 1975//2 1976//2 1968//2
f 1937//2 1936//2 1977//2
f 1976//2 1978//2 1968//2
f 1968//2 1978//2 1945//2
f 1968//2 1945//2 1974//2
f 1974//2 1945//2 1970//2
f 1978//2 1979//2 1945//2
f 1945//2 1979//2 1980//2
f 1945//2 1980//2 1936//2
f 1936//2 1980//2 1981//2
f 1936//2 1981//2 1977//2
f 1982//2 1938//2 1983//2
f 1983//2 1938//2 1937//2
f 1983//2 1937//2 1984//2
f 1984//2 1937//2 1977//2
f 1985//2 1986//2 1987//2
f 1987//2 1986//2 1975//2
f 1941//2 1988//2 1989//2
f 1990//2 1991//2 1992//2
f 1992//2 1991//2 1993//2
f 1992//2 1993//2 1994//2
f 1994//2 1993//2 1995//2
f 1990//2 1996//2 1991//2
f 1991//2 1996//2 1939//2
f 1991//2 1939//2 1987//2
f 1987//2 1939//2 1938//2
f 1987//2 1938//2 1985//2
f 1985//2 1938//2 1982//2
f 1940//2 1997//2 1941//2
f 1941//2 1997//2 1998//2
f 1941//2 1998//2 1988//2
f 1996//2 1999//2 1939//2
f 1939//2 1999//2 2000//2
f 1939//2 2000//2 1940//2
f 1940//2 2000//2 2001//2
f 1940//2 2001//2 1997//2
f 1943//2 1942//2 2002//2
f 2002//2 1942//2 1941//2
f 2002//2 1941//2 1993//2
f 1993//2 1941//2 1989//2
f 1993//2 1989//2 1995//2
f 2003//2 2004//2 1953//2
f 2005//2 2006//2 2002//2
f 2002//2 2006//2 2007//2
f 2002//2 2007//2 1943//2
f 2007//2 2008//2 1943//2
f 1943//2 2008//2 2009//2
f 1943//2 2009//2 1944//2
f 2009//2 2010//2 1944//2
f 1944//2 2010//2 2011//2
f 1944//2 2011//2 1928//2
f 1928//2 2011//2 2012//2
f 1928//2 2012//2 1927//2
f 1927//2 2012//2 2013//2
f 1927//2 2013//2 1953//2
f 1953//2 2013//2 2014//2
f 1953//2 2014//2 2003//2
f 2015//2 2016//2 1993//2
f 1993//2 2016//2 1953//2
f 1993//2 1953//2 2002//2
f 2002//2 1953//2 2004//2
f 2002//2 2004//2 2005//2
f 1975//2 1968//2 1987//2
f 1987//2 1968//2 2017//2
f 1987//2 2017//2 1991//2
f 1991//2 2017//2 2018//2
f 1991//2 2018//2 1993//2
f 1993//2 2018//2 2019//2
f 1993//2 2019//2 2015//2
f 2020//2 1968//2 1965//2
f 1965//2 1968//2 1967//2
f 1965//2 1967//2 1963//2
f 2021//2 2022//2 2020//2
f 2022//2 2023//2 2020//2
f 2020//2 2023//2 2024//2
f 2020//2 2024//2 1968//2
f 1968//2 2024//2 2025//2
f 1968//2 2025//2 2017//2
f 2016//2 2026//2 1953//2
f 1953//2 2026//2 2027//2
f 1953//2 2027//2 1949//2
f 1949//2 2027//2 2028//2
f 1949//2 2028//2 1923//2
f 1923//2 2028//2 2029//2
f 1923//2 2029//2 1929//2
f 2030//2 1948//2 2031//2
f 2031//2 1948//2 2032//2
f 2033//2 2034//2 2028//2
f 2035//2 2036//2 2020//2
f 2035//2 2020//2 2037//2
f 2027//2 2021//2 2028//2
f 2028//2 2021//2 2020//2
f 2028//2 2020//2 2033//2
f 2033//2 2020//2 2036//2
f 1930//2 1929//2 1948//2
f 1948//2 1929//2 2029//2
f 1948//2 2029//2 2032//2
f 2032//2 2029//2 2038//2
f 2030//2 2037//2 1948//2
f 1948//2 2037//2 2020//2
f 1948//2 2020//2 1931//2
f 1931//2 2020//2 1965//2
f 1931//2 1965//2 1932//2
f 1932//2 1965//2 1964//2
f 1932//2 1964//2 1946//2
f 2034//2 2039//2 2028//2
f 2028//2 2039//2 2040//2
f 2028//2 2040//2 2029//2
f 2029//2 2040//2 2041//2
f 2029//2 2041//2 2038//2
f 2042//1157 2011//1157 2043//1157
f 2043//1157 2011//1157 2010//1157
f 2043//1156 2010//1156 2044//1156
f 2044//1156 2010//1156 2009//1156
f 2044//1155 2009//1155 2045//1155
f 2045//1155 2009//1155 2008//1155
f 2045//1154 2008//1154 2046//1154
f 2046//1154 2008//1154 2007//1154
f 2046//363 2007//363 2047//363
f 2047//363 2007//363 2006//363
f 2047//364 2006//364 2048//364
f 2048//1153 2006//1153 2005//1153
f 2048//1162 2005//1162 2049//1162
f 2049//336 2005//336 2004//336
f 2049//337 2004//337 2050//337
f 2050//337 2004//337 2003//337
f 2050//1161 2003//1161 2051//1161
f 2051//1161 2003//1161 2014//1161
f 2051//1160 2014//1160 2052//1160
f 2052//1160 2014//1160 2013//1160
f 2052//1159 2013//1159 2053//1159
f 2053//1159 2013//1159 2012//1159
f 2053//1158 2012//1158 2042//1158
f 2042//1158 2012//1158 2011//1158
f 2052//2 2053//2 2054//2
f 2054//2 2053//2 2042//2
f 2054//2 2042//2 2043//2
f 2049//2 2050//2 2054//2
f 2054//2 2050//2 2051//2
f 2054//2 2051//2 2052//2
f 2046//2 2047//2 2054//2
f 2054//2 2047//2 2048//2
f 2054//2 2048//2 2049//2
f 2043//2 2044//2 2054//2
f 2054//2 2044//2 2045//2
f 2054//2 2045//2 2046//2
f 2055//1157 1962//1157 2056//1157
f 2056//1157 1962//1157 1961//1157
f 2056//1156 1961//1156 2057//1156
f 2057//1156 1961//1156 1960//1156
f 2057//1155 1960//1155 2058//1155
f 2058//1155 1960//1155 1959//1155
f 2058//1154 1959//1154 2059//1154
f 2059//1154 1959//1154 1958//1154
f 2059//363 1958//363 2060//363
f 2060//363 1958//363 1952//363
f 2060//364 1952//364 2061//364
f 2061//1153 1952//1153 1954//1153
f 2061//1162 1954//1162 2062//1162
f 2062//336 1954//336 1955//336
f 2062//337 1955//337 2063//337
f 2063//337 1955//337 1951//337
f 2063//1161 1951//1161 2064//1161
f 2064//1161 1951//1161 1950//1161
f 2064//1160 1950//1160 2065//1160
f 2065//1160 1950//1160 1957//1160
f 2065//1159 1957//1159 2066//1159
f 2066//1159 1957//1159 1956//1159
f 2066//1158 1956//1158 2055//1158
f 2055//1158 1956//1158 1962//1158
f 2065//2 2066//2 2067//2
f 2067//2 2066//2 2055//2
f 2067//2 2055//2 2056//2
f 2062//2 2063//2 2067//2
f 2067//2 2063//2 2064//2
f 2067//2 2064//2 2065//2
f 2059//2 2060//2 2067//2
f 2067//2 2060//2 2061//2
f 2067//2 2061//2 2062//2
f 2056//2 2057//2 2067//2
f 2067//2 2057//2 2058//2
f 2067//2 2058//2 2059//2
f 2068//1157 2040//1157 2069//1157
f 2069//1157 2040//1157 2039//1157
f 2069//1156 2039//1156 2070//1156
f 2070//1156 2039//1156 2034//1156
f 2070//1155 2034//1155 2071//1155
f 2071//1155 2034//1155 2033//1155
f 2071//1154 2033//1154 2072//1154
f 2072//1154 2033//1154 2036//1154
f 2072//363 2036//363 2073//363
f 2073//363 2036//363 2035//363
f 2073//1153 2035//1153 2074//1153
f 2074//1153 2035//1153 2037//1153
f 2074//1162 2037//1162 2075//1162
f 2075//1162 2037//1162 2030//1162
f 2075//337 2030//337 2076//337
f 2076//337 2030//337 2031//337
f 2076//1161 2031//1161 2077//1161
f 2077//1161 2031//1161 2032//1161
f 2077//1160 2032//1160 2078//1160
f 2078//1160 2032//1160 2038//1160
f 2078//1159 2038//1159 2079//1159
f 2079//1159 2038//1159 2041//1159
f 2079//1158 2041//1158 2068//1158
f 2068//1158 2041//1158 2040//1158
f 2078//2 2079//2 2080//2
f 2080//2 2079//2 2068//2
f 2080//2 2068//2 2069//2
f 2075//2 2076//2 2080//2
f 2080//2 2076//2 2077//2
f 2080//2 2077//2 2078//2
f 2072//2 2073//2 2080//2
f 2080//2 2073//2 2074//2
f 2080//2 2074//2 2075//2
f 2069//2 2070//2 2080//2
f 2080//2 2070//2 2071//2
f 2080//2 2071//2 2072//2
f 2081//1157 1963//1157 2082//1157
f 2082//1163 1963//1163 1967//1163
f 2082//1156 1967//1156 2083//1156
f 2083//1156 1967//1156 1966//1156
f 2083//1155 1966//1155 2084//1155
f 2084//1155 1966//1155 1974//1155
f 2084//1154 1974//1154 2085//1154
f 2085//1154 1974//1154 1970//1154
f 2085//363 1970//363 2086//363
f 2086//363 1970//363 1969//363
f 2086//1153 1969//1153 2087//1153
f 2087//1153 1969//1153 1973//1153
f 2087//1162 1973//1162 2088//1162
f 2088//1162 1973//1162 1972//1162
f 2088//337 1972//337 2089//337
f 2089//337 1972//337 1971//337
f 2089//1161 1971//1161 2090//1161
f 2090//1161 1971//1161 1947//1161
f 2090//1160 1947//1160 2091//1160
f 2091//1160 1947//1160 1946//1160
f 2091//1159 1946//1159 2092//1159
f 2092//1159 1946//1159 1964//1159
f 2092//1164 1964//1164 2081//1164
f 2081//1158 1964//1158 1963//1158
f 2091//2 2092//2 2093//2
f 2093//2 2092//2 2081//2
f 2093//2 2081//2 2082//2
f 2088//2 2089//2 2093//2
f 2093//2 2089//2 2090//2
f 2093//2 2090//2 2091//2
f 2085//2 2086//2 2093//2
f 2093//2 2086//2 2087//2
f 2093//2 2087//2 2088//2
f 2082//2 2083//2 2093//2
f 2093//2 2083//2 2084//2
f 2093//2 2084//2 2085//2
f 2094//1157 1975//1157 2095//1157
f 2095//1163 1975//1163 1986//1163
f 2095//1156 1986//1156 2096//1156
f 2096//1156 1986//1156 1985//1156
f 2096//1155 1985//1155 2097//1155
f 2097//1155 1985//1155 1982//1155
f 2097//1154 1982//1154 2098//1154
f 2098//1154 1982//1154 1983//1154
f 2098//363 1983//363 2099//363
f 2099//363 1983//363 1984//363
f 2099//1153 1984//1153 2100//1153
f 2100//1153 1984//1153 1977//1153
f 2100//1162 1977//1162 2101//1162
f 2101//1162 1977//1162 1981//1162
f 2101//337 1981//337 2102//337
f 2102//337 1981//337 1980//337
f 2102//1161 1980//1161 2103//1161
f 2103//1161 1980//1161 1979//1161
f 2103//1160 1979//1160 2104//1160
f 2104//1160 1979//1160 1978//1160
f 2104//1159 1978//1159 2105//1159
f 2105//1159 1978//1159 1976//1159
f 2105//1164 1976//1164 2094//1164
f 2094//1158 1976//1158 1975//1158
f 2104//2 2105//2 2106//2
f 2106//2 2105//2 2094//2
f 2106//2 2094//2 2095//2
f 2101//2 2102//2 2106//2
f 2106//2 2102//2 2103//2
f 2106//2 2103//2 2104//2
f 2098//2 2099//2 2106//2
f 2106//2 2099//2 2100//2
f 2106//2 2100//2 2101//2
f 2095//2 2096//2 2106//2
f 2106//2 2096//2 2097//2
f 2106//2 2097//2 2098//2
f 2107//1157 1989//1157 2108//1157
f 2108//1157 1989//1157 1988//1157
f 2108//1156 1988//1156 2109//1156
f 2109//1156 1988//1156 1998//1156
f 2109//1155 1998//1155 2110//1155
f 2110//1155 1998//1155 1997//1155
f 2110//1154 1997//1154 2111//1154
f 2111//1154 1997//1154 2001//1154
f 2111//363 2001//363 2112//363
f 2112//363 2001//363 2000//363
f 2112//1153 2000//1153 2113//1153
f 2113//1153 2000//1153 1999//1153
f 2113//1162 1999//1162 2114//1162
f 2114//1162 1999//1162 1996//1162
f 2114//337 1996//337 2115//337
f 2115//337 1996//337 1990//337
f 2115//1161 1990//1161 2116//1161
f 2116//1161 1990//1161 1992//1161
f 2116//1160 1992//1160 2117//1160
f 2117//1160 1992//1160 1994//1160
f 2117//1159 1994//1159 2118//1159
f 2118//1159 1994//1159 1995//1159
f 2118//1158 1995//1158 2107//1158
f 2107//1158 1995//1158 1989//1158
f 2117//2 2118//2 2119//2
f 2119//2 2118//2 2107//2
f 2119//2 2107//2 2108//2
f 2114//2 2115//2 2119//2
f 2119//2 2115//2 2116//2
f 2119//2 2116//2 2117//2
f 2111//2 2112//2 2119//2
f 2119//2 2112//2 2113//2
f 2119//2 2113//2 2114//2
f 2108//2 2109//2 2119//2
f 2119//2 2109//2 2110//2
f 2119//2 2110//2 2111//2
f 2120//1157 1791//1157 2121//1157
f 2121//1157 1791//1157 1789//1157
f 2121//1323 1789//1323 2122//1323
f 2122//1323 1789//1323 1783//1323
f 2122//1165 1783//1165 2123//1165
f 2123//1165 1783//1165 1782//1165
f 2123//1154 1782//1154 2124//1154
f 2124//1154 1782//1154 1781//1154
f 2124//363 1781//363 2125//363
f 2125//363 1781//363 1780//363
f 2125//364 1780//364 2126//364
f 2126//1153 1780//1153 1787//1153
f 2126//1162 1787//1162 2127//1162
f 2127//336 1787//336 1786//336
f 2127//1324 1786//1324 2128//1324
f 2128//1324 1786//1324 1785//1324
f 2128//1161 1785//1161 2129//1161
f 2129//1161 1785//1161 1784//1161
f 2129//1160 1784//1160 2130//1160
f 2130//1160 1784//1160 1779//1160
f 2130//1159 1779//1159 2131//1159
f 2131//1159 1779//1159 1792//1159
f 2131//1158 1792//1158 2120//1158
f 2120//1158 1792//1158 1791//1158
f 2130//2 2131//2 2132//2
f 2132//2 2131//2 2120//2
f 2132//2 2120//2 2121//2
f 2127//2 2128//2 2132//2
f 2132//2 2128//2 2129//2
f 2132//2 2129//2 2130//2
f 2124//2 2125//2 2132//2
f 2132//2 2125//2 2126//2
f 2132//2 2126//2 2127//2
f 2121//2 2122//2 2132//2
f 2132//2 2122//2 2123//2
f 2132//2 2123//2 2124//2
f 2133//1157 1773//1157 2134//1157
f 2134//1157 1773//1157 1772//1157
f 2134//1156 1772//1156 2135//1156
f 2135//1156 1772//1156 1770//1156
f 2135//1155 1770//1155 2136//1155
f 2136//1155 1770//1155 1769//1155
f 2136//1154 1769//1154 2137//1154
f 2137//1154 1769//1154 1764//1154
f 2137//363 1764//363 2138//363
f 2138//363 1764//363 1763//363
f 2138//364 1763//364 2139//364
f 2139//364 1763//364 1762//364
f 2139//336 1762//336 2140//336
f 2140//336 1762//336 1768//336
f 2140//337 1768//337 2141//337
f 2141//337 1768//337 1767//337
f 2141//1161 1767//1161 2142//1161
f 2142//1161 1767//1161 1766//1161
f 2142//1160 1766//1160 2143//1160
f 2143//1160 1766//1160 1765//1160
f 2143//1159 1765//1159 2144//1159
f 2144//1159 1765//1159 1774//1159
f 2144//1158 1774//1158 2133//1158
f 2133//1158 1774//1158 1773//1158
f 2143//2 2144//2 2145//2
f 2145//2 2144//2 2133//2
f 2145//2 2133//2 2134//2
f 2140//2 2141//2 2145//2
f 2145//2 2141//2 2142//2
f 2145//2 2142//2 2143//2
f 2137//2 2138//2 2145//2
f 2145//2 2138//2 2139//2
f 2145//2 2139//2 2140//2
f 2134//2 2135//2 2145//2
f 2145//2 2135//2 2136//2
f 2145//2 2136//2 2137//2
f 2146//1157 1758//1157 2147//1157
f 2147//1157 1758//1157 1749//1157
f 2147//1156 1749//1156 2148//1156
f 2148//1156 1749//1156 1757//1156
f 2148//1155 1757//1155 2149//1155
f 2149//1155 1757//1155 1756//1155
f 2149//1154 1756//1154 2150//1154
f 2150//1154 1756//1154 1746//1154
f 2150//1325 1746//1325 2151//1325
f 2151//1325 1746//1325 1745//1325
f 2151//364 1745//364 2152//364
f 2152//1153 1745//1153 1754//1153
f 2152//1162 1754//1162 2153//1162
f 2153//336 1754//336 1753//336
f 2153//337 1753//337 2154//337
f 2154//337 1753//337 1752//337
f 2154//1161 1752//1161 2155//1161
f 2155//1161 1752//1161 1751//1161
f 2155//1166 1751//1166 2156//1166
f 2156//1166 1751//1166 1750//1166
f 2156//1326 1750//1326 2157//1326
f 2157//1326 1750//1326 1759//1326
f 2157//1158 1759//1158 2146//1158
f 2146//1158 1759//1158 1758//1158
f 2156//2 2157//2 2158//2
f 2158//2 2157//2 2146//2
f 2158//2 2146//2 2147//2
f 2153//2 2154//2 2158//2
f 2158//2 2154//2 2155//2
f 2158//2 2155//2 2156//2
f 2150//2 2151//2 2158//2
f 2158//2 2151//2 2152//2
f 2158//2 2152//2 2153//2
f 2147//2 2148//2 2158//2
f 2158//2 2148//2 2149//2
f 2158//2 2149//2 2150//2
f 2159//1157 1740//1157 2160//1157
f 2160//1157 1740//1157 1739//1157
f 2160//1156 1739//1156 2161//1156
f 2161//1156 1739//1156 1738//1156
f 2161//1155 1738//1155 2162//1155
f 2162//1155 1738//1155 1737//1155
f 2162//1154 1737//1154 2163//1154
f 2163//1154 1737//1154 1736//1154
f 2163//363 1736//363 2164//363
f 2164//363 1736//363 1733//363
f 2164//1153 1733//1153 2165//1153
f 2165//1153 1733//1153 1732//1153
f 2165//1162 1732//1162 2166//1162
f 2166//1162 1732//1162 1761//1162
f 2166//337 1761//337 2167//337
f 2167//337 1761//337 1760//337
f 2167//338 1760//338 2168//338
f 2168//338 1760//338 1735//338
f 2168//1166 1735//1166 2169//1166
f 2169//1166 1735//1166 1742//1166
f 2169//1159 1742//1159 2170//1159
f 2170//1159 1742//1159 1741//1159
f 2170//1158 1741//1158 2159//1158
f 2159//1158 1741//1158 1740//1158
f 2169//2 2170//2 2171//2
f 2171//2 2170//2 2159//2
f 2171//2 2159//2 2160//2
f 2166//2 2167//2 2171//2
f 2171//2 2167//2 2168//2
f 2171//2 2168//2 2169//2
f 2163//2 2164//2 2171//2
f 2171//2 2164//2 2165//2
f 2171//2 2165//2 2166//2
f 2160//2 2161//2 2171//2
f 2171//2 2161//2 2162//2
f 2171//2 2162//2 2163//2
f 2172//1157 1730//1157 2173//1157
f 2173//1163 1730//1163 1729//1163
f 2173//1327 1729//1327 2174//1327
f 2174//1327 1729//1327 1726//1327
f 2174//1155 1726//1155 2175//1155
f 2175//1155 1726//1155 1725//1155
f 2175//1154 1725//1154 2176//1154
f 2176//1154 1725//1154 1719//1154
f 2176//363 1719//363 2177//363
f 2177//363 1719//363 1724//363
f 2177//1153 1724//1153 2178//1153
f 2178//1153 1724//1153 1723//1153
f 2178//1162 1723//1162 2179//1162
f 2179//1162 1723//1162 1721//1162
f 2179//1328 1721//1328 2180//1328
f 2180//1328 1721//1328 1720//1328
f 2180//338 1720//338 2181//338
f 2181//338 1720//338 1728//338
f 2181//1160 1728//1160 2182//1160
f 2182//1160 1728//1160 1727//1160
f 2182//1159 1727//1159 2183//1159
f 2183//1159 1727//1159 1731//1159
f 2183//1164 1731//1164 2172//1164
f 2172//1158 1731//1158 1730//1158
f 2182//2 2183//2 2184//2
f 2184//2 2183//2 2172//2
f 2184//2 2172//2 2173//2
f 2179//2 2180//2 2184//2
f 2184//2 2180//2 2181//2
f 2184//2 2181//2 2182//2
f 2176//2 2177//2 2184//2
f 2184//2 2177//2 2178//2
f 2184//2 2178//2 2179//2
f 2173//2 2174//2 2184//2
f 2184//2 2174//2 2175//2
f 2184//2 2175//2 2176//2
f 2185//1163 1700//1163 2186//1163
f 2186//1163 1700//1163 1709//1163
f 2186//1156 1709//1156 2187//1156
f 2187//1156 1709//1156 1710//1156
f 2187//1155 1710//1155 2188//1155
f 2188//1155 1710//1155 1714//1155
f 2188//1154 1714//1154 2189//1154
f 2189//1154 1714//1154 1712//1154
f 2189//363 1712//363 2190//363
f 2190//363 1712//363 1711//363
f 2190//1153 1711//1153 2191//1153
f 2191//1153 1711//1153 1703//1153
f 2191//1162 1703//1162 2192//1162
f 2192//1162 1703//1162 1704//1162
f 2192//337 1704//337 2193//337
f 2193//337 1704//337 1706//337
f 2193//1161 1706//1161 2194//1161
f 2194//1161 1706//1161 1708//1161
f 2194//1160 1708//1160 2195//1160
f 2195//1160 1708//1160 1716//1160
f 2195//1159 1716//1159 2196//1159
f 2196//1159 1716//1159 1715//1159
f 2196//1164 1715//1164 2185//1164
f 2185//1164 1715//1164 1700//1164
f 2195//2 2196//2 2197//2
f 2197//2 2196//2 2185//2
f 2197//2 2185//2 2186//2
f 2192//2 2193//2 2197//2
f 2197//2 2193//2 2194//2
f 2197//2 2194//2 2195//2
f 2189//2 2190//2 2197//2
f 2197//2 2190//2 2191//2
f 2197//2 2191//2 2192//2
f 2186//2 2187//2 2197//2
f 2197//2 2187//2 2188//2
f 2197//2 2188//2 2189//2
f 2198//1157 1827//1157 2199//1157
f 2199//1163 1827//1163 1826//1163
f 2199//1156 1826//1156 2200//1156
f 2200//1156 1826//1156 1825//1156
f 2200//1155 1825//1155 2201//1155
f 2201//1155 1825//1155 1815//1155
f 2201//362 1815//362 2202//362
f 2202//362 1815//362 1814//362
f 2202//1329 1814//1329 2203//1329
f 2203//1329 1814//1329 1817//1329
f 2203//1153 1817//1153 2204//1153
f 2204//1153 1817//1153 1816//1153
f 2204//1162 1816//1162 2205//1162
f 2205//1162 1816//1162 1813//1162
f 2205//337 1813//337 2206//337
f 2206//337 1813//337 1824//337
f 2206//1161 1824//1161 2207//1161
f 2207//1161 1824//1161 1823//1161
f 2207//1160 1823//1160 2208//1160
f 2208//1160 1823//1160 1821//1160
f 2208//1330 1821//1330 2209//1330
f 2209//1330 1821//1330 1828//1330
f 2209//1164 1828//1164 2198//1164
f 2198//1158 1828//1158 1827//1158
f 2208//2 2209//2 2210//2
f 2210//2 2209//2 2198//2
f 2210//2 2198//2 2199//2
f 2205//2 2206//2 2210//2
f 2210//2 2206//2 2207//2
f 2210//2 2207//2 2208//2
f 2202//2 2203//2 2210//2
f 2210//2 2203//2 2204//2
f 2210//2 2204//2 2205//2
f 2199//2 2200//2 2210//2
f 2210//2 2200//2 2201//2
f 2210//2 2201//2 2202//2
f 2211//1157 1803//1157 2212//1157
f 2212//1157 1803//1157 1802//1157
f 2212//1156 1802//1156 2213//1156
f 2213//1156 1802//1156 1801//1156
f 2213//1165 1801//1165 2214//1165
f 2214//1165 1801//1165 1800//1165
f 2214//362 1800//362 2215//362
f 2215//362 1800//362 1794//362
f 2215//363 1794//363 2216//363
f 2216//363 1794//363 1793//363
f 2216//1153 1793//1153 2217//1153
f 2217//1153 1793//1153 1798//1153
f 2217//1162 1798//1162 2218//1162
f 2218//1162 1798//1162 1795//1162
f 2218//337 1795//337 2219//337
f 2219//337 1795//337 1810//337
f 2219//1161 1810//1161 2220//1161
f 2220//1161 1810//1161 1809//1161
f 2220//1160 1809//1160 2221//1160
f 2221//1160 1809//1160 1807//1160
f 2221//1159 1807//1159 2222//1159
f 2222//1159 1807//1159 1805//1159
f 2222//1158 1805//1158 2211//1158
f 2211//1158 1805//1158 1803//1158
f 2221//2 2222//2 2223//2
f 2223//2 2222//2 2211//2
f 2223//2 2211//2 2212//2
f 2218//2 2219//2 2223//2
f 2223//2 2219//2 2220//2
f 2223//2 2220//2 2221//2
f 2215//2 2216//2 2223//2
f 2223//2 2216//2 2217//2
f 2223//2 2217//2 2218//2
f 2212//2 2213//2 2223//2
f 2223//2 2213//2 2214//2
f 2223//2 2214//2 2215//2
f 1588//2 1586//2 2224//2
f 2224//2 1586//2 1584//2
f 2224//2 1584//2 2225//2
f 2225//2 1584//2 1582//2
f 2225//2 1582//2 2226//2
f 2226//2 1582//2 1580//2
f 2226//2 1580//2 2227//2
f 2227//2 1580//2 1578//2
f 2227//2 1578//2 2228//2
f 2228//2 1578//2 1576//2
f 2228//2 1576//2 2229//2
f 2229//2 1576//2 1574//2
f 2229//2 1574//2 2230//2
f 2230//2 1574//2 1572//2
f 2230//2 1572//2 2231//2
f 2231//2 1572//2 1570//2
f 2231//2 1570//2 2232//2
f 2232//2 1570//2 1568//2
f 2232//2 1568//2 2233//2
f 2233//2 1568//2 1566//2
f 2233//2 1566//2 2234//2
f 2234//2 1566//2 1564//2
f 2234//2 1564//2 2235//2
f 2235//2 1564//2 1562//2
f 2235//2 1562//2 2236//2
f 2236//2 1562//2 1560//2
f 2236//2 1560//2 2237//2
f 2237//2 1560//2 1558//2
f 2237//2 1558//2 2238//2
f 2238//2 1558//2 1556//2
f 2238//2 1556//2 2239//2
f 2239//2 1556//2 1554//2
f 2239//2 1554//2 2240//2
f 2240//2 1554//2 1552//2
f 2240//2 1552//2 2241//2
f 2241//2 1552//2 1620//2
f 2241//2 1620//2 2242//2
f 2242//2 1620//2 1618//2
f 2242//2 1618//2 2243//2
f 2243//2 1618//2 1616//2
f 2243//2 1616//2 2244//2
f 2244//2 1616//2 1614//2
f 2244//2 1614//2 2245//2
f 2245//2 1614//2 1612//2
f 2245//2 1612//2 2246//2
f 2246//2 1612//2 1610//2
f 2246//2 1610//2 2247//2
f 2247//2 1610//2 1608//2
f 2247//2 1608//2 2248//2
f 2248//2 1608//2 1606//2
f 2248//2 1606//2 2249//2
f 2249//2 1606//2 1604//2
f 2249//2 1604//2 2250//2
f 2250//2 1604//2 1602//2
f 2250//2 1602//2 2251//2
f 2251//2 1602//2 1600//2
f 2251//2 1600//2 2252//2
f 2252//2 1600//2 1598//2
f 2252//2 1598//2 2253//2
f 2253//2 1598//2 1596//2
f 2253//2 1596//2 2254//2
f 2254//2 1596//2 1594//2
f 2254//2 1594//2 2255//2
f 2255//2 1594//2 1592//2
f 2255//2 1592//2 2256//2
f 2256//2 1592//2 1590//2
f 2256//2 1590//2 2257//2
f 2257//2 1590//2 1588//2
f 2257//2 1588//2 2224//2
f 2241//1331 2258//1331 2240//1331
f 2240//1332 2258//1332 2259//1332
f 2240//1332 2259//1332 2239//1332
f 2239//1333 2259//1333 2260//1333
f 2239//1333 2260//1333 2238//1333
f 2238//1334 2260//1334 2261//1334
f 2238//1334 2261//1334 2237//1334
f 2237//1335 2261//1335 2262//1335
f 2237//1335 2262//1335 2236//1335
f 2236//1336 2262//1336 2263//1336
f 2236//1336 2263//1336 2235//1336
f 2235//1337 2263//1337 2264//1337
f 2235//1337 2264//1337 2234//1337
f 2234//1338 2264//1338 2265//1338
f 2234//1338 2265//1338 2233//1338
f 2233//204 2265//204 2266//204
f 2233//204 2266//204 2232//204
f 2232//1339 2266//1339 2267//1339
f 2232//1339 2267//1339 2231//1339
f 2231//1340 2267//1340 2268//1340
f 2231//1340 2268//1340 2230//1340
f 2230//1341 2268//1341 2269//1341
f 2230//1341 2269//1341 2229//1341
f 2229//1342 2269//1342 2270//1342
f 2229//1342 2270//1342 2228//1342
f 2228//1343 2270//1343 2271//1343
f 2228//1343 2271//1343 2227//1343
f 2227//1344 2271//1344 2272//1344
f 2227//1344 2272//1344 2226//1344
f 2226//1345 2272//1345 2273//1345
f 2226//1345 2273//1345 2225//1345
f 2225//1346 2273//1346 2274//1346
f 2225//1346 2274//1346 2224//1346
f 2224//1347 2274//1347 2275//1347
f 2224//1347 2275//1347 2257//1347
f 2257//1348 2275//1348 2276//1348
f 2257//1348 2276//1348 2256//1348
f 2256//1349 2276//1349 2277//1349
f 2256//1349 2277//1349 2255//1349
f 2255//1350 2277//1350 2278//1350
f 2255//1350 2278//1350 2254//1350
f 2254//1351 2278//1351 2279//1351
f 2254//1351 2279//1351 2253//1351
f 2253//1352 2279//1352 2280//1352
f 2253//1352 2280//1352 2252//1352
f 2252//1353 2280//1353 2281//1353
f 2252//1353 2281//1353 2251//1353
f 2251//1354 2281//1354 2282//1354
f 2251//1354 2282//1354 2250//1354
f 2250//209 2282//209 2283//209
f 2250//209 2283//209 2249//209
f 2249//1355 2283//1355 2284//1355
f 2249//1355 2284//1355 2248//1355
f 2248//1356 2284//1356 2285//1356
f 2248//1356 2285//1356 2247//1356
f 2247//1357 2285//1357 2286//1357
f 2247//1357 2286//1357 2246//1357
f 2246//1358 2286//1358 2287//1358
f 2246//1358 2287//1358 2245//1358
f 2245//1359 2287//1359 2288//1359
f 2245//1359 2288//1359 2244//1359
f 2244//1360 2288//1360 2289//1360
f 2244//1360 2289//1360 2243//1360
f 2243//1361 2289//1361 2290//1361
f 2243//1361 2290//1361 2242//1361
f 2242//1362 2290//1362 2291//1362
f 2242//1362 2291//1362 2241//1362
f 2241//1331 2291//1331 2258//1331
f 2274//114 1621//114 2275//114
f 2275//114 1621//114 1623//114
f 2275//114 1623//114 2276//114
f 2276//114 1623//114 1625//114
f 2276//114 1625//114 2277//114
f 2277//114 1625//114 1627//114
f 2277//114 1627//114 2278//114
f 2278//114 1627//114 1629//114
f 2278//114 1629//114 2279//114
f 2279//114 1629//114 1631//114
f 2279//114 1631//114 2280//114
f 2280//114 1631//114 1633//114
f 2280//114 1633//114 2281//114
f 2281//114 1633//114 1635//114
f 2281//114 1635//114 2282//114
f 2282//114 1635//114 1637//114
f 2282//114 1637//114 2283//114
f 2283//114 1637//114 1639//114
f 2283//114 1639//114 2284//114
f 2284//114 1639//114 1641//114
f 2284//114 1641//114 2285//114
f 2285//114 1641//114 1643//114
f 2285//114 1643//114 2286//114
f 2286//114 1643//114 1646//114
f 2286//114 1646//114 2287//114
f 2287//114 1646//114 1648//114
f 2287//114 1648//114 2288//114
f 2288//114 1648//114 1650//114
f 2288//114 1650//114 2289//114
f 2289//114 1650//114 1652//114
f 2289//114 1652//114 2290//114
f 2290//114 1652//114 1654//114
f 2290//114 1654//114 2291//114
f 2291//114 1654//114 1656//114
f 2291//114 1656//114 2258//114
f 2258//114 1656//114 1658//114
f 2258//114 1658//114 2259//114
f 2259//114 1658//114 1660//114
f 2259//114 1660//114 2260//114
f 2260//114 1660//114 1662//114
f 2260//114 1662//114 2261//114
f 2261//114 1662//114 1664//114
f 2261//114 1664//114 2262//114
f 2262//114 1664//114 1666//114
f 2262//114 1666//114 2263//114
f 2263//114 1666//114 1668//114
f 2263//114 1668//114 2264//114
f 2264//114 1668//114 1670//114
f 2264//114 1670//114 2265//114
f 2265//114 1670//114 1672//114
f 2265//114 1672//114 2266//114
f 2266//114 1672//114 1674//114
f 2266//114 1674//114 2267//114
f 2267//114 1674//114 1676//114
f 2267//114 1676//114 2268//114
f 2268//114 1676//114 1678//114
f 2268//114 1678//114 2269//114
f 2269//114 1678//114 1680//114
f 2269//114 1680//114 2270//114
f 2270//114 1680//114 1682//114
f 2270//114 1682//114 2271//114
f 2271//114 1682//114 1684//114
f 2271//114 1684//114 2272//114
f 2272//114 1684//114 1686//114
f 2272//114 1686//114 2273//114
f 2273//114 1686//114 1688//114
f 2273//114 1688//114 2274//114
f 2274//114 1688//114 1690//114
f 2274//114 1690//114 1621//114
f 1518//2 1516//2 2292//2
f 2292//2 1516//2 1514//2
f 2292//2 1514//2 2293//2
f 2293//2 1514//2 1512//2
f 2293//2 1512//2 2294//2
f 2294//2 1512//2 1510//2
f 2294//2 1510//2 2295//2
f 2295//2 1510//2 1508//2
f 2295//2 1508//2 2296//2
f 2296//2 1508//2 1506//2
f 2296//2 1506//2 2297//2
f 2297//2 1506//2 1504//2
f 2297//2 1504//2 2298//2
f 2298//2 1504//2 1502//2
f 2298//2 1502//2 2299//2
f 2299//2 1502//2 1500//2
f 2299//2 1500//2 2300//2
f 2300//2 1500//2 1498//2
f 2300//2 1498//2 2301//2
f 2301//2 1498//2 1496//2
f 2301//2 1496//2 2302//2
f 2302//2 1496//2 1494//2
f 2302//2 1494//2 2303//2
f 2303//2 1494//2 1492//2
f 2303//2 1492//2 2304//2
f 2304//2 1492//2 1490//2
f 2304//2 1490//2 2305//2
f 2305//2 1490//2 1488//2
f 2305//2 1488//2 2306//2
f 2306//2 1488//2 1486//2
f 2306//2 1486//2 2307//2
f 2307//2 1486//2 1484//2
f 2307//2 1484//2 2308//2
f 2308//2 1484//2 1482//2
f 2308//2 1482//2 2309//2
f 2309//2 1482//2 1550//2
f 2309//2 1550//2 2310//2
f 2310//2 1550//2 1548//2
f 2310//2 1548//2 2311//2
f 2311//2 1548//2 1546//2
f 2311//2 1546//2 2312//2
f 2312//2 1546//2 1544//2
f 2312//2 1544//2 2313//2
f 2313//2 1544//2 1542//2
f 2313//2 1542//2 2314//2
f 2314//2 1542//2 1540//2
f 2314//2 1540//2 2315//2
f 2315//2 1540//2 1538//2
f 2315//2 1538//2 2316//2
f 2316//2 1538//2 1536//2
f 2316//2 1536//2 2317//2
f 2317//2 1536//2 1534//2
f 2317//2 1534//2 2318//2
f 2318//2 1534//2 1532//2
f 2318//2 1532//2 2319//2
f 2319//2 1532//2 1530//2
f 2319//2 1530//2 2320//2
f 2320//2 1530//2 1528//2
f 2320//2 1528//2 2321//2
f 2321//2 1528//2 1526//2
f 2321//2 1526//2 2322//2
f 2322//2 1526//2 1524//2
f 2322//2 1524//2 2323//2
f 2323//2 1524//2 1522//2
f 2323//2 1522//2 2324//2
f 2324//2 1522//2 1520//2
f 2324//2 1520//2 2325//2
f 2325//2 1520//2 1518//2
f 2325//2 1518//2 2292//2
f 2309//1331 2326//1331 2308//1331
f 2308//1332 2326//1332 2327//1332
f 2308//1332 2327//1332 2307//1332
f 2307//1333 2327//1333 2328//1333
f 2307//1333 2328//1333 2306//1333
f 2306//1334 2328//1334 2329//1334
f 2306//1334 2329//1334 2305//1334
f 2305//1335 2329//1335 2330//1335
f 2305//1335 2330//1335 2304//1335
f 2304//1336 2330//1336 2331//1336
f 2304//1336 2331//1336 2303//1336
f 2303//1337 2331//1337 2332//1337
f 2303//1337 2332//1337 2302//1337
f 2302//1338 2332//1338 2333//1338
f 2302//1338 2333//1338 2301//1338
f 2301//204 2333//204 2334//204
f 2301//204 2334//204 2300//204
f 2300//1339 2334//1339 2335//1339
f 2300//1339 2335//1339 2299//1339
f 2299//1340 2335//1340 2336//1340
f 2299//1340 2336//1340 2298//1340
f 2298//1341 2336//1341 2337//1341
f 2298//1341 2337//1341 2297//1341
f 2297//1342 2337//1342 2338//1342
f 2297//1342 2338//1342 2296//1342
f 2296//1343 2338//1343 2339//1343
f 2296//1343 2339//1343 2295//1343
f 2295//1344 2339//1344 2340//1344
f 2295//1344 2340//1344 2294//1344
f 2294//1345 2340//1345 2341//1345
f 2294//1345 2341//1345 2293//1345
f 2293//1346 2341//1346 2342//1346
f 2293//1346 2342//1346 2292//1346
f 2292//1347 2342//1347 2343//1347
f 2292//1347 2343//1347 2325//1347
f 2325//1348 2343//1348 2344//1348
f 2325//1348 2344//1348 2324//1348
f 2324//1349 2344//1349 2345//1349
f 2324//1349 2345//1349 2323//1349
f 2323//1350 2345//1350 2346//1350
f 2323//1350 2346//1350 2322//1350
f 2322//1351 2346//1351 2347//1351
f 2322//1351 2347//1351 2321//1351
f 2321//1352 2347//1352 2348//1352
f 2321//1352 2348//1352 2320//1352
f 2320//1353 2348//1353 2349//1353
f 2320//1353 2349//1353 2319//1353
f 2319//1354 2349//1354 2350//1354
f 2319//1354 2350//1354 2318//1354
f 2318//209 2350//209 2351//209
f 2318//209 2351//209 2317//209
f 2317//1355 2351//1355 2352//1355
f 2317//1355 2352//1355 2316//1355
f 2316//1356 2352//1356 2353//1356
f 2316//1356 2353//1356 2315//1356
f 2315//1357 2353//1357 2354//1357
f 2315//1357 2354//1357 2314//1357
f 2314//1358 2354//1358 2355//1358
f 2314//1358 2355//1358 2313//1358
f 2313//1359 2355//1359 2356//1359
f 2313//1359 2356//1359 2312//1359
f 2312//1360 2356//1360 2357//1360
f 2312//1360 2357//1360 2311//1360
f 2311//1361 2357//1361 2358//1361
f 2311//1361 2358//1361 2310//1361
f 2310//1362 2358//1362 2359//1362
f 2310//1362 2359//1362 2309//1362
f 2309//1331 2359//1331 2326//1331
f 2342//114 1587//114 2343//114
f 2343//114 1587//114 1589//114
f 2343//114 1589//114 2344//114
f 2344//114 1589//114 1591//114
f 2344//114 1591//114 2345//114
f 2345//114 1591//114 1593//114
f 2345//114 1593//114 2346//114
f 2346//114 1593//114 1595//114
f 2346//114 1595//114 2347//114
f 2347//114 1595//114 1597//114
f 2347//114 1597//114 2348//114
f 2348//114 1597//114 1599//114
f 2348//114 1599//114 2349//114
f 2349//114 1599//114 1601//114
f 2349//114 1601//114 2350//114
f 2350//114 1601//114 1603//114
f 2350//114 1603//114 2351//114
f 2351//114 1603//114 1605//114
f 2351//114 1605//114 2352//114
f 2352//114 1605//114 1607//114
f 2352//114 1607//114 2353//114
f 2353//114 1607//114 1609//114
f 2353//114 1609//114 2354//114
f 2354//114 1609//114 1611//114
f 2354//114 1611//114 2355//114
f 2355//114 1611//114 1613//114
f 2355//114 1613//114 2356//114
f 2356//114 1613//114 1615//114
f 2356//114 1615//114 2357//114
f 2357//114 1615//114 1617//114
f 2357//114 1617//114 2358//114
f 2358//114 1617//114 1619//114
f 2358//114 1619//114 2359//114
f 2359//114 1619//114 1551//114
f 2359//114 1551//114 2326//114
f 2326//114 1551//114 1553//114
f 2326//114 1553//114 2327//114
f 2327//114 1553//114 1555//114
f 2327//114 1555//114 2328//114
f 2328//114 1555//114 1557//114
f 2328//114 1557//114 2329//114
f 2329//114 1557//114 1559//114
f 2329//114 1559//114 2330//114
f 2330//114 1559//114 1561//114
f 2330//114 1561//114 2331//114
f 2331//114 1561//114 1563//114
f 2331//114 1563//114 2332//114
f 2332//114 1563//114 1565//114
f 2332//114 1565//114 2333//114
f 2333//114 1565//114 1567//114
f 2333//114 1567//114 2334//114
f 2334//114 1567//114 1569//114
f 2334//114 1569//114 2335//114
f 2335//114 1569//114 1571//114
f 2335//114 1571//114 2336//114
f 2336//114 1571//114 1573//114
f 2336//114 1573//114 2337//114
f 2337//114 1573//114 1575//114
f 2337//114 1575//114 2338//114
f 2338//114 1575//114 1577//114
f 2338//114 1577//114 2339//114
f 2339//114 1577//114 1579//114
f 2339//114 1579//114 2340//114
f 2340//114 1579//114 1581//114
f 2340//114 1581//114 2341//114
f 2341//114 1581//114 1583//114
f 2341//114 1583//114 2342//114
f 2342//114 1583//114 1585//114
f 2342//114 1585//114 1587//114
f 2360//2 1444//2 2361//2
f 2361//2 1444//2 1442//2
f 2361//2 1442//2 2362//2
f 2362//2 1442//2 1440//2
f 2362//2 1440//2 2363//2
f 2363//2 1440//2 1438//2
f 2363//2 1438//2 2364//2
f 2364//2 1438//2 1436//2
f 2364//2 1436//2 2365//2
f 2365//2 1436//2 1434//2
f 2365//2 1434//2 2366//2
f 2366//2 1434//2 1432//2
f 2366//2 1432//2 2367//2
f 2367//2 1432//2 1430//2
f 2367//2 1430//2 2368//2
f 2368//2 1430//2 1428//2
f 2368//2 1428//2 2369//2
f 2369//2 1428//2 1426//2
f 2369//2 1426//2 2370//2
f 2370//2 1426//2 1424//2
f 2370//2 1424//2 2371//2
f 2371//2 1424//2 1422//2
f 2371//2 1422//2 2372//2
f 2372//2 1422//2 1420//2
f 2372//2 1420//2 2373//2
f 2373//2 1420//2 1418//2
f 2373//2 1418//2 2374//2
f 2374//2 1418//2 1416//2
f 2374//2 1416//2 2375//2
f 2375//2 1416//2 1414//2
f 2375//2 1414//2 2376//2
f 2376//2 1414//2 1412//2
f 2376//2 1412//2 2377//2
f 2377//2 1412//2 1480//2
f 2377//2 1480//2 2378//2
f 2378//2 1480//2 1478//2
f 2378//2 1478//2 2379//2
f 2379//2 1478//2 1476//2
f 2379//2 1476//2 2380//2
f 2380//2 1476//2 1474//2
f 2380//2 1474//2 2381//2
f 2381//2 1474//2 1472//2
f 2381//2 1472//2 2382//2
f 2382//2 1472//2 1470//2
f 2382//2 1470//2 2383//2
f 2383//2 1470//2 1468//2
f 2383//2 1468//2 2384//2
f 2384//2 1468//2 1466//2
f 2384//2 1466//2 2385//2
f 2385//2 1466//2 1464//2
f 2385//2 1464//2 2386//2
f 2386//2 1464//2 1462//2
f 2386//2 1462//2 2387//2
f 2387//2 1462//2 1460//2
f 2387//2 1460//2 2388//2
f 2388//2 1460//2 1458//2
f 2388//2 1458//2 2389//2
f 2389//2 1458//2 1456//2
f 2389//2 1456//2 2390//2
f 2390//2 1456//2 1454//2
f 2390//2 1454//2 2391//2
f 2391//2 1454//2 1452//2
f 2391//2 1452//2 2392//2
f 2392//2 1452//2 1450//2
f 2392//2 1450//2 2393//2
f 2393//2 1450//2 1448//2
f 2393//2 1448//2 2360//2
f 2360//2 1448//2 1446//2
f 2360//2 1446//2 1444//2
f 2377//1331 2394//1331 2376//1331
f 2376//1332 2394//1332 2395//1332
f 2376//1332 2395//1332 2375//1332
f 2375//1333 2395//1333 2396//1333
f 2375//1333 2396//1333 2374//1333
f 2374//1334 2396//1334 2397//1334
f 2374//1334 2397//1334 2373//1334
f 2373//1335 2397//1335 2398//1335
f 2373//1335 2398//1335 2372//1335
f 2372//1336 2398//1336 2399//1336
f 2372//1336 2399//1336 2371//1336
f 2371//1337 2399//1337 2400//1337
f 2371//1337 2400//1337 2370//1337
f 2370//1338 2400//1338 2401//1338
f 2370//1338 2401//1338 2369//1338
f 2369//204 2401//204 2402//204
f 2369//204 2402//204 2368//204
f 2368//1339 2402//1339 2403//1339
f 2368//1339 2403//1339 2367//1339
f 2367//1340 2403//1340 2404//1340
f 2367//1340 2404//1340 2366//1340
f 2366//1341 2404//1341 2405//1341
f 2366//1341 2405//1341 2365//1341
f 2365//1342 2405//1342 2406//1342
f 2365//1342 2406//1342 2364//1342
f 2364//1343 2406//1343 2407//1343
f 2364//1343 2407//1343 2363//1343
f 2363//1344 2407//1344 2408//1344
f 2363//1344 2408//1344 2362//1344
f 2362//1345 2408//1345 2409//1345
f 2362//1345 2409//1345 2361//1345
f 2361//1346 2409//1346 2410//1346
f 2361//1346 2410//1346 2360//1346
f 2360//1347 2410//1347 2411//1347
f 2360//1347 2411//1347 2393//1347
f 2393//1348 2411//1348 2412//1348
f 2393//1348 2412//1348 2392//1348
f 2392//1349 2412//1349 2413//1349
f 2392//1349 2413//1349 2391//1349
f 2391//1350 2413//1350 2414//1350
f 2391//1350 2414//1350 2390//1350
f 2390//1351 2414//1351 2415//1351
f 2390//1351 2415//1351 2389//1351
f 2389//1352 2415//1352 2416//1352
f 2389//1352 2416//1352 2388//1352
f 2388//1353 2416//1353 2417//1353
f 2388//1353 2417//1353 2387//1353
f 2387//1354 2417//1354 2418//1354
f 2387//1354 2418//1354 2386//1354
f 2386//209 2418//209 2419//209
f 2386//209 2419//209 2385//209
f 2385//1355 2419//1355 2420//1355
f 2385//1355 2420//1355 2384//1355
f 2384//1356 2420//1356 2421//1356
f 2384//1356 2421//1356 2383//1356
f 2383//1357 2421//1357 2422//1357
f 2383//1357 2422//1357 2382//1357
f 2382//1358 2422//1358 2423//1358
f 2382//1358 2423//1358 2381//1358
f 2381//1359 2423//1359 2424//1359
f 2381//1359 2424//1359 2380//1359
f 2380//1360 2424//1360 2425//1360
f 2380//1360 2425//1360 2379//1360
f 2379//1361 2425//1361 2426//1361
f 2379//1361 2426//1361 2378//1361
f 2378//1362 2426//1362 2427//1362
f 2378//1362 2427//1362 2377//1362
f 2377//1331 2427//1331 2394//1331
f 1513//114 1515//114 2410//114
f 2410//114 1515//114 1517//114
f 2410//114 1517//114 2411//114
f 2411//114 1517//114 1519//114
f 2411//114 1519//114 2412//114
f 2412//114 1519//114 1521//114
f 2412//114 1521//114 2413//114
f 2413//114 1521//114 1523//114
f 2413//114 1523//114 2414//114
f 2414//114 1523//114 1525//114
f 2414//114 1525//114 2415//114
f 2415//114 1525//114 1527//114
f 2415//114 1527//114 2416//114
f 2416//114 1527//114 1529//114
f 2416//114 1529//114 2417//114
f 2417//114 1529//114 1531//114
f 2417//114 1531//114 2418//114
f 2418//114 1531//114 1533//114
f 2418//114 1533//114 2419//114
f 2419//114 1533//114 1535//114
f 2419//114 1535//114 2420//114
f 2420//114 1535//114 1537//114
f 2420//114 1537//114 2421//114
f 2421//114 1537//114 1539//114
f 2421//114 1539//114 2422//114
f 2422//114 1539//114 1541//114
f 2422//114 1541//114 2423//114
f 2423//114 1541//114 1543//114
f 2423//114 1543//114 2424//114
f 2424//114 1543//114 1545//114
f 2424//114 1545//114 2425//114
f 2425//114 1545//114 1547//114
f 2425//114 1547//114 2426//114
f 2426//114 1547//114 1549//114
f 2426//114 1549//114 2427//114
f 2427//114 1549//114 1481//114
f 2427//114 1481//114 2394//114
f 2394//114 1481//114 1483//114
f 2394//114 1483//114 2395//114
f 2395//114 1483//114 1485//114
f 2395//114 1485//114 2396//114
f 2396//114 1485//114 1487//114
f 2396//114 1487//114 2397//114
f 2397//114 1487//114 1489//114
f 2397//114 1489//114 2398//114
f 2398//114 1489//114 1491//114
f 2398//114 1491//114 2399//114
f 2399//114 1491//114 1493//114
f 2399//114 1493//114 2400//114
f 2400//114 1493//114 1495//114
f 2400//114 1495//114 2401//114
f 2401//114 1495//114 1497//114
f 2401//114 1497//114 2402//114
f 2402//114 1497//114 1499//114
f 2402//114 1499//114 2403//114
f 2403//114 1499//114 1501//114
f 2403//114 1501//114 2404//114
f 2404//114 1501//114 1503//114
f 2404//114 1503//114 2405//114
f 2405//114 1503//114 1505//114
f 2405//114 1505//114 2406//114
f 2406//114 1505//114 1507//114
f 2406//114 1507//114 2407//114
f 2407//114 1507//114 1509//114
f 2407//114 1509//114 2408//114
f 2408//114 1509//114 1511//114
f 2408//114 1511//114 2409//114
f 2409//114 1511//114 1513//114
f 2409//114 1513//114 2410//114
f 2428//2 2429//2 2430//2
f 2430//2 2429//2 2431//2
f 2430//2 2431//2 2432//2
f 2432//2 2431//2 2433//2
f 2432//2 2433//2 2434//2
f 2434//2 2433//2 2435//2
f 2434//2 2435//2 2436//2
f 2436//2 2435//2 2437//2
f 2436//2 2437//2 2438//2
f 2438//2 2437//2 2439//2
f 2438//2 2439//2 2440//2
f 2440//2 2439//2 2441//2
f 2440//2 2441//2 2442//2
f 2442//2 2441//2 2443//2
f 2442//2 2443//2 2444//2
f 2444//2 2443//2 2445//2
f 2444//2 2445//2 2446//2
f 2446//2 2445//2 2447//2
f 2446//2 2447//2 2448//2
f 2448//2 2447//2 2449//2
f 2448//2 2449//2 2450//2
f 2450//2 2449//2 2451//2
f 2450//2 2451//2 2452//2
f 2452//2 2451//2 2453//2
f 2452//2 2453//2 2454//2
f 2454//2 2453//2 2455//2
f 2454//2 2455//2 2456//2
f 2456//2 2455//2 2457//2
f 2456//2 2457//2 2458//2
f 2458//2 2457//2 2459//2
f 2458//2 2459//2 2460//2
f 2460//2 2459//2 2461//2
f 2460//2 2461//2 2462//2
f 2462//2 2461//2 2463//2
f 2462//2 2463//2 2464//2
f 2464//2 2463//2 2465//2
f 2464//2 2465//2 2466//2
f 2466//2 2465//2 2467//2
f 2466//2 2467//2 2468//2
f 2468//2 2467//2 2469//2
f 2468//2 2469//2 2470//2
f 2470//2 2469//2 2471//2
f 2470//2 2471//2 2472//2
f 2472//2 2471//2 2473//2
f 2472//2 2473//2 2474//2
f 2474//2 2473//2 2475//2
f 2474//2 2475//2 2476//2
f 2476//2 2475//2 2477//2
f 2476//2 2477//2 2478//2
f 2478//2 2477//2 2479//2
f 2478//2 2479//2 2480//2
f 2480//2 2479//2 2481//2
f 2480//2 2481//2 2482//2
f 2482//2 2481//2 2483//2
f 2482//2 2483//2 2484//2
f 2484//2 2483//2 2485//2
f 2484//2 2485//2 2486//2
f 2486//2 2485//2 2487//2
f 2486//2 2487//2 2488//2
f 2488//2 2487//2 2489//2
f 2488//2 2489//2 2490//2
f 2490//2 2489//2 2491//2
f 2490//2 2491//2 2492//2
f 2492//2 2491//2 2493//2
f 2492//2 2493//2 2494//2
f 2494//2 2493//2 2495//2
f 2494//2 2495//2 2496//2
f 2496//2 2495//2 2428//2
f 2496//2 2428//2 2430//2
f 2464//1331 2497//1331 2462//1331
f 2462//1332 2497//1332 2498//1332
f 2462//1332 2498//1332 2460//1332
f 2460//1333 2498//1333 2499//1333
f 2460//1333 2499//1333 2458//1333
f 2458//1334 2499//1334 2500//1334
f 2458//1334 2500//1334 2456//1334
f 2456//1335 2500//1335 2501//1335
f 2456//1335 2501//1335 2454//1335
f 2454//1336 2501//1336 2502//1336
f 2454//1336 2502//1336 2452//1336
f 2452//1337 2502//1337 2503//1337
f 2452//1337 2503//1337 2450//1337
f 2450//1338 2503//1338 2504//1338
f 2450//1338 2504//1338 2448//1338
f 2448//204 2504//204 2505//204
f 2448//204 2505//204 2446//204
f 2446//1339 2505//1339 2506//1339
f 2446//1339 2506//1339 2444//1339
f 2444//1340 2506//1340 2507//1340
f 2444//1340 2507//1340 2442//1340
f 2442//1341 2507//1341 2508//1341
f 2442//1341 2508//1341 2440//1341
f 2440//1342 2508//1342 2509//1342
f 2440//1342 2509//1342 2438//1342
f 2438//1343 2509//1343 2510//1343
f 2438//1343 2510//1343 2436//1343
f 2436//1344 2510//1344 2511//1344
f 2436//1344 2511//1344 2434//1344
f 2434//1345 2511//1345 2512//1345
f 2434//1345 2512//1345 2432//1345
f 2432//1346 2512//1346 2513//1346
f 2432//1346 2513//1346 2430//1346
f 2430//1347 2513//1347 2514//1347
f 2430//1347 2514//1347 2496//1347
f 2496//1348 2514//1348 2515//1348
f 2496//1348 2515//1348 2494//1348
f 2494//1349 2515//1349 2516//1349
f 2494//1349 2516//1349 2492//1349
f 2492//1350 2516//1350 2517//1350
f 2492//1350 2517//1350 2490//1350
f 2490//1351 2517//1351 2518//1351
f 2490//1351 2518//1351 2488//1351
f 2488//1352 2518//1352 2519//1352
f 2488//1352 2519//1352 2486//1352
f 2486//1353 2519//1353 2520//1353
f 2486//1353 2520//1353 2484//1353
f 2484//1354 2520//1354 2521//1354
f 2484//1354 2521//1354 2482//1354
f 2482//209 2521//209 2522//209
f 2482//209 2522//209 2480//209
f 2480//1355 2522//1355 2523//1355
f 2480//1355 2523//1355 2478//1355
f 2478//1356 2523//1356 2524//1356
f 2478//1356 2524//1356 2476//1356
f 2476//1357 2524//1357 2525//1357
f 2476//1357 2525//1357 2474//1357
f 2474//1358 2525//1358 2526//1358
f 2474//1358 2526//1358 2472//1358
f 2472//1359 2526//1359 2527//1359
f 2472//1359 2527//1359 2470//1359
f 2470//1360 2527//1360 2528//1360
f 2470//1360 2528//1360 2468//1360
f 2468//1361 2528//1361 2529//1361
f 2468//1361 2529//1361 2466//1361
f 2466//1362 2529//1362 2530//1362
f 2466//1362 2530//1362 2464//1362
f 2464//1331 2530//1331 2497//1331
f 1443//114 1445//114 2513//114
f 2513//114 1445//114 1447//114
f 2513//114 1447//114 2514//114
f 2514//114 1447//114 1449//114
f 2514//114 1449//114 2515//114
f 2515//114 1449//114 1451//114
f 2515//114 1451//114 2516//114
f 2516//114 1451//114 1453//114
f 2516//114 1453//114 2517//114
f 2517//114 1453//114 1455//114
f 2517//114 1455//114 2518//114
f 2518//114 1455//114 1457//114
f 2518//114 1457//114 2519//114
f 2519//114 1457//114 1459//114
f 2519//114 1459//114 2520//114
f 2520//114 1459//114 1461//114
f 2520//114 1461//114 2521//114
f 2521//114 1461//114 1463//114
f 2521//114 1463//114 2522//114
f 2522//114 1463//114 1465//114
f 2522//114 1465//114 2523//114
f 2523//114 1465//114 1467//114
f 2523//114 1467//114 2524//114
f 2524//114 1467//114 1469//114
f 2524//114 1469//114 2525//114
f 2525//114 1469//114 1471//114
f 2525//114 1471//114 2526//114
f 2526//114 1471//114 1473//114
f 2526//114 1473//114 2527//114
f 2527//114 1473//114 1475//114
f 2527//114 1475//114 2528//114
f 2528//114 1475//114 1477//114
f 2528//114 1477//114 2529//114
f 2529//114 1477//114 1479//114
f 2529//114 1479//114 2530//114
f 2530//114 1479//114 1411//114
f 2530//114 1411//114 2497//114
f 2497//114 1411//114 1413//114
f 2497//114 1413//114 2498//114
f 2498//114 1413//114 1415//114
f 2498//114 1415//114 2499//114
f 2499//114 1415//114 1417//114
f 2499//114 1417//114 2500//114
f 2500//114 1417//114 1419//114
f 2500//114 1419//114 2501//114
f 2501//114 1419//114 1421//114
f 2501//114 1421//114 2502//114
f 2502//114 1421//114 1423//114
f 2502//114 1423//114 2503//114
f 2503//114 1423//114 1425//114
f 2503//114 1425//114 2504//114
f 2504//114 1425//114 1427//114
f 2504//114 1427//114 2505//114
f 2505//114 1427//114 1429//114
f 2505//114 1429//114 2506//114
f 2506//114 1429//114 1431//114
f 2506//114 1431//114 2507//114
f 2507//114 1431//114 1433//114
f 2507//114 1433//114 2508//114
f 2508//114 1433//114 1435//114
f 2508//114 1435//114 2509//114
f 2509//114 1435//114 1437//114
f 2509//114 1437//114 2510//114
f 2510//114 1437//114 1439//114
f 2510//114 1439//114 2511//114
f 2511//114 1439//114 1441//114
f 2511//114 1441//114 2512//114
f 2512//114 1441//114 1443//114
f 2512//114 1443//114 2513//114
f 2531//114 2532//114 2533//114
f 2534//114 2535//114 2536//114
f 2537//114 2538//114 2539//114
f 2540//114 2541//114 2542//114
f 2543//114 2544//114 2545//114
f 2546//114 2547//114 2548//114
f 2549//114 2550//114 2551//114
f 2552//1363 2553//1363 2554//1363
f 2555//114 2556//114 2557//114
f 2558//114 2559//114 2560//114
f 2561//114 2562//114 2563//114
f 2564//114 2565//114 2566//114
f 2567//114 2568//114 2569//114
f 2570//114 2571//114 2572//114
f 2573//114 2574//114 2575//114
f 2576//114 2573//114 2577//114
f 2578//114 2579//114 2580//114
f 2570//114 2572//114 2581//114
f 2581//114 2572//114 2566//114
f 2581//114 2566//114 2582//114
f 2583//114 2584//114 2574//114
f 2574//114 2584//114 2578//114
f 2574//114 2578//114 2575//114
f 2575//114 2578//114 2580//114
f 2575//114 2580//114 2585//114
f 2585//114 2580//114 2586//114
f 2587//114 2588//114 2589//114
f 2589//114 2588//114 2590//114
f 2589//114 2590//114 2591//114
f 2592//114 2593//114 2594//114
f 2594//114 2593//114 2595//114
f 2596//114 2597//114 2598//114
f 2566//114 2593//114 2564//114
f 2564//114 2593//114 2592//114
f 2564//114 2592//114 2598//114
f 2598//114 2592//114 2599//114
f 2598//114 2599//114 2596//114
f 2600//114 2601//114 2572//114
f 2572//114 2601//114 2602//114
f 2572//114 2602//114 2566//114
f 2566//114 2602//114 2603//114
f 2566//114 2603//114 2593//114
f 2593//114 2603//114 2600//114
f 2604//114 2605//114 2556//114
f 2556//114 2605//114 2606//114
f 2556//114 2606//114 2557//114
f 2607//114 2608//114 2551//114
f 2609//114 2610//114 2611//114
f 2611//114 2610//114 2612//114
f 2613//114 2614//114 2615//114
f 2616//114 2617//114 2618//114
f 2618//114 2617//114 2619//114
f 2620//114 2621//114 2622//114
f 2622//1364 2621//1364 2623//1364
f 2622//114 2623//114 2624//114
f 2624//114 2625//114 2626//114
f 2626//114 2625//114 2619//114
f 2626//114 2619//114 2627//114
f 2627//114 2619//114 2617//114
f 2628//114 2629//114 2630//114
f 2563//114 2631//114 2632//114
f 2632//114 2631//114 2633//114
f 2632//114 2633//114 2634//114
f 2635//114 2636//114 2637//114
f 2638//114 2639//114 2640//114
f 2641//114 2642//114 2643//114
f 2643//114 2642//114 2644//114
f 2645//114 2646//114 2647//114
f 2647//114 2648//114 2645//114
f 2645//114 2648//114 2649//114
f 2645//114 2649//114 2642//114
f 2642//114 2649//114 2635//114
f 2642//114 2635//114 2644//114
f 2650//114 2651//114 2652//114
f 2653//114 2654//114 2655//114
f 2655//114 2654//114 2656//114
f 2615//114 2614//114 2657//114
f 2657//114 2614//114 2643//114
f 2643//114 2614//114 2658//114
f 2643//114 2658//114 2641//114
f 2659//114 2660//114 2661//114
f 2661//114 2660//114 2662//114
f 2663//114 2664//114 2627//114
f 2627//114 2664//114 2665//114
f 2627//114 2665//114 2666//114
f 2667//114 2668//114 2669//114
f 2670//114 2671//114 2672//114
f 2667//114 2673//114 2653//114
f 2674//114 2675//114 2676//114
f 2677//114 2653//114 2678//114
f 2678//114 2653//114 2655//114
f 2678//114 2655//114 2679//114
f 2679//114 2655//114 2680//114
f 2679//114 2680//114 2681//114
f 2682//114 2683//114 2684//114
f 2685//114 2686//114 2669//114
f 2669//114 2686//114 2672//114
f 2669//114 2672//114 2667//114
f 2667//114 2672//114 2671//114
f 2667//114 2671//114 2687//114
f 2688//114 2689//114 2690//114
f 2690//114 2689//114 2691//114
f 2692//114 2693//114 2694//114
f 2640//114 2644//114 2638//114
f 2638//114 2644//114 2635//114
f 2638//114 2635//114 2695//114
f 2695//114 2635//114 2637//114
f 2695//114 2637//114 2696//114
f 2696//114 2637//114 2692//114
f 2577//114 2589//114 2576//114
f 2576//114 2589//114 2591//114
f 2576//114 2591//114 2583//114
f 2583//114 2591//114 2697//114
f 2583//114 2697//114 2584//114
f 2584//114 2697//114 2698//114
f 2674//114 2676//114 2673//114
f 2673//114 2676//114 2699//114
f 2673//114 2699//114 2653//114
f 2653//114 2699//114 2700//114
f 2653//114 2700//114 2654//114
f 2649//114 2701//114 2702//114
f 2702//114 2701//114 2703//114
f 2702//114 2703//114 2636//114
f 2636//114 2703//114 2656//114
f 2636//114 2656//114 2637//114
f 2637//114 2656//114 2654//114
f 2637//114 2654//114 2704//114
f 2704//114 2654//114 2700//114
f 2704//114 2700//114 2693//114
f 2693//114 2700//114 2705//114
f 2693//114 2705//114 2694//114
f 2608//114 2706//114 2551//114
f 2551//114 2706//114 2707//114
f 2551//114 2707//114 2708//114
f 2709//114 2594//114 2561//114
f 2561//114 2594//114 2595//114
f 2561//114 2595//114 2562//114
f 2562//114 2595//114 2605//114
f 2562//114 2605//114 2710//114
f 2710//114 2605//114 2604//114
f 2710//114 2604//114 2711//114
f 2663//114 2712//114 2664//114
f 2664//114 2712//114 2661//114
f 2664//114 2661//114 2713//114
f 2713//114 2661//114 2662//114
f 2713//114 2662//114 2666//114
f 2666//114 2662//114 2621//114
f 2666//114 2621//114 2627//114
f 2627//114 2621//114 2620//114
f 2627//114 2620//114 2626//114
f 2563//114 2562//114 2631//114
f 2631//114 2562//114 2710//114
f 2631//114 2710//114 2714//114
f 2714//114 2710//114 2715//114
f 2714//114 2715//114 2716//114
f 2716//114 2715//114 2717//114
f 2716//114 2717//114 2718//114
f 2718//114 2717//114 2670//114
f 2718//114 2670//114 2719//114
f 2720//114 2721//114 2722//114
f 2722//114 2721//114 2723//114
f 2722//114 2723//114 2724//114
f 2725//114 2726//114 2727//114
f 2727//114 2726//114 2728//114
f 2729//114 2730//114 2731//114
f 2732//114 2733//114 2734//114
f 2734//114 2733//114 2735//114
f 2734//114 2735//114 2736//114
f 2588//114 2737//114 2738//114
f 2738//114 2737//114 2739//114
f 2734//114 2729//114 2732//114
f 2732//114 2729//114 2731//114
f 2732//114 2731//114 2740//114
f 2740//1365 2731//1365 2738//1365
f 2740//114 2738//114 2741//114
f 2741//114 2738//114 2739//114
f 2741//114 2739//114 2742//114
f 2743//114 2744//114 2569//114
f 2745//114 2746//114 2747//114
f 2747//114 2746//114 2748//114
f 2747//114 2748//114 2725//114
f 2725//114 2748//114 2736//114
f 2725//114 2736//114 2726//114
f 2726//114 2736//114 2735//114
f 2749//114 2750//114 2730//114
f 2751//114 2743//114 2752//114
f 2752//114 2743//114 2569//114
f 2752//114 2569//114 2753//114
f 2753//114 2569//114 2568//114
f 2753//114 2568//114 2590//114
f 2590//114 2568//114 2754//114
f 2590//114 2754//114 2591//114
f 2591//114 2754//114 2755//114
f 2591//114 2755//114 2697//114
f 2752//114 2731//114 2751//114
f 2751//114 2731//114 2730//114
f 2751//114 2730//114 2756//114
f 2756//114 2730//114 2750//114
f 2756//114 2750//114 2744//114
f 2744//114 2750//114 2757//114
f 2744//114 2757//114 2569//114
f 2569//114 2757//114 2758//114
f 2759//114 2760//114 2761//114
f 2762//114 2760//114 2763//114
f 2763//114 2760//114 2759//114
f 2763//114 2759//114 2764//114
f 2765//114 2766//114 2596//114
f 2767//114 2765//114 2768//114
f 2730//114 2746//114 2749//114
f 2749//114 2746//114 2745//114
f 2749//114 2745//114 2769//114
f 2769//114 2745//114 2770//114
f 2549//114 2551//114 2771//114
f 2618//114 2612//114 2616//114
f 2616//114 2612//114 2610//114
f 2616//114 2610//114 2772//114
f 2772//114 2610//114 2773//114
f 2772//114 2773//114 2745//114
f 2745//114 2773//114 2774//114
f 2745//114 2774//114 2770//114
f 2770//114 2774//114 2775//114
f 2770//114 2775//114 2758//114
f 2646//114 2641//114 2776//114
f 2776//114 2641//114 2658//114
f 2776//114 2658//114 2623//114
f 2623//114 2658//114 2777//114
f 2623//114 2777//114 2624//114
f 2624//114 2777//114 2613//114
f 2624//114 2613//114 2625//114
f 2625//114 2613//114 2615//114
f 2625//114 2615//114 2778//114
f 2778//114 2615//114 2779//114
f 2778//114 2779//114 2611//114
f 2611//114 2779//114 2607//114
f 2611//114 2607//114 2609//114
f 2609//114 2607//114 2551//114
f 2609//114 2551//114 2780//114
f 2780//114 2551//114 2550//114
f 2780//114 2550//114 2775//114
f 2775//114 2550//114 2781//114
f 2775//114 2781//114 2758//114
f 2758//114 2781//114 2771//114
f 2758//114 2771//114 2569//114
f 2569//114 2771//114 2551//114
f 2569//114 2551//114 2567//114
f 2567//114 2551//114 2708//114
f 2567//114 2708//114 2755//114
f 2755//114 2708//114 2782//114
f 2755//114 2782//114 2697//114
f 2697//114 2782//114 2783//114
f 2697//114 2783//114 2698//114
f 2784//114 2785//114 2761//114
f 2761//114 2785//114 2786//114
f 2761//114 2786//114 2759//114
f 2787//114 2721//114 2788//114
f 2788//114 2721//114 2789//114
f 2790//114 2791//114 2792//114
f 2789//114 2790//114 2788//114
f 2788//114 2790//114 2792//114
f 2788//114 2792//114 2793//114
f 2793//114 2792//114 2794//114
f 2552//114 2582//114 2553//114
f 2553//114 2582//114 2566//114
f 2553//114 2566//114 2554//114
f 2554//114 2566//114 2565//114
f 2554//114 2565//114 2724//114
f 2724//114 2565//114 2597//114
f 2724//114 2597//114 2722//114
f 2722//114 2597//114 2596//114
f 2722//114 2596//114 2720//114
f 2720//114 2596//114 2766//114
f 2720//114 2766//114 2795//114
f 2795//114 2766//114 2796//114
f 2797//114 2742//114 2798//114
f 2798//1365 2742//1365 2799//1365
f 2800//114 2798//114 2801//114
f 2801//114 2798//114 2799//114
f 2801//114 2799//114 2802//114
f 2802//114 2799//114 2803//114
f 2802//114 2803//114 2804//114
f 2805//114 2806//114 2807//114
f 2808//114 2805//114 2809//114
f 2809//114 2805//114 2810//114
f 2809//114 2810//114 2728//114
f 2728//114 2810//114 2811//114
f 2728//114 2811//114 2727//114
f 2801//114 2806//114 2800//114
f 2800//114 2806//114 2805//114
f 2800//114 2805//114 2812//114
f 2812//114 2805//114 2808//114
f 2812//114 2808//114 2797//114
f 2797//114 2808//114 2813//114
f 2797//114 2813//114 2742//114
f 2742//114 2813//114 2735//114
f 2742//114 2735//114 2741//114
f 2741//114 2735//114 2733//114
f 2814//114 2764//114 2815//114
f 2815//114 2764//114 2816//114
f 2815//114 2816//114 2817//114
f 2818//114 2819//114 2548//114
f 2548//114 2819//114 2820//114
f 2548//114 2820//114 2546//114
f 2546//114 2820//114 2821//114
f 2761//114 2822//114 2784//114
f 2784//114 2822//114 2823//114
f 2784//114 2823//114 2824//114
f 2824//114 2823//114 2825//114
f 2824//114 2825//114 2826//114
f 2826//114 2825//114 2827//114
f 2765//114 2596//114 2768//114
f 2768//114 2596//114 2599//114
f 2768//114 2599//114 2763//114
f 2763//114 2599//114 2709//114
f 2763//114 2709//114 2762//114
f 2762//114 2709//114 2561//114
f 2762//114 2561//114 2822//114
f 2822//114 2561//114 2630//114
f 2822//114 2630//114 2823//114
f 2823//114 2630//114 2629//114
f 2823//114 2629//114 2825//114
f 2825//114 2629//114 2828//114
f 2825//114 2828//114 2829//114
f 2630//114 2632//114 2628//114
f 2628//114 2632//114 2634//114
f 2628//114 2634//114 2829//114
f 2829//114 2634//114 2830//114
f 2829//114 2830//114 2825//114
f 2831//114 2832//114 2544//114
f 2544//114 2832//114 2833//114
f 2544//114 2833//114 2545//114
f 2545//114 2834//114 2543//114
f 2543//114 2834//114 2835//114
f 2543//114 2835//114 2836//114
f 2836//114 2835//114 2837//114
f 2836//114 2837//114 2831//114
f 2831//114 2837//114 2838//114
f 2831//114 2838//114 2832//114
f 2672//114 2558//114 2670//114
f 2670//114 2558//114 2839//114
f 2670//114 2839//114 2719//114
f 2719//114 2839//114 2840//114
f 2719//114 2840//114 2841//114
f 2841//114 2840//114 2842//114
f 2841//114 2842//114 2843//114
f 2843//114 2842//114 2844//114
f 2843//114 2844//114 2845//114
f 2718//114 2846//114 2847//114
f 2719//114 2848//114 2718//114
f 2718//114 2848//114 2849//114
f 2718//114 2849//114 2846//114
f 2846//114 2849//114 2850//114
f 2848//114 2843//114 2849//114
f 2849//114 2843//114 2845//114
f 2849//114 2845//114 2850//114
f 2850//114 2845//114 2844//114
f 2850//114 2844//114 2851//114
f 2851//114 2844//114 2852//114
f 2853//114 2854//114 2855//114
f 2855//114 2854//114 2856//114
f 2857//114 2858//114 2859//114
f 2859//114 2858//114 2860//114
f 2858//114 2818//114 2860//114
f 2860//114 2818//114 2548//114
f 2860//114 2548//114 2861//114
f 2862//114 2863//114 2541//114
f 2541//114 2863//114 2864//114
f 2541//114 2864//114 2542//114
f 2865//114 2866//114 2867//114
f 2867//114 2866//114 2868//114
f 2867//114 2868//114 2869//114
f 2869//114 2868//114 2870//114
f 2862//114 2871//114 2872//114
f 2759//114 2819//114 2764//114
f 2764//114 2819//114 2818//114
f 2764//114 2818//114 2816//114
f 2816//114 2818//114 2858//114
f 2816//114 2858//114 2872//114
f 2872//114 2858//114 2857//114
f 2872//114 2857//114 2862//114
f 2873//114 2874//114 2875//114
f 2541//114 2865//114 2862//114
f 2862//114 2865//114 2867//114
f 2862//114 2867//114 2871//114
f 2871//114 2867//114 2869//114
f 2871//114 2869//114 2876//114
f 2876//114 2869//114 2870//114
f 2876//114 2870//114 2817//114
f 2817//114 2870//114 2877//114
f 2817//114 2877//114 2815//114
f 2815//114 2877//114 2540//114
f 2815//114 2540//114 2539//114
f 2539//114 2540//114 2542//114
f 2539//114 2542//114 2537//114
f 2768//114 2814//114 2767//114
f 2767//114 2814//114 2815//114
f 2767//114 2815//114 2796//114
f 2796//114 2815//114 2539//114
f 2796//114 2539//114 2795//114
f 2795//114 2539//114 2538//114
f 2795//114 2538//114 2789//114
f 2789//114 2538//114 2873//114
f 2789//114 2873//114 2790//114
f 2790//114 2873//114 2875//114
f 2790//114 2875//114 2791//114
f 2791//114 2875//114 2878//114
f 2879//114 2880//114 2881//114
f 2882//114 2883//114 2881//114
f 2881//114 2883//114 2884//114
f 2881//114 2884//114 2879//114
f 2879//114 2659//114 2880//114
f 2880//114 2659//114 2661//114
f 2880//114 2661//114 2885//114
f 2885//114 2661//114 2712//114
f 2885//114 2712//114 2882//114
f 2882//114 2712//114 2886//114
f 2882//114 2886//114 2883//114
f 2648//114 2650//114 2649//114
f 2649//114 2650//114 2652//114
f 2649//114 2652//114 2701//114
f 2701//114 2652//114 2887//114
f 2701//114 2887//114 2888//114
f 2888//114 2887//114 2889//114
f 2888//114 2889//114 2890//114
f 2890//114 2889//114 2651//114
f 2890//114 2651//114 2891//114
f 2891//114 2651//114 2650//114
f 2891//114 2650//114 2892//114
f 2892//114 2650//114 2648//114
f 2690//114 2893//114 2688//114
f 2688//114 2893//114 2894//114
f 2688//114 2894//114 2895//114
f 2896//114 2897//114 2560//114
f 2560//114 2897//114 2898//114
f 2560//114 2898//114 2899//114
f 2894//114 2896//114 2895//114
f 2895//114 2896//114 2560//114
f 2895//114 2560//114 2900//114
f 2900//114 2560//114 2559//114
f 2900//114 2559//114 2689//114
f 2689//114 2559//114 2686//114
f 2689//114 2686//114 2691//114
f 2691//114 2686//114 2685//114
f 2691//114 2685//114 2901//114
f 2853//114 2536//114 2854//114
f 2854//114 2536//114 2535//114
f 2854//114 2535//114 2902//114
f 2853//114 2898//114 2536//114
f 2536//114 2898//114 2897//114
f 2536//114 2897//114 2534//114
f 2534//114 2897//114 2896//114
f 2534//114 2896//114 2903//114
f 2903//114 2896//114 2904//114
f 2903//114 2904//114 2905//114
f 2667//114 2653//114 2668//114
f 2668//114 2653//114 2677//114
f 2668//114 2677//114 2906//114
f 2906//114 2677//114 2684//114
f 2906//114 2684//114 2907//114
f 2907//114 2684//114 2683//114
f 2907//114 2683//114 2908//114
f 2684//114 2679//114 2682//114
f 2682//114 2679//114 2681//114
f 2682//114 2681//114 2909//114
f 2909//114 2681//114 2910//114
f 2909//114 2910//114 2908//114
f 2908//114 2910//114 2911//114
f 2908//114 2911//114 2907//114
f 2912//114 2913//114 2694//114
f 2694//114 2913//114 2586//114
f 2694//114 2586//114 2692//114
f 2692//114 2586//114 2580//114
f 2692//114 2580//114 2696//114
f 2696//114 2580//114 2579//114
f 2696//114 2579//114 2639//114
f 2639//114 2579//114 2698//114
f 2639//114 2698//114 2640//114
f 2640//114 2698//114 2783//114
f 2640//114 2783//114 2657//114
f 2657//114 2783//114 2707//114
f 2657//114 2707//114 2615//114
f 2615//114 2707//114 2706//114
f 2615//114 2706//114 2779//114
f 2675//114 2914//114 2915//114
f 2916//114 2912//114 2915//114
f 2915//114 2912//114 2694//114
f 2915//114 2694//114 2675//114
f 2675//114 2694//114 2705//114
f 2675//114 2705//114 2676//114
f 2917//114 2918//114 2572//114
f 2572//114 2918//114 2557//114
f 2572//114 2557//114 2600//114
f 2600//114 2557//114 2606//114
f 2600//114 2606//114 2593//114
f 2918//114 2914//114 2557//114
f 2557//114 2914//114 2675//114
f 2557//114 2675//114 2555//114
f 2555//114 2675//114 2674//114
f 2555//114 2674//114 2711//114
f 2711//114 2674//114 2687//114
f 2711//114 2687//114 2710//114
f 2710//114 2687//114 2671//114
f 2710//114 2671//114 2715//114
f 2919//114 2886//114 2920//114
f 2920//114 2886//114 2712//114
f 2920//114 2712//114 2921//114
f 2921//114 2712//114 2663//114
f 2921//114 2663//114 2922//114
f 2922//114 2663//114 2923//114
f 2922//114 2923//114 2924//114
f 2924//114 2923//114 2925//114
f 2924//114 2925//114 2920//114
f 2920//114 2925//114 2919//114
f 2926//114 2927//114 2928//114
f 2928//114 2927//114 2929//114
f 2928//114 2929//114 2930//114
f 2930//114 2929//114 2805//114
f 2930//114 2805//114 2804//114
f 2804//114 2805//114 2807//114
f 2804//114 2807//114 2802//114
f 2931//114 2932//114 2926//114
f 2926//114 2932//114 2933//114
f 2926//114 2933//114 2927//114
f 2531//114 2533//114 2934//114
f 2558//114 2560//114 2839//114
f 2839//114 2560//114 2899//114
f 2839//114 2899//114 2840//114
f 2840//114 2899//114 2855//114
f 2840//114 2855//114 2842//114
f 2842//114 2855//114 2856//114
f 2842//114 2856//114 2844//114
f 2844//114 2856//114 2935//114
f 2844//114 2935//114 2852//114
f 2852//114 2935//114 2936//114
f 2852//114 2936//114 2937//114
f 2937//114 2936//114 2938//114
f 2937//114 2938//114 2939//114
f 2939//114 2938//114 2940//114
f 2939//114 2940//114 2941//114
f 2941//114 2940//114 2942//114
f 2941//114 2942//114 2943//114
f 2943//114 2942//114 2944//114
f 2943//114 2944//114 2945//114
f 2946//114 2947//114 2902//114
f 2948//114 2949//114 2947//114
f 2947//114 2946//114 2948//114
f 2948//114 2946//114 2950//114
f 2948//114 2950//114 2951//114
f 2951//114 2950//114 2952//114
f 2951//114 2952//114 2953//114
f 2953//114 2952//114 2954//114
f 2953//114 2954//114 2955//114
f 2955//114 2954//114 2956//114
f 2955//114 2956//114 2957//114
f 2957//114 2956//114 2958//114
f 2957//114 2958//114 2959//114
f 2776//114 2660//114 2646//114
f 2646//114 2660//114 2659//114
f 2646//114 2659//114 2647//114
f 2647//114 2659//114 2879//114
f 2647//114 2879//114 2960//114
f 2960//114 2879//114 2884//114
f 2960//114 2884//114 2892//114
f 2892//114 2884//114 2961//114
f 2892//114 2961//114 2891//114
f 2891//114 2961//114 2962//114
f 2891//114 2962//114 2890//114
f 2902//114 2963//114 2946//114
f 2946//114 2963//114 2964//114
f 2946//114 2964//114 2950//114
f 2950//114 2964//114 2965//114
f 2950//114 2965//114 2952//114
f 2952//114 2965//114 2966//114
f 2952//114 2966//114 2954//114
f 2954//114 2966//114 2911//114
f 2954//114 2911//114 2956//114
f 2956//114 2911//114 2910//114
f 2956//114 2910//114 2958//114
f 2888//114 2967//114 2701//114
f 2701//114 2967//114 2968//114
f 2701//114 2968//114 2969//114
f 2970//114 2910//114 2969//114
f 2969//114 2910//114 2681//114
f 2969//114 2681//114 2701//114
f 2701//114 2681//114 2680//114
f 2701//114 2680//114 2703//114
f 2962//114 2959//114 2890//114
f 2890//114 2959//114 2958//114
f 2890//114 2958//114 2888//114
f 2888//114 2958//114 2910//114
f 2888//114 2910//114 2967//114
f 2967//114 2910//114 2970//114
f 2535//114 2905//114 2902//114
f 2902//114 2905//114 2904//114
f 2902//114 2904//114 2963//114
f 2963//114 2904//114 2896//114
f 2963//114 2896//114 2964//114
f 2964//114 2896//114 2894//114
f 2964//114 2894//114 2965//114
f 2965//114 2894//114 2893//114
f 2965//114 2893//114 2966//114
f 2966//114 2893//114 2690//114
f 2966//114 2690//114 2911//114
f 2911//114 2690//114 2971//114
f 2911//114 2971//114 2907//114
f 2907//114 2971//114 2901//114
f 2907//114 2901//114 2906//114
f 2906//114 2901//114 2685//114
f 2915//114 2917//114 2916//114
f 2916//114 2917//114 2572//114
f 2916//114 2572//114 2585//114
f 2585//114 2572//114 2571//114
f 2585//114 2571//114 2575//114
f 2575//114 2571//114 2582//114
f 2575//114 2582//114 2573//114
f 2573//114 2582//114 2552//114
f 2573//114 2552//114 2577//114
f 2577//114 2552//114 2723//114
f 2577//114 2723//114 2972//114
f 2972//114 2723//114 2721//114
f 2972//114 2721//114 2587//114
f 2587//114 2721//114 2787//114
f 2587//114 2787//114 2588//114
f 2588//114 2787//114 2973//114
f 2588//114 2973//114 2737//114
f 2737//114 2973//114 2793//114
f 2737//114 2793//114 2803//114
f 2803//114 2793//114 2794//114
f 2803//114 2794//114 2804//114
f 2804//114 2794//114 2878//114
f 2804//114 2878//114 2930//114
f 2930//114 2878//114 2875//114
f 2930//114 2875//114 2928//114
f 2928//114 2875//114 2974//114
f 2928//114 2974//114 2926//114
f 2926//114 2974//114 2975//114
f 2926//114 2975//114 2931//114
f 2931//114 2975//114 2976//114
f 2874//114 2537//114 2875//114
f 2875//114 2537//114 2542//114
f 2875//114 2542//114 2974//114
f 2974//114 2542//114 2864//114
f 2974//114 2864//114 2975//114
f 2975//114 2864//114 2863//114
f 2975//114 2863//114 2976//114
f 2976//114 2863//114 2862//114
f 2976//114 2862//114 2977//114
f 2977//114 2862//114 2857//114
f 2977//114 2857//114 2978//114
f 2978//114 2857//114 2859//114
f 2978//114 2859//114 2833//114
f 2833//114 2859//114 2979//114
f 2833//114 2979//114 2545//114
f 2545//114 2979//114 2861//114
f 2545//114 2861//114 2834//114
f 2834//114 2861//114 2548//114
f 2834//114 2548//114 2835//114
f 2835//114 2548//114 2547//114
f 2835//114 2547//114 2980//114
f 2980//114 2547//114 2981//114
f 2980//114 2981//114 2982//114
f 2820//114 2786//114 2821//114
f 2821//114 2786//114 2785//114
f 2821//114 2785//114 2981//114
f 2981//114 2785//114 2826//114
f 2981//1364 2826//1364 2982//1364
f 2982//114 2826//114 2827//114
f 2982//114 2827//114 2980//114
f 2980//114 2827//114 2983//114
f 2980//114 2983//114 2835//114
f 2835//114 2983//114 2984//114
f 2835//114 2984//114 2837//114
f 2837//114 2984//114 2985//114
f 2837//114 2985//114 2838//114
f 2838//114 2985//114 2986//114
f 2830//114 2987//114 2825//114
f 2825//114 2987//114 2988//114
f 2825//114 2988//114 2827//114
f 2827//114 2988//114 2989//114
f 2827//114 2989//114 2983//114
f 2983//114 2989//114 2990//114
f 2983//114 2990//114 2984//114
f 2984//114 2990//114 2991//114
f 2984//114 2991//114 2985//114
f 2985//114 2991//114 2533//114
f 2985//114 2533//114 2986//114
f 2986//114 2533//114 2532//114
f 2944//114 2934//114 2945//114
f 2945//114 2934//114 2533//114
f 2945//114 2533//114 2943//114
f 2943//114 2533//114 2991//114
f 2943//114 2991//114 2941//114
f 2941//114 2991//114 2990//114
f 2941//114 2990//114 2939//114
f 2939//114 2990//114 2989//114
f 2939//114 2989//114 2937//114
f 2937//114 2989//114 2988//114
f 2937//114 2988//114 2852//114
f 2852//114 2988//114 2987//114
f 2852//114 2987//114 2851//114
f 2851//114 2987//114 2830//114
f 2851//114 2830//114 2847//114
f 2847//114 2830//114 2634//114
f 2847//114 2634//114 2718//114
f 2718//114 2634//114 2633//114
f 2718//114 2633//114 2716//114
f 2992//114 2993//114 2994//114
f 2994//114 2993//114 2995//114
f 2994//114 2995//114 2996//114
f 2997//114 2998//114 2994//114
f 2994//114 2998//114 2999//114
f 2994//114 2999//114 2992//114
f 3000//114 3001//114 2994//114
f 2994//114 3001//114 3002//114
f 2994//114 3002//114 2997//114
f 2996//114 3003//114 2994//114
f 2994//114 3003//114 3004//114
f 2994//114 3004//114 3000//114
f 3005//114 3006//114 3007//114
f 3008//114 3009//114 3007//114
f 3007//114 3009//114 3010//114
f 3007//114 3010//114 3005//114
f 3011//114 3012//114 3007//114
f 3007//114 3012//114 3013//114
f 3007//114 3013//114 3008//114
f 3014//114 3015//114 3007//114
f 3007//114 3015//114 3016//114
f 3007//114 3016//114 3011//114
f 3006//114 3017//114 3007//114
f 3007//114 3017//114 3018//114
f 3007//114 3018//114 3014//114
f 3019//114 3020//114 3021//114
f 3022//114 3023//114 3021//114
f 3021//114 3023//114 3024//114
f 3021//114 3024//114 3019//114
f 3025//114 3026//114 3021//114
f 3021//114 3026//114 3027//114
f 3021//114 3027//114 3022//114
f 3028//114 3029//114 3021//114
f 3021//114 3029//114 3030//114
f 3021//114 3030//114 3025//114
f 3020//114 3031//114 3021//114
f 3021//114 3031//114 3032//114
f 3021//114 3032//114 3028//114
f 3033//114 3034//114 3035//114
f 3035//114 3034//114 3036//114
f 3035//114 3036//114 3037//114
f 3038//114 3039//114 3035//114
f 3035//114 3039//114 3040//114
f 3035//114 3040//114 3033//114
f 3041//114 3042//114 3035//114
f 3035//114 3042//114 3043//114
f 3035//114 3043//114 3038//114
f 3037//114 3044//114 3035//114
f 3035//114 3044//114 3045//114
f 3035//114 3045//114 3041//114
f 3046//114 3047//114 3048//114
f 3049//114 3050//114 3048//114
f 3048//114 3050//114 3051//114
f 3048//114 3051//114 3046//114
f 3052//114 3053//114 3048//114
f 3048//114 3053//114 3054//114
f 3048//114 3054//114 3049//114
f 3055//114 3056//114 3048//114
f 3048//114 3056//114 3057//114
f 3048//114 3057//114 3052//114
f 3047//114 3058//114 3048//114
f 3048//114 3058//114 3059//114
f 3048//114 3059//114 3055//114
f 3060//114 3061//114 3062//114
f 3062//114 3061//114 3063//114
f 3062//114 3063//114 3064//114
f 3065//114 3066//114 3062//114
f 3062//114 3066//114 3067//114
f 3062//114 3067//114 3060//114
f 3068//114 3069//114 3062//114
f 3062//114 3069//114 3070//114
f 3062//114 3070//114 3065//114
f 3064//114 3071//114 3062//114
f 3062//114 3071//114 3072//114
f 3062//114 3072//114 3068//114
f 3073//114 3074//114 3075//114
f 3076//114 3077//114 3075//114
f 3075//114 3077//114 3078//114
f 3075//114 3078//114 3073//114
f 3079//114 3080//114 3075//114
f 3075//114 3080//114 3081//114
f 3075//114 3081//114 3076//114
f 3082//114 3083//114 3075//114
f 3075//114 3083//114 3084//114
f 3075//114 3084//114 3079//114
f 3074//114 3085//114 3075//114
f 3075//114 3085//114 3086//114
f 3075//114 3086//114 3082//114
f 3087//114 3088//114 3089//114
f 3089//114 3088//114 3090//114
f 3089//114 3090//114 3091//114
f 3092//114 3093//114 3089//114
f 3089//114 3093//114 3094//114
f 3089//114 3094//114 3087//114
f 3095//114 3096//114 3089//114
f 3089//114 3096//114 3097//114
f 3089//114 3097//114 3092//114
f 3091//114 3098//114 3089//114
f 3089//114 3098//114 3099//114
f 3089//114 3099//114 3095//114
f 2532//1366 2531//1366 3100//1366
f 2949//1367 3101//1367 3102//1367
f 2949//1367 3102//1367 2947//1367
f 2947//1368 3102//1368 3103//1368
f 2947//1368 3103//1368 2902//1368
f 2902//1369 3103//1369 3104//1369
f 2902//1370 3104//1370 2854//1370
f 3104//1371 3105//1371 2854//1371
f 2854//1372 3105//1372 3106//1372
f 2854//1372 3106//1372 2856//1372
f 2856//1373 3106//1373 3107//1373
f 2856//1373 3107//1373 2935//1373
f 3107//1374 3108//1374 2935//1374
f 2935//1375 3108//1375 3109//1375
f 2935//1376 3109//1376 2936//1376
f 2940//1377 2938//1377 3110//1377
f 3110//1378 2938//1378 2936//1378
f 3110//1378 2936//1378 3111//1378
f 3111//1379 2936//1379 3109//1379
f 2531//1380 2934//1380 3100//1380
f 3100//1381 2934//1381 2944//1381
f 3100//1382 2944//1382 3110//1382
f 3110//1383 2944//1383 2942//1383
f 3110//1384 2942//1384 2940//1384
f 2532//1385 3100//1385 2986//1385
f 2986//1386 3100//1386 3112//1386
f 2986//1387 3112//1387 2838//1387
f 2838//1388 3112//1388 2832//1388
f 2832//1389 3112//1389 3113//1389
f 2832//1390 3113//1390 2833//1390
f 2833//1391 3113//1391 3114//1391
f 2833//1392 3114//1392 2978//1392
f 2978//1393 3114//1393 3115//1393
f 2978//1393 3115//1393 2977//1393
f 2977//1394 3115//1394 3116//1394
f 2977//1394 3116//1394 2976//1394
f 2976//1155 3116//1155 3117//1155
f 2976//1155 3117//1155 2931//1155
f 2931//1395 3117//1395 3118//1395
f 2931//1396 3118//1396 2932//1396
f 3118//1397 3119//1397 2932//1397
f 2932//1398 3119//1398 3120//1398
f 2932//1398 3120//1398 2933//1398
f 2810//1399 2805//1399 3121//1399
f 3121//1400 2805//1400 2929//1400
f 3121//1401 2929//1401 3120//1401
f 3120//1402 2929//1402 2927//1402
f 3120//1403 2927//1403 2933//1403
f 2810//1404 3121//1404 2811//1404
f 2811//1405 3121//1405 3122//1405
f 2811//1406 3122//1406 2727//1406
f 2727//1407 3122//1407 2725//1407
f 2725//1408 3122//1408 3123//1408
f 2725//1409 3123//1409 2747//1409
f 2747//1410 3123//1410 2745//1410
f 2745//1411 3123//1411 3124//1411
f 2745//1412 3124//1412 2772//1412
f 2772//1413 3124//1413 2616//1413
f 2616//1414 3124//1414 3125//1414
f 2616//1415 3125//1415 2617//1415
f 2617//1416 3125//1416 2627//1416
f 2627//1417 3125//1417 3126//1417
f 2627//1418 3126//1418 2663//1418
f 3127//1419 2883//1419 3128//1419
f 3128//1420 2883//1420 2886//1420
f 3128//1421 2886//1421 3129//1421
f 3129//1422 2886//1422 2919//1422
f 3129//1423 2919//1423 3130//1423
f 3130//1424 2919//1424 2925//1424
f 3130//1424 2925//1424 3131//1424
f 3131//1425 2925//1425 2923//1425
f 3131//1425 2923//1425 3132//1425
f 3132//1426 2923//1426 2663//1426
f 3132//1426 2663//1426 3133//1426
f 3133//1427 2663//1427 3126//1427
f 2995//1153 3134//1153 2996//1153
f 2996//1153 3134//1153 3135//1153
f 2996//363 3135//363 3003//363
f 3003//363 3135//363 3136//363
f 3003//1154 3136//1154 3004//1154
f 3004//1154 3136//1154 3137//1154
f 3004//1155 3137//1155 3000//1155
f 3000//1155 3137//1155 3138//1155
f 3000//1156 3138//1156 3001//1156
f 3001//1156 3138//1156 3139//1156
f 3001//1157 3139//1157 3002//1157
f 3002//1157 3139//1157 3140//1157
f 3002//1158 3140//1158 2997//1158
f 2997//1158 3140//1158 3141//1158
f 2997//1159 3141//1159 2998//1159
f 2998//1159 3141//1159 3142//1159
f 2998//1160 3142//1160 2999//1160
f 2999//1160 3142//1160 3143//1160
f 2999//1161 3143//1161 2992//1161
f 2992//1161 3143//1161 3144//1161
f 2992//337 3144//337 2993//337
f 2993//337 3144//337 3145//337
f 2993//1162 3145//1162 2995//1162
f 2995//1162 3145//1162 3134//1162
f 3017//1153 3146//1153 3018//1153
f 3018//364 3146//364 3147//364
f 3018//363 3147//363 3014//363
f 3014//363 3147//363 3148//363
f 3014//362 3148//362 3015//362
f 3015//362 3148//362 3149//362
f 3015//1165 3149//1165 3016//1165
f 3016//1165 3149//1165 3150//1165
f 3016//1156 3150//1156 3011//1156
f 3011//1156 3150//1156 3151//1156
f 3011//1163 3151//1163 3012//1163
f 3012//1163 3151//1163 3152//1163
f 3012//1164 3152//1164 3013//1164
f 3013//1164 3152//1164 3153//1164
f 3013//1159 3153//1159 3008//1159
f 3008//1159 3153//1159 3154//1159
f 3008//1166 3154//1166 3009//1166
f 3009//1166 3154//1166 3155//1166
f 3009//338 3155//338 3010//338
f 3010//338 3155//338 3156//338
f 3010//1428 3156//1428 3005//1428
f 3005//1428 3156//1428 3157//1428
f 3005//1429 3157//1429 3006//1429
f 3006//1429 3157//1429 3158//1429
f 3006//336 3158//336 3017//336
f 3017//1162 3158//1162 3146//1162
f 3023//364 3159//364 3024//364
f 3024//364 3159//364 3160//364
f 3024//1430 3160//1430 3019//1430
f 3019//1430 3160//1430 3161//1430
f 3019//1431 3161//1431 3020//1431
f 3020//1431 3161//1431 3162//1431
f 3020//362 3162//362 3031//362
f 3031//362 3162//362 3163//362
f 3031//1165 3163//1165 3032//1165
f 3032//1165 3163//1165 3164//1165
f 3032//1156 3164//1156 3028//1156
f 3028//1156 3164//1156 3165//1156
f 3028//1163 3165//1163 3029//1163
f 3029//1157 3165//1157 3166//1157
f 3029//1158 3166//1158 3030//1158
f 3030//1164 3166//1164 3167//1164
f 3030//1159 3167//1159 3025//1159
f 3025//1159 3167//1159 3168//1159
f 3025//1166 3168//1166 3026//1166
f 3026//1166 3168//1166 3169//1166
f 3026//338 3169//338 3027//338
f 3027//338 3169//338 3170//338
f 3027//337 3170//337 3022//337
f 3022//337 3170//337 3171//337
f 3022//336 3171//336 3023//336
f 3023//336 3171//336 3159//336
f 3040//364 3172//364 3033//364
f 3033//1153 3172//1153 3173//1153
f 3033//363 3173//363 3034//363
f 3034//363 3173//363 3174//363
f 3034//1154 3174//1154 3036//1154
f 3036//1154 3174//1154 3175//1154
f 3036//1155 3175//1155 3037//1155
f 3037//1155 3175//1155 3176//1155
f 3037//1156 3176//1156 3044//1156
f 3044//1156 3176//1156 3177//1156
f 3044//1157 3177//1157 3045//1157
f 3045//1157 3177//1157 3178//1157
f 3045//1158 3178//1158 3041//1158
f 3041//1158 3178//1158 3179//1158
f 3041//1159 3179//1159 3042//1159
f 3042//1159 3179//1159 3180//1159
f 3042//1160 3180//1160 3043//1160
f 3043//1160 3180//1160 3181//1160
f 3043//1161 3181//1161 3038//1161
f 3038//1161 3181//1161 3182//1161
f 3038//337 3182//337 3039//337
f 3039//337 3182//337 3183//337
f 3039//1162 3183//1162 3040//1162
f 3040//336 3183//336 3172//336
f 3053//364 3184//364 3054//364
f 3054//364 3184//364 3185//364
f 3054//363 3185//363 3049//363
f 3049//363 3185//363 3186//363
f 3049//362 3186//362 3050//362
f 3050//362 3186//362 3187//362
f 3050//1165 3187//1165 3051//1165
f 3051//1165 3187//1165 3188//1165
f 3051//1432 3188//1432 3046//1432
f 3046//1432 3188//1432 3189//1432
f 3046//1433 3189//1433 3047//1433
f 3047//1433 3189//1433 3190//1433
f 3047//1163 3190//1163 3058//1163
f 3058//1157 3190//1157 3191//1157
f 3058//1158 3191//1158 3059//1158
f 3059//1164 3191//1164 3192//1164
f 3059//1159 3192//1159 3055//1159
f 3055//1159 3192//1159 3193//1159
f 3055//1166 3193//1166 3056//1166
f 3056//1166 3193//1166 3194//1166
f 3056//338 3194//338 3057//338
f 3057//338 3194//338 3195//338
f 3057//337 3195//337 3052//337
f 3052//337 3195//337 3196//337
f 3052//336 3196//336 3053//336
f 3053//336 3196//336 3184//336
f 3070//1153 3197//1153 3065//1153
f 3065//1153 3197//1153 3198//1153
f 3065//363 3198//363 3066//363
f 3066//363 3198//363 3199//363
f 3066//1154 3199//1154 3067//1154
f 3067//1154 3199//1154 3200//1154
f 3067//1155 3200//1155 3060//1155
f 3060//1155 3200//1155 3201//1155
f 3060//1156 3201//1156 3061//1156
f 3061//1156 3201//1156 3202//1156
f 3061//1157 3202//1157 3063//1157
f 3063//1157 3202//1157 3203//1157
f 3063//1158 3203//1158 3064//1158
f 3064//1158 3203//1158 3204//1158
f 3064//1159 3204//1159 3071//1159
f 3071//1159 3204//1159 3205//1159
f 3071//1160 3205//1160 3072//1160
f 3072//1160 3205//1160 3206//1160
f 3072//1161 3206//1161 3068//1161
f 3068//1161 3206//1161 3207//1161
f 3068//337 3207//337 3069//337
f 3069//337 3207//337 3208//337
f 3069//1162 3208//1162 3070//1162
f 3070//1162 3208//1162 3197//1162
f 3083//1153 3209//1153 3084//1153
f 3084//364 3209//364 3210//364
f 3084//363 3210//363 3079//363
f 3079//363 3210//363 3211//363
f 3079//362 3211//362 3080//362
f 3080//362 3211//362 3212//362
f 3080//1165 3212//1165 3081//1165
f 3081//1165 3212//1165 3213//1165
f 3081//1156 3213//1156 3076//1156
f 3076//1156 3213//1156 3214//1156
f 3076//1163 3214//1163 3077//1163
f 3077//1163 3214//1163 3215//1163
f 3077//1164 3215//1164 3078//1164
f 3078//1164 3215//1164 3216//1164
f 3078//1434 3216//1434 3073//1434
f 3073//1434 3216//1434 3217//1434
f 3073//1435 3217//1435 3074//1435
f 3074//1435 3217//1435 3218//1435
f 3074//1166 3218//1166 3085//1166
f 3085//1166 3218//1166 3219//1166
f 3085//338 3219//338 3086//338
f 3086//338 3219//338 3220//338
f 3086//337 3220//337 3082//337
f 3082//337 3220//337 3221//337
f 3082//336 3221//336 3083//336
f 3083//1162 3221//1162 3209//1162
f 3099//1153 3222//1153 3095//1153
f 3095//1153 3222//1153 3223//1153
f 3095//363 3223//363 3096//363
f 3096//363 3223//363 3224//363
f 3096//1154 3224//1154 3097//1154
f 3097//1154 3224//1154 3225//1154
f 3097//1155 3225//1155 3092//1155
f 3092//1155 3225//1155 3226//1155
f 3092//1156 3226//1156 3093//1156
f 3093//1156 3226//1156 3227//1156
f 3093//1157 3227//1157 3094//1157
f 3094//1163 3227//1163 3228//1163
f 3094//1164 3228//1164 3087//1164
f 3087//1158 3228//1158 3229//1158
f 3087//1159 3229//1159 3088//1159
f 3088//1159 3229//1159 3230//1159
f 3088//1160 3230//1160 3090//1160
f 3090//1160 3230//1160 3231//1160
f 3090//1161 3231//1161 3091//1161
f 3091//1161 3231//1161 3232//1161
f 3091//337 3232//337 3098//337
f 3098//337 3232//337 3233//337
f 3098//1162 3233//1162 3099//1162
f 3099//1162 3233//1162 3222//1162
f 3117//114 3234//114 3118//114
f 3235//114 3236//114 3237//114
f 3238//114 3239//114 3240//114
f 3239//114 3238//114 3241//114
f 3201//114 3200//114 3239//114
f 3242//114 3243//114 3244//114
f 3244//114 3243//114 3245//114
f 3246//114 3247//114 3248//114
f 3175//114 3174//114 3249//114
f 3106//114 3172//114 3183//114
f 3250//114 3181//114 3251//114
f 3251//114 3181//114 3180//114
f 3251//114 3180//114 3252//114
f 3252//114 3180//114 3179//114
f 3252//114 3179//114 3253//114
f 3253//114 3179//114 3178//114
f 3253//114 3178//114 3254//114
f 3254//114 3178//114 3177//114
f 3254//114 3177//114 3255//114
f 3255//114 3177//114 3176//114
f 3255//114 3176//114 3256//114
f 3106//114 3183//114 3107//114
f 3107//114 3183//114 3182//114
f 3107//114 3182//114 3108//114
f 3108//114 3182//114 3257//114
f 3108//114 3257//114 3109//114
f 3176//114 3175//114 3256//114
f 3256//114 3175//114 3249//114
f 3256//114 3249//114 3258//114
f 3258//114 3249//114 3259//114
f 3258//114 3259//114 3260//114
f 3260//114 3259//114 3261//114
f 3261//114 3259//114 3236//114
f 3261//114 3236//114 3262//114
f 3263//114 3264//114 3137//114
f 3265//114 3263//114 3127//114
f 3235//114 3127//114 3145//114
f 3137//114 3136//114 3263//114
f 3263//114 3136//114 3135//114
f 3263//114 3135//114 3127//114
f 3127//114 3135//114 3134//114
f 3127//114 3134//114 3145//114
f 3145//114 3144//114 3235//114
f 3235//114 3144//114 3143//114
f 3235//114 3143//114 3236//114
f 3143//114 3142//114 3236//114
f 3236//114 3142//114 3141//114
f 3236//114 3141//114 3262//114
f 3262//114 3141//114 3140//114
f 3262//114 3140//114 3266//114
f 3266//114 3140//114 3139//114
f 3266//114 3139//114 3264//114
f 3264//114 3139//114 3138//114
f 3264//114 3138//114 3137//114
f 3127//114 3128//114 3265//114
f 3265//114 3128//114 3267//114
f 3265//114 3267//114 3268//114
f 3268//114 3267//114 3269//114
f 3270//114 3271//114 3272//114
f 3272//114 3271//114 3273//114
f 3272//114 3273//114 3274//114
f 3274//114 3273//114 3275//114
f 3228//114 3273//114 3247//114
f 3276//114 3223//114 3277//114
f 3277//114 3223//114 3222//114
f 3277//114 3222//114 3278//114
f 3228//114 3227//114 3273//114
f 3273//114 3227//114 3226//114
f 3273//114 3226//114 3275//114
f 3275//114 3226//114 3225//114
f 3275//114 3225//114 3276//114
f 3276//114 3225//114 3224//114
f 3276//114 3224//114 3223//114
f 3222//114 3233//114 3278//114
f 3278//114 3233//114 3232//114
f 3278//114 3232//114 3279//114
f 3231//114 3230//114 3247//114
f 3247//114 3230//114 3229//114
f 3247//114 3229//114 3228//114
f 3232//114 3231//114 3279//114
f 3279//114 3231//114 3247//114
f 3279//114 3247//114 3280//114
f 3280//114 3247//114 3246//114
f 3281//114 3282//114 3283//114
f 3283//114 3282//114 3284//114
f 3239//114 3200//114 3282//114
f 3285//114 3286//114 3207//114
f 3200//114 3199//114 3282//114
f 3282//114 3199//114 3198//114
f 3282//114 3198//114 3284//114
f 3284//114 3198//114 3197//114
f 3284//114 3197//114 3286//114
f 3286//114 3197//114 3208//114
f 3286//114 3208//114 3207//114
f 3207//114 3206//114 3285//114
f 3285//114 3206//114 3205//114
f 3285//114 3205//114 3287//114
f 3287//114 3205//114 3204//114
f 3287//114 3204//114 3241//114
f 3241//114 3204//114 3203//114
f 3241//114 3203//114 3239//114
f 3239//114 3203//114 3202//114
f 3239//114 3202//114 3201//114
f 3288//114 3289//114 3290//114
f 3290//114 3289//114 3257//114
f 3290//114 3257//114 3250//114
f 3250//114 3257//114 3182//114
f 3250//114 3182//114 3181//114
f 3172//114 3106//114 3173//114
f 3173//114 3106//114 3105//114
f 3173//114 3105//114 3174//114
f 3174//114 3105//114 3104//114
f 3174//114 3104//114 3249//114
f 3249//114 3104//114 3103//114
f 3249//114 3103//114 3102//114
f 3101//114 3169//114 3102//114
f 3102//114 3169//114 3168//114
f 3102//114 3168//114 3249//114
f 3249//114 3168//114 3167//114
f 3249//114 3167//114 3259//114
f 3259//114 3167//114 3166//114
f 3259//114 3166//114 3165//114
f 3165//114 3164//114 3259//114
f 3259//114 3164//114 3163//114
f 3259//114 3163//114 3236//114
f 3236//114 3163//114 3162//114
f 3236//114 3162//114 3161//114
f 3161//114 3160//114 3236//114
f 3236//114 3160//114 3159//114
f 3236//114 3159//114 3237//114
f 3237//114 3159//114 3171//114
f 3237//114 3171//114 3101//114
f 3101//114 3171//114 3170//114
f 3101//114 3170//114 3169//114
f 3289//114 3194//114 3193//114
f 3195//114 3240//114 3196//114
f 3196//114 3240//114 3112//114
f 3288//114 3238//114 3289//114
f 3289//114 3238//114 3240//114
f 3289//114 3240//114 3194//114
f 3194//114 3240//114 3195//114
f 3190//114 3257//114 3191//114
f 3191//114 3257//114 3289//114
f 3191//114 3289//114 3192//114
f 3192//114 3289//114 3193//114
f 3190//114 3189//114 3257//114
f 3257//114 3189//114 3188//114
f 3257//114 3188//114 3187//114
f 3109//114 3257//114 3111//114
f 3111//114 3257//114 3187//114
f 3111//114 3187//114 3110//114
f 3110//114 3187//114 3186//114
f 3110//114 3186//114 3100//114
f 3100//114 3186//114 3185//114
f 3100//114 3185//114 3112//114
f 3112//114 3185//114 3184//114
f 3112//114 3184//114 3196//114
f 3234//114 3117//114 3282//114
f 3117//114 3116//114 3282//114
f 3282//114 3116//114 3115//114
f 3282//114 3115//114 3239//114
f 3239//114 3115//114 3114//114
f 3239//114 3114//114 3240//114
f 3240//114 3114//114 3113//114
f 3240//114 3113//114 3112//114
f 3210//114 3248//114 3211//114
f 3211//114 3248//114 3121//114
f 3245//114 3246//114 3244//114
f 3244//114 3246//114 3248//114
f 3244//114 3248//114 3209//114
f 3209//114 3248//114 3210//114
f 3209//114 3221//114 3244//114
f 3244//114 3221//114 3220//114
f 3244//114 3220//114 3219//114
f 3120//114 3213//114 3121//114
f 3121//114 3213//114 3212//114
f 3121//114 3212//114 3211//114
f 3281//114 3242//114 3282//114
f 3282//114 3242//114 3244//114
f 3282//114 3244//114 3234//114
f 3234//114 3244//114 3219//114
f 3234//114 3219//114 3218//114
f 3218//114 3217//114 3234//114
f 3234//114 3217//114 3216//114
f 3234//114 3216//114 3215//114
f 3118//114 3234//114 3119//114
f 3119//114 3234//114 3215//114
f 3119//114 3215//114 3120//114
f 3120//114 3215//114 3214//114
f 3120//114 3214//114 3213//114
f 3133//114 3126//114 3271//114
f 3271//114 3126//114 3125//114
f 3271//114 3125//114 3273//114
f 3273//114 3125//114 3124//114
f 3273//114 3124//114 3247//114
f 3247//114 3124//114 3123//114
f 3247//114 3123//114 3248//114
f 3248//114 3123//114 3122//114
f 3248//114 3122//114 3121//114
f 3267//114 3151//114 3150//114
f 3270//114 3149//114 3148//114
f 3272//114 3269//114 3270//114
f 3270//114 3269//114 3267//114
f 3270//114 3267//114 3149//114
f 3149//114 3267//114 3150//114
f 3148//114 3147//114 3270//114
f 3270//114 3147//114 3146//114
f 3270//114 3146//114 3271//114
f 3271//114 3146//114 3158//114
f 3128//114 3129//114 3267//114
f 3267//114 3129//114 3130//114
f 3267//114 3130//114 3151//114
f 3158//114 3157//114 3271//114
f 3271//114 3157//114 3156//114
f 3271//114 3156//114 3133//114
f 3133//114 3156//114 3155//114
f 3133//114 3155//114 3132//114
f 3132//114 3155//114 3154//114
f 3132//114 3154//114 3131//114
f 3131//114 3154//114 3153//114
f 3131//114 3153//114 3130//114
f 3130//114 3153//114 3152//114
f 3130//114 3152//114 3151//114
f 3242//1436 3281//1436 2475//1436
f 2475//1211 3281//1211 3283//1211
f 2475//1211 3283//1211 2477//1211
f 2477//1210 3283//1210 3284//1210
f 2477//1210 3284//1210 2479//1210
f 2479//1209 3284//1209 3286//1209
f 2479//1209 3286//1209 2481//1209
f 2481//1208 3286//1208 3285//1208
f 2481//1208 3285//1208 2483//1208
f 2483//1207 3285//1207 3287//1207
f 2483//1207 3287//1207 2485//1207
f 2485//1206 3287//1206 3241//1206
f 2485//1206 3241//1206 2487//1206
f 2487//1205 3241//1205 3238//1205
f 2487//1205 3238//1205 2489//1205
f 2489//1204 3238//1204 3288//1204
f 2489//1204 3288//1204 2491//1204
f 2491//1203 3288//1203 3290//1203
f 2491//1203 3290//1203 2493//1203
f 2493//1202 3290//1202 3250//1202
f 2493//1202 3250//1202 2495//1202
f 2495//1201 3250//1201 3251//1201
f 2495//1201 3251//1201 2428//1201
f 2428//1200 3251//1200 3252//1200
f 2428//1200 3252//1200 2429//1200
f 2429//1222 3252//1222 3253//1222
f 2429//1437 3253//1437 2431//1437
f 3253//1220 3254//1220 2431//1220
f 2431//1199 3254//1199 3255//1199
f 2431//1199 3255//1199 2433//1199
f 2433//1198 3255//1198 3256//1198
f 2433//1198 3256//1198 2435//1198
f 2435//1197 3256//1197 3258//1197
f 2435//1197 3258//1197 2437//1197
f 2437//1196 3258//1196 3260//1196
f 2437//1196 3260//1196 2439//1196
f 2439//1195 3260//1195 3261//1195
f 2439//1195 3261//1195 2441//1195
f 2441//1194 3261//1194 3262//1194
f 2441//1194 3262//1194 2443//1194
f 2443//1193 3262//1193 3266//1193
f 2443//1193 3266//1193 2445//1193
f 2445//1192 3266//1192 3264//1192
f 2445//1192 3264//1192 2447//1192
f 2447//1191 3264//1191 3263//1191
f 2447//1191 3263//1191 2449//1191
f 2449//1190 3263//1190 3265//1190
f 2449//1190 3265//1190 2451//1190
f 2451//1189 3265//1189 3268//1189
f 2451//1189 3268//1189 2453//1189
f 2453//1188 3268//1188 3269//1188
f 2453//1188 3269//1188 2455//1188
f 2455//1187 3269//1187 3272//1187
f 2455//1187 3272//1187 2457//1187
f 2457//1186 3272//1186 3274//1186
f 2457//1186 3274//1186 2459//1186
f 2459//1185 3274//1185 3275//1185
f 2459//1185 3275//1185 2461//1185
f 2461//1184 3275//1184 3276//1184
f 2461//1184 3276//1184 2463//1184
f 2463//1183 3276//1183 3277//1183
f 2463//1183 3277//1183 2465//1183
f 2465//1216 3277//1216 3278//1216
f 2465//1216 3278//1216 2467//1216
f 2467//1215 3278//1215 3279//1215
f 2467//1215 3279//1215 2469//1215
f 2469//1214 3279//1214 3280//1214
f 2469//1214 3280//1214 2471//1214
f 2471//1213 3280//1213 3246//1213
f 2471//1213 3246//1213 2473//1213
f 2473//1438 3246//1438 3245//1438
f 2473//1439 3245//1439 2475//1439
f 2475//1440 3245//1440 3243//1440
f 2475//1441 3243//1441 3242//1441
f 3101//1161 2949//1161 2948//1161
f 2883//1161 3127//1161 2884//1161
f 2884//1161 3127//1161 3235//1161
f 2884//1161 3235//1161 2961//1161
f 2955//1161 3237//1161 2953//1161
f 2953//1161 3237//1161 3101//1161
f 2953//338 3101//338 2951//338
f 2951//1161 3101//1161 2948//1161
f 2955//1161 2957//1161 3237//1161
f 3237//1161 2957//1161 2959//1161
f 3237//1161 2959//1161 3235//1161
f 3235//1161 2959//1161 2962//1161
f 3235//1161 2962//1161 2961//1161
f 3291//1158 3292//1158 2573//1158
f 2573//1158 3292//1158 2574//1158
f 3292//1155 3293//1155 2574//1155
f 2574//1155 3293//1155 2583//1155
f 3293//1153 3294//1153 2583//1153
f 2583//1153 3294//1153 2576//1153
f 3294//1161 3291//1161 2576//1161
f 2576//1161 3291//1161 2573//1161
f 3294//114 3293//114 3291//114
f 3291//114 3293//114 3292//114
f 3295//1158 3296//1158 2581//1158
f 2581//1158 3296//1158 2570//1158
f 3296//1155 3297//1155 2570//1155
f 2570//1155 3297//1155 2571//1155
f 3297//1153 3298//1153 2571//1153
f 2571//1153 3298//1153 2582//1153
f 3298//1161 3295//1161 2582//1161
f 2582//1161 3295//1161 2581//1161
f 3298//114 3297//114 3295//114
f 3295//114 3297//114 3296//114
f 3299//1158 3300//1158 2771//1158
f 2771//1158 3300//1158 2549//1158
f 3300//1155 3301//1155 2549//1155
f 2549//1155 3301//1155 2550//1155
f 3301//1153 3302//1153 2550//1153
f 2550//1153 3302//1153 2781//1153
f 3302//1161 3299//1161 2781//1161
f 2781//1161 3299//1161 2771//1161
f 3302//114 3301//114 3299//114
f 3299//114 3301//114 3300//114
f 3303//1158 3304//1158 2754//1158
f 2754//1158 3304//1158 2755//1158
f 3304//1155 3305//1155 2755//1155
f 2755//1155 3305//1155 2567//1155
f 3305//1153 3306//1153 2567//1153
f 2567//1153 3306//1153 2568//1153
f 3306//1161 3303//1161 2568//1161
f 2568//1161 3303//1161 2754//1161
f 3306//114 3305//114 3303//114
f 3303//114 3305//114 3304//114
f 3307//1158 3308//1158 2595//1158
f 2595//1158 3308//1158 2605//1158
f 3308//1155 3309//1155 2605//1155
f 2605//1155 3309//1155 2606//1155
f 3309//1153 3310//1153 2606//1153
f 2606//1153 3310//1153 2593//1153
f 3310//1161 3307//1161 2593//1161
f 2593//1161 3307//1161 2595//1161
f 3310//114 3309//114 3307//114
f 3307//114 3309//114 3308//114
f 3311//1158 3312//1158 2603//1158
f 2603//1158 3312//1158 2600//1158
f 3312//1155 3313//1155 2600//1155
f 2600//1155 3313//1155 2601//1155
f 3313//1153 3314//1153 2601//1153
f 2601//1153 3314//1153 2602//1153
f 3314//1161 3311//1161 2602//1161
f 2602//1161 3311//1161 2603//1161
f 3314//114 3313//114 3311//114
f 3311//114 3313//114 3312//114
f 3315//1158 3316//1158 2611//1158
f 2611//1158 3316//1158 2778//1158
f 2778//1155 3316//1155 2625//1155
f 2625//1155 3316//1155 3317//1155
f 2625//1155 3317//1155 2619//1155
f 2619//1153 3317//1153 2618//1153
f 2618//1153 3317//1153 3318//1153
f 2618//1153 3318//1153 2612//1153
f 3318//1161 3315//1161 2612//1161
f 2612//1161 3315//1161 2611//1161
f 3318//114 3317//114 3315//114
f 3315//114 3317//114 3316//114
f 3319//1158 3320//1158 2630//1158
f 2630//1158 3320//1158 2632//1158
f 3320//1155 3321//1155 2632//1155
f 2632//1155 3321//1155 2563//1155
f 3321//1153 3322//1153 2563//1153
f 2563//1153 3322//1153 2561//1153
f 3322//1161 3319//1161 2561//1161
f 2561//1161 3319//1161 2630//1161
f 3322//114 3321//114 3319//114
f 3319//114 3321//114 3320//114
f 3323//1158 3324//1158 2636//1158
f 2636//1158 3324//1158 2702//1158
f 3324//1155 3325//1155 2702//1155
f 2702//1155 3325//1155 2649//1155
f 3325//1153 3326//1153 2649//1153
f 2649//1153 3326//1153 2635//1153
f 3326//1161 3323//1161 2635//1161
f 2635//1161 3323//1161 2636//1161
f 3326//114 3325//114 3323//114
f 3323//114 3325//114 3324//114
f 3327//1158 3328//1158 2655//1158
f 2655//1158 3328//1158 2680//1158
f 3328//1155 3329//1155 2680//1155
f 2680//1155 3329//1155 2703//1155
f 3329//1153 3330//1153 2703//1153
f 2703//1153 3330//1153 2656//1153
f 3330//1161 3327//1161 2656//1161
f 2656//1161 3327//1161 2655//1161
f 3330//114 3329//114 3327//114
f 3327//114 3329//114 3328//114
f 3331//1158 3332//1158 2776//1158
f 2776//1158 3332//1158 2660//1158
f 3332//1155 3333//1155 2660//1155
f 2660//1155 3333//1155 2662//1155
f 3334//1153 2623//1153 3333//1153
f 3333//1442 2623//1442 2621//1442
f 3333//1153 2621//1153 2662//1153
f 3334//1161 3331//1161 2623//1161
f 2623//1161 3331//1161 2776//1161
f 3334//114 3333//114 3331//114
f 3331//114 3333//114 3332//114
f 3335//1158 3336//1158 2642//1158
f 2642//1158 3336//1158 2645//1158
f 3336//1155 3337//1155 2645//1155
f 2645//1155 3337//1155 2646//1155
f 3337//1153 3338//1153 2646//1153
f 2646//1153 3338//1153 2641//1153
f 3338//1161 3335//1161 2641//1161
f 2641//1161 3335//1161 2642//1161
f 3338//114 3337//114 3335//114
f 3335//114 3337//114 3336//114
f 3339//1158 3340//1158 2669//1158
f 2669//1158 3340//1158 2685//1158
f 3340//1155 3341//1155 2685//1155
f 2685//1155 3341//1155 2906//1155
f 3341//1153 3342//1153 2906//1153
f 2906//1153 3342//1153 2668//1153
f 3342//1161 3339//1161 2668//1161
f 2668//1161 3339//1161 2669//1161
f 3342//114 3341//114 3339//114
f 3339//114 3341//114 3340//114
f 3343//1158 3344//1158 2677//1158
f 2677//1158 3344//1158 2684//1158
f 3344//1155 3345//1155 2684//1155
f 2684//1155 3345//1155 2679//1155
f 3345//1153 3346//1153 2679//1153
f 2679//1153 3346//1153 2678//1153
f 3346//1161 3343//1161 2678//1161
f 2678//1161 3343//1161 2677//1161
f 3346//114 3345//114 3343//114
f 3343//114 3345//114 3344//114
f 3347//1158 3348//1158 2921//1158
f 2921//1158 3348//1158 2920//1158
f 3348//1155 3349//1155 2920//1155
f 2920//1155 3349//1155 2924//1155
f 3349//1153 3350//1153 2924//1153
f 2924//1153 3350//1153 2922//1153
f 3350//1161 3347//1161 2922//1161
f 2922//1161 3347//1161 2921//1161
f 3350//114 3349//114 3347//114
f 3347//114 3349//114 3348//114
f 3351//1158 3352//1158 2558//1158
f 2558//1158 3352//1158 2559//1158
f 3352//1155 3353//1155 2559//1155
f 2559//1155 3353//1155 2686//1155
f 3353//1153 3354//1153 2686//1153
f 2686//1153 3354//1153 2672//1153
f 3354//1161 3351//1161 2672//1161
f 2672//1161 3351//1161 2558//1161
f 3354//114 3353//114 3351//114
f 3351//114 3353//114 3352//114
f 3355//1158 3356//1158 2696//1158
f 2696//1158 3356//1158 2695//1158
f 3356//1155 3357//1155 2695//1155
f 2695//1155 3357//1155 2638//1155
f 3357//1153 3358//1153 2638//1153
f 2638//1153 3358//1153 2639//1153
f 3358//1161 3355//1161 2639//1161
f 2639//1161 3355//1161 2696//1161
f 3358//114 3357//114 3355//114
f 3355//114 3357//114 3356//114
f 3359//1158 3360//1158 2693//1158
f 2693//1158 3360//1158 2704//1158
f 3360//1155 3361//1155 2704//1155
f 2704//1155 3361//1155 2637//1155
f 3361//1153 3362//1153 2637//1153
f 2637//1153 3362//1153 2692//1153
f 3362//1161 3359//1161 2692//1161
f 2692//1161 3359//1161 2693//1161
f 3362//114 3361//114 3359//114
f 3359//114 3361//114 3360//114
f 3363//1158 3364//1158 2614//1158
f 2614//1158 3364//1158 2658//1158
f 3364//1155 3365//1155 2658//1155
f 2658//1155 3365//1155 2777//1155
f 3365//1153 3366//1153 2777//1153
f 2777//1153 3366//1153 2613//1153
f 3366//1161 3363//1161 2613//1161
f 2613//1161 3363//1161 2614//1161
f 3366//114 3365//114 3363//114
f 3363//114 3365//114 3364//114
f 3367//1158 3368//1158 2640//1158
f 2640//1158 3368//1158 2644//1158
f 3368//1155 3369//1155 2644//1155
f 2644//1155 3369//1155 2643//1155
f 3369//1153 3370//1153 2643//1153
f 2643//1153 3370//1153 2657//1153
f 3370//1161 3367//1161 2657//1161
f 2657//1161 3367//1161 2640//1161
f 3370//114 3369//114 3367//114
f 3367//114 3369//114 3368//114
f 3371//1158 3372//1158 2687//1158
f 2687//1158 3372//1158 2667//1158
f 3372//1155 3373//1155 2667//1155
f 2667//1155 3373//1155 2673//1155
f 3373//1153 3374//1153 2673//1153
f 2673//1153 3374//1153 2674//1153
f 3374//1161 3371//1161 2674//1161
f 2674//1161 3371//1161 2687//1161
f 3374//114 3373//114 3371//114
f 3371//114 3373//114 3372//114
f 3375//1158 3376//1158 2676//1158
f 2676//1158 3376//1158 2699//1158
f 3376//1155 3377//1155 2699//1155
f 2699//1155 3377//1155 2700//1155
f 3377//1153 3378//1153 2700//1153
f 2700//1153 3378//1153 2705//1153
f 3378//1161 3375//1161 2705//1161
f 2705//1161 3375//1161 2676//1161
f 3378//114 3377//114 3375//114
f 3375//114 3377//114 3376//114
f 3379//1158 3380//1158 2666//1158
f 2666//1158 3380//1158 2713//1158
f 3380//1155 3381//1155 2713//1155
f 2713//1155 3381//1155 2664//1155
f 3381//1153 3382//1153 2664//1153
f 2664//1153 3382//1153 2665//1153
f 3382//1161 3379//1161 2665//1161
f 2665//1161 3379//1161 2666//1161
f 3382//114 3381//114 3379//114
f 3379//114 3381//114 3380//114
f 3383//1158 3384//1158 2717//1158
f 2717//1158 3384//1158 2670//1158
f 3384//1155 3385//1155 2670//1155
f 2670//1155 3385//1155 2671//1155
f 3385//1153 3386//1153 2671//1153
f 2671//1153 3386//1153 2715//1153
f 3386//1161 3383//1161 2715//1161
f 2715//1161 3383//1161 2717//1161
f 3386//114 3385//114 3383//114
f 3383//114 3385//114 3384//114
f 3387//1158 3388//1158 2972//1158
f 2972//1158 3388//1158 2577//1158
f 3388//1155 3389//1155 2577//1155
f 2577//1155 3389//1155 2589//1155
f 3389//1153 3390//1153 2589//1153
f 2589//1153 3390//1153 2587//1153
f 3390//1161 3387//1161 2587//1161
f 2587//1161 3387//1161 2972//1161
f 3390//114 3389//114 3387//114
f 3387//114 3389//114 3388//114
f 3391//1158 3392//1158 2724//1158
f 2724//1158 3392//1158 2554//1158
f 3392//1155 3393//1155 2554//1155
f 2554//1155 3393//1155 2552//1155
f 3393//1153 3394//1153 2552//1153
f 2552//1153 3394//1153 2723//1153
f 3394//1161 3391//1161 2723//1161
f 2723//1161 3391//1161 2724//1161
f 3394//114 3393//114 3391//114
f 3391//114 3393//114 3392//114
f 3395//1158 3396//1158 2751//1158
f 2751//1158 3396//1158 2743//1158
f 3396//1155 3397//1155 2743//1155
f 2743//1155 3397//1155 2744//1155
f 3397//1153 3398//1153 2744//1153
f 2744//1153 3398//1153 2756//1153
f 3398//1161 3395//1161 2756//1161
f 2756//1161 3395//1161 2751//1161
f 3398//114 3397//114 3395//114
f 3395//114 3397//114 3396//114
f 3399//1158 3400//1158 2588//1158
f 2588//1158 3400//1158 2590//1158
f 2590//1155 3400//1155 2753//1155
f 2753//1155 3400//1155 3401//1155
f 2753//1155 3401//1155 2752//1155
f 3402//1153 2738//1153 3401//1153
f 3401//1443 2738//1443 2731//1443
f 3401//1153 2731//1153 2752//1153
f 3402//1161 3399//1161 2738//1161
f 2738//1161 3399//1161 2588//1161
f 3402//114 3401//114 3399//114
f 3399//114 3401//114 3400//114
f 3403//1158 3404//1158 2709//1158
f 2709//1158 3404//1158 2594//1158
f 3404//1155 3405//1155 2594//1155
f 2594//1155 3405//1155 2592//1155
f 3405//1153 3406//1153 2592//1153
f 2592//1153 3406//1153 2599//1153
f 3406//1161 3403//1161 2599//1161
f 2599//1161 3403//1161 2709//1161
f 3406//114 3405//114 3403//114
f 3403//114 3405//114 3404//114
f 3407//1158 3408//1158 2598//1158
f 2598//1158 3408//1158 2564//1158
f 3408//1155 3409//1155 2564//1155
f 2564//1155 3409//1155 2565//1155
f 3409//1153 3410//1153 2565//1153
f 2565//1153 3410//1153 2597//1153
f 3410//1161 3407//1161 2597//1161
f 2597//1161 3407//1161 2598//1161
f 3410//114 3409//114 3407//114
f 3407//114 3409//114 3408//114
f 3411//1158 3412//1158 2775//1158
f 2775//1158 3412//1158 2780//1158
f 2780//1155 3412//1155 2609//1155
f 2609//1155 3412//1155 3413//1155
f 2609//1155 3413//1155 2610//1155
f 2610//1153 3413//1153 2773//1153
f 2773//1153 3413//1153 3414//1153
f 2773//1153 3414//1153 2774//1153
f 3414//1161 3411//1161 2774//1161
f 2774//1161 3411//1161 2775//1161
f 3414//114 3413//114 3411//114
f 3411//114 3413//114 3412//114
f 3415//1158 3416//1158 2761//1158
f 2761//1158 3416//1158 2822//1158
f 3416//1155 3417//1155 2822//1155
f 2822//1155 3417//1155 2762//1155
f 3417//1153 3418//1153 2762//1153
f 2762//1153 3418//1153 2760//1153
f 3418//1161 3415//1161 2760//1161
f 2760//1161 3415//1161 2761//1161
f 3418//114 3417//114 3415//114
f 3415//114 3417//114 3416//114
f 3419//1158 3420//1158 2788//1158
f 2788//1158 3420//1158 2787//1158
f 3420//1155 3421//1155 2787//1155
f 2787//1155 3421//1155 2973//1155
f 3421//1153 3422//1153 2973//1153
f 2973//1153 3422//1153 2793//1153
f 3422//1161 3419//1161 2793//1161
f 2793//1161 3419//1161 2788//1161
f 3422//114 3421//114 3419//114
f 3419//114 3421//114 3420//114
f 3423//1158 3424//1158 2795//1158
f 2795//1158 3424//1158 2720//1158
f 3424//1155 3425//1155 2720//1155
f 2720//1155 3425//1155 2721//1155
f 3425//1153 3426//1153 2721//1153
f 2721//1153 3426//1153 2789//1153
f 3426//1161 3423//1161 2789//1161
f 2789//1161 3423//1161 2795//1161
f 3426//114 3425//114 3423//114
f 3423//114 3425//114 3424//114
f 3427//1158 3428//1158 2741//1158
f 2741//1158 3428//1158 2740//1158
f 3428//1155 3429//1155 2740//1155
f 2740//1155 3429//1155 2732//1155
f 3429//1153 3430//1153 2732//1153
f 2732//1153 3430//1153 2733//1153
f 3430//1161 3427//1161 2733//1161
f 2733//1161 3427//1161 2741//1161
f 3430//114 3429//114 3427//114
f 3427//114 3429//114 3428//114
f 3431//1158 3432//1158 2803//1158
f 2803//1158 3432//1158 2737//1158
f 3432//1155 3433//1155 2737//1155
f 2737//1155 3433//1155 2739//1155
f 3434//1153 2799//1153 3433//1153
f 3433//1444 2799//1444 2742//1444
f 3433//1153 2742//1153 2739//1153
f 3434//1161 3431//1161 2799//1161
f 2799//1161 3431//1161 2803//1161
f 3434//114 3433//114 3431//114
f 3431//114 3433//114 3432//114
f 3435//1158 3436//1158 2764//1158
f 2764//1158 3436//1158 2763//1158
f 3436//1155 3437//1155 2763//1155
f 2763//1155 3437//1155 2768//1155
f 3437//1153 3438//1153 2768//1153
f 2768//1153 3438//1153 2814//1153
f 3438//1161 3435//1161 2814//1161
f 2814//1161 3435//1161 2764//1161
f 3438//114 3437//114 3435//114
f 3435//114 3437//114 3436//114
f 3439//1158 3440//1158 2767//1158
f 2767//1158 3440//1158 2765//1158
f 3440//1155 3441//1155 2765//1155
f 2765//1155 3441//1155 2766//1155
f 3441//1153 3442//1153 2766//1153
f 2766//1153 3442//1153 2796//1153
f 3442//1161 3439//1161 2796//1161
f 2796//1161 3439//1161 2767//1161
f 3442//114 3441//114 3439//114
f 3439//114 3441//114 3440//114
f 3443//1158 3444//1158 2750//1158
f 2750//1158 3444//1158 2757//1158
f 2757//1155 3444//1155 2758//1155
f 2758//1155 3444//1155 3445//1155
f 2758//1155 3445//1155 2770//1155
f 2770//1153 3445//1153 2769//1153
f 2769//1153 3445//1153 3446//1153
f 2769//1153 3446//1153 2749//1153
f 3446//1161 3443//1161 2749//1161
f 2749//1161 3443//1161 2750//1161
f 3446//114 3445//114 3443//114
f 3443//114 3445//114 3444//114
f 3447//1158 3448//1158 2820//1158
f 2820//1158 3448//1158 2786//1158
f 3448//1155 3449//1155 2786//1155
f 2786//1155 3449//1155 2759//1155
f 3449//1153 3450//1153 2759//1153
f 2759//1153 3450//1153 2819//1153
f 3450//1161 3447//1161 2819//1161
f 2819//1161 3447//1161 2820//1161
f 3450//114 3449//114 3447//114
f 3447//114 3449//114 3448//114
f 3451//1158 3452//1158 2826//1158
f 2826//1158 3452//1158 2824//1158
f 3452//1155 3453//1155 2824//1155
f 2824//1155 3453//1155 2784//1155
f 3453//1153 3454//1153 2784//1153
f 2784//1153 3454//1153 2785//1153
f 3454//1161 3451//1161 2785//1161
f 2785//1161 3451//1161 2826//1161
f 3454//114 3453//114 3451//114
f 3451//114 3453//114 3452//114
f 3455//1158 3456//1158 2828//1158
f 2828//1158 3456//1158 2829//1158
f 3456//1155 3457//1155 2829//1155
f 2829//1155 3457//1155 2628//1155
f 3457//1153 3458//1153 2628//1153
f 2628//1153 3458//1153 2629//1153
f 3458//1161 3455//1161 2629//1161
f 2629//1161 3455//1161 2828//1161
f 3458//114 3457//114 3455//114
f 3455//114 3457//114 3456//114
f 3459//1158 3460//1158 2831//1158
f 2831//1158 3460//1158 2836//1158
f 3460//1155 3461//1155 2836//1155
f 2836//1155 3461//1155 2543//1155
f 3461//1153 3462//1153 2543//1153
f 2543//1153 3462//1153 2544//1153
f 3462//1161 3459//1161 2544//1161
f 2544//1161 3459//1161 2831//1161
f 3462//114 3461//114 3459//114
f 3459//114 3461//114 3460//114
f 3463//1158 3464//1158 2547//1158
f 2547//1158 3464//1158 2981//1158
f 3464//1155 3465//1155 2981//1155
f 2981//1155 3465//1155 2821//1155
f 3465//1153 3466//1153 2821//1153
f 2821//1153 3466//1153 2546//1153
f 3466//1161 3463//1161 2546//1161
f 2546//1161 3463//1161 2547//1161
f 3466//114 3465//114 3463//114
f 3463//114 3465//114 3464//114
f 3467//1158 3468//1158 2843//1158
f 2843//1158 3468//1158 2841//1158
f 3468//1155 3469//1155 2841//1155
f 2841//1155 3469//1155 2719//1155
f 3469//1153 3470//1153 2719//1153
f 2719//1153 3470//1153 2848//1153
f 3470//1161 3467//1161 2848//1161
f 2848//1161 3467//1161 2843//1161
f 3470//114 3469//114 3467//114
f 3467//114 3469//114 3468//114
f 3471//1158 3472//1158 2851//1158
f 2851//1158 3472//1158 2850//1158
f 3472//1155 3473//1155 2850//1155
f 2850//1155 3473//1155 2846//1155
f 3473//1153 3474//1153 2846//1153
f 2846//1153 3474//1153 2847//1153
f 3474//1161 3471//1161 2847//1161
f 2847//1161 3471//1161 2851//1161
f 3474//114 3473//114 3471//114
f 3471//114 3473//114 3472//114
f 3475//1158 3476//1158 2808//1158
f 2808//1158 3476//1158 2813//1158
f 2813//1155 3476//1155 2735//1155
f 2735//1155 3476//1155 3477//1155
f 2735//1155 3477//1155 2726//1155
f 2726//1153 3477//1153 2728//1153
f 2728//1153 3477//1153 3478//1153
f 2728//1153 3478//1153 2809//1153
f 3478//1161 3475//1161 2809//1161
f 2809//1161 3475//1161 2808//1161
f 3478//114 3477//114 3475//114
f 3475//114 3477//114 3476//114
f 3479//1158 3480//1158 2855//1158
f 2855//1158 3480//1158 2853//1158
f 3480//1155 3481//1155 2853//1155
f 2853//1155 3481//1155 2898//1155
f 3481//1153 3482//1153 2898//1153
f 2898//1153 3482//1153 2899//1153
f 3482//1161 3479//1161 2899//1161
f 2899//1161 3479//1161 2855//1161
f 3482//114 3481//114 3479//114
f 3479//114 3481//114 3480//114
f 3483//1158 3484//1158 2979//1158
f 2979//1158 3484//1158 2861//1158
f 3484//1155 3485//1155 2861//1155
f 2861//1155 3485//1155 2860//1155
f 3485//1153 3486//1153 2860//1153
f 2860//1153 3486//1153 2859//1153
f 3486//1161 3483//1161 2859//1161
f 2859//1161 3483//1161 2979//1161
f 3486//114 3485//114 3483//114
f 3483//114 3485//114 3484//114
f 3487//1158 3488//1158 2734//1158
f 2734//1158 3488//1158 2729//1158
f 2729//1155 3488//1155 2730//1155
f 2730//1155 3488//1155 3489//1155
f 2730//1155 3489//1155 2746//1155
f 2746//1153 3489//1153 2748//1153
f 2748//1153 3489//1153 3490//1153
f 2748//1153 3490//1153 2736//1153
f 3490//1161 3487//1161 2736//1161
f 2736//1161 3487//1161 2734//1161
f 3490//114 3489//114 3487//114
f 3487//114 3489//114 3488//114
f 2866//1158 2865//1158 3491//1158
f 2866//1158 3491//1158 2868//1158
f 2868//1445 3491//1445 2870//1445
f 2870//1158 3491//1158 3492//1158
f 2870//1158 3492//1158 2877//1158
f 3492//1155 3493//1155 2877//1155
f 2877//1155 3493//1155 2540//1155
f 3493//1153 3494//1153 2540//1153
f 2540//1153 3494//1153 2541//1153
f 3494//1161 3491//1161 2541//1161
f 2541//1161 3491//1161 2865//1161
f 3494//114 3493//114 3491//114
f 3491//114 3493//114 3492//114
f 3495//1158 3496//1158 2872//1158
f 2872//1158 3496//1158 2816//1158
f 3496//1155 3497//1155 2816//1155
f 2816//1155 3497//1155 2817//1155
f 2817//364 3497//364 2876//364
f 2876//1153 3497//1153 3498//1153
f 2876//1153 3498//1153 2871//1153
f 3498//1161 3495//1161 2871//1161
f 2871//1161 3495//1161 2872//1161
f 3498//114 3497//114 3495//114
f 3495//114 3497//114 3496//114
f 3499//1158 3500//1158 2807//1158
f 2807//1158 3500//1158 2802//1158
f 3500//1155 3501//1155 2802//1155
f 2802//1155 3501//1155 2801//1155
f 3501//1153 3502//1153 2801//1153
f 2801//1153 3502//1153 2806//1153
f 3502//1161 3499//1161 2806//1161
f 2806//1161 3499//1161 2807//1161
f 3502//114 3501//114 3499//114
f 3499//114 3501//114 3500//114
f 3503//1158 3504//1158 2800//1158
f 2800//1158 3504//1158 2798//1158
f 3504//1155 3505//1155 2798//1155
f 2798//1155 3505//1155 2797//1155
f 3505//1153 3506//1153 2797//1153
f 2797//1153 3506//1153 2812//1153
f 3506//1161 3503//1161 2812//1161
f 2812//1161 3503//1161 2800//1161
f 3506//114 3505//114 3503//114
f 3503//114 3505//114 3504//114
f 3507//1158 3508//1158 2537//1158
f 2537//1158 3508//1158 2538//1158
f 3508//1155 3509//1155 2538//1155
f 2538//1155 3509//1155 2873//1155
f 3509//1153 3510//1153 2873//1153
f 2873//1153 3510//1153 2874//1153
f 3510//1161 3507//1161 2874//1161
f 2874//1161 3507//1161 2537//1161
f 3510//114 3509//114 3507//114
f 3507//114 3509//114 3508//114
f 3511//1158 3512//1158 2791//1158
f 2791//1158 3512//1158 2792//1158
f 3512//1155 3513//1155 2792//1155
f 2792//1155 3513//1155 2794//1155
f 3513//1153 3514//1153 2794//1153
f 2794//1153 3514//1153 2878//1153
f 3514//1161 3511//1161 2878//1161
f 2878//1161 3511//1161 2791//1161
f 3514//114 3513//114 3511//114
f 3511//114 3513//114 3512//114
f 3515//1158 3516//1158 2887//1158
f 2887//1158 3516//1158 2889//1158
f 3516//1155 3517//1155 2889//1155
f 2889//1155 3517//1155 2651//1155
f 3517//1153 3518//1153 2651//1153
f 2651//1153 3518//1153 2652//1153
f 3518//1161 3515//1161 2652//1161
f 2652//1161 3515//1161 2887//1161
f 3518//114 3517//114 3515//114
f 3515//114 3517//114 3516//114
f 3519//1158 3520//1158 2969//1158
f 2969//1158 3520//1158 2970//1158
f 3520//1155 3521//1155 2970//1155
f 2970//1155 3521//1155 2967//1155
f 3521//1153 3522//1153 2967//1153
f 2967//1153 3522//1153 2968//1153
f 3522//1161 3519//1161 2968//1161
f 2968//1161 3519//1161 2969//1161
f 3522//114 3521//114 3519//114
f 3519//114 3521//114 3520//114
f 3523//1158 3524//1158 2880//1158
f 2880//1158 3524//1158 2881//1158
f 3524//1155 3525//1155 2881//1155
f 2881//1155 3525//1155 2882//1155
f 3525//1153 3526//1153 2882//1153
f 2882//1153 3526//1153 2885//1153
f 3526//1161 3523//1161 2885//1161
f 2885//1161 3523//1161 2880//1161
f 3526//114 3525//114 3523//114
f 3523//114 3525//114 3524//114
f 3527//1158 3528//1158 2648//1158
f 2648//1158 3528//1158 2892//1158
f 3528//1155 3529//1155 2892//1155
f 2892//1155 3529//1155 2960//1155
f 3529//1153 3530//1153 2960//1153
f 2960//1153 3530//1153 2647//1153
f 3530//1161 3527//1161 2647//1161
f 2647//1161 3527//1161 2648//1161
f 3530//114 3529//114 3527//114
f 3527//114 3529//114 3528//114
f 3531//1158 3532//1158 2900//1158
f 2900//1158 3532//1158 2895//1158
f 3532//1155 3533//1155 2895//1155
f 2895//1155 3533//1155 2688//1155
f 3533//1153 3534//1153 2688//1153
f 2688//1153 3534//1153 2689//1153
f 3534//1161 3531//1161 2689//1161
f 2689//1161 3531//1161 2900//1161
f 3534//114 3533//114 3531//114
f 3531//114 3533//114 3532//114
f 3535//1158 3536//1158 2535//1158
f 2535//1158 3536//1158 2905//1158
f 3536//1155 3537//1155 2905//1155
f 2905//1155 3537//1155 2903//1155
f 3537//1153 3538//1153 2903//1153
f 2903//1153 3538//1153 2534//1153
f 3538//1161 3535//1161 2534//1161
f 2534//1161 3535//1161 2535//1161
f 3538//114 3537//114 3535//114
f 3535//114 3537//114 3536//114
f 3539//1158 3540//1158 2683//1158
f 2683//1158 3540//1158 2908//1158
f 3540//1155 3541//1155 2908//1155
f 2908//1155 3541//1155 2909//1155
f 3541//1153 3542//1153 2909//1153
f 2909//1153 3542//1153 2682//1153
f 3542//1161 3539//1161 2682//1161
f 2682//1161 3539//1161 2683//1161
f 3542//114 3541//114 3539//114
f 3539//114 3541//114 3540//114
f 3543//1158 3544//1158 2691//1158
f 2691//1158 3544//1158 2690//1158
f 3544//1155 3545//1155 2690//1155
f 2690//1155 3545//1155 2971//1155
f 3545//1153 3546//1153 2971//1153
f 2971//1153 3546//1153 2901//1153
f 3546//1161 3543//1161 2901//1161
f 2901//1161 3543//1161 2691//1161
f 3546//114 3545//114 3543//114
f 3543//114 3545//114 3544//114
f 3547//1158 3548//1158 2633//1158
f 2633//1158 3548//1158 2716//1158
f 3548//1155 3549//1155 2716//1155
f 2716//1155 3549//1155 2714//1155
f 3549//1153 3550//1153 2714//1153
f 2714//1153 3550//1153 2631//1153
f 3550//1161 3547//1161 2631//1161
f 2631//1161 3547//1161 2633//1161
f 3550//114 3549//114 3547//114
f 3547//114 3549//114 3548//114
f 3551//1158 3552//1158 2624//1158
f 2624//1158 3552//1158 2622//1158
f 3552//1155 3553//1155 2622//1155
f 2622//1155 3553//1155 2620//1155
f 3553//1153 3554//1153 2620//1153
f 2620//1153 3554//1153 2626//1153
f 3554//1161 3551//1161 2626//1161
f 2626//1161 3551//1161 2624//1161
f 3554//114 3553//114 3551//114
f 3551//114 3553//114 3552//114
f 3555//1158 3556//1158 2918//1158
f 2918//1158 3556//1158 2914//1158
f 3556//1155 3557//1155 2914//1155
f 2914//1155 3557//1155 2915//1155
f 3557//1153 3558//1153 2915//1153
f 2915//1153 3558//1153 2917//1153
f 3558//1161 3555//1161 2917//1161
f 2917//1161 3555//1161 2918//1161
f 3558//114 3557//114 3555//114
f 3555//114 3557//114 3556//114
f 3559//1158 3560//1158 2604//1158
f 2604//1158 3560//1158 2711//1158
f 3560//1155 3561//1155 2711//1155
f 2711//1155 3561//1155 2555//1155
f 3561//1153 3562//1153 2555//1153
f 2555//1153 3562//1153 2556//1153
f 3562//1161 3559//1161 2556//1161
f 2556//1161 3559//1161 2604//1161
f 3562//114 3561//114 3559//114
f 3559//114 3561//114 3560//114
f 3563//1158 3564//1158 2782//1158
f 2782//1158 3564//1158 2783//1158
f 3564//1155 3565//1155 2783//1155
f 2783//1155 3565//1155 2707//1155
f 3565//1153 3566//1153 2707//1153
f 2707//1153 3566//1153 2708//1153
f 3566//1161 3563//1161 2708//1161
f 2708//1161 3563//1161 2782//1161
f 3566//114 3565//114 3563//114
f 3563//114 3565//114 3564//114
f 3567//1158 3568//1158 2608//1158
f 2608//1158 3568//1158 2706//1158
f 3568//1155 3569//1155 2706//1155
f 2706//1155 3569//1155 2779//1155
f 3569//1153 3570//1153 2779//1153
f 2779//1153 3570//1153 2607//1153
f 3570//1161 3567//1161 2607//1161
f 2607//1161 3567//1161 2608//1161
f 3570//114 3569//114 3567//114
f 3567//114 3569//114 3568//114
f 3571//1158 3572//1158 2916//1158
f 2916//1158 3572//1158 2912//1158
f 2912//1155 3572//1155 2913//1155
f 2913//1155 3572//1155 3573//1155
f 2913//1155 3573//1155 2586//1155
f 3573//1153 3574//1153 2586//1153
f 2586//1153 3574//1153 2585//1153
f 3574//1161 3571//1161 2585//1161
f 2585//1161 3571//1161 2916//1161
f 3574//114 3573//114 3571//114
f 3571//114 3573//114 3572//114
f 3575//1158 3576//1158 2578//1158
f 2578//1158 3576//1158 2579//1158
f 3576//1155 3577//1155 2579//1155
f 2579//1155 3577//1155 2698//1155
f 3577//1153 3578//1153 2698//1153
f 2698//1153 3578//1153 2584//1153
f 3578//1161 3575//1161 2584//1161
f 2584//1161 3575//1161 2578//1161
f 3578//114 3577//114 3575//114
f 3575//114 3577//114 3576//114
f 3579//1157 2026//1157 3580//1157
f 3580//1157 2026//1157 2016//1157
f 3580//1156 2016//1156 3581//1156
f 3581//1156 2016//1156 2015//1156
f 3581//1155 2015//1155 3582//1155
f 3582//1155 2015//1155 2019//1155
f 3582//1154 2019//1154 3583//1154
f 3583//1154 2019//1154 2018//1154
f 3583//363 2018//363 3584//363
f 3584//363 2018//363 2017//363
f 3584//1153 2017//1153 3585//1153
f 3585//1153 2017//1153 2025//1153
f 3585//1162 2025//1162 3586//1162
f 3586//1162 2025//1162 2024//1162
f 3586//337 2024//337 3587//337
f 3587//337 2024//337 2023//337
f 3587//1161 2023//1161 3588//1161
f 3588//1161 2023//1161 2022//1161
f 3588//1160 2022//1160 3589//1160
f 3589//1160 2022//1160 2021//1160
f 3589//1159 2021//1159 3590//1159
f 3590//1159 2021//1159 2027//1159
f 3590//1158 2027//1158 3579//1158
f 3579//1158 2027//1158 2026//1158
f 3589//2 3590//2 3591//2
f 3591//2 3590//2 3579//2
f 3591//2 3579//2 3580//2
f 3586//2 3587//2 3591//2
f 3591//2 3587//2 3588//2
f 3591//2 3588//2 3589//2
f 3583//2 3584//2 3591//2
f 3591//2 3584//2 3585//2
f 3591//2 3585//2 3586//2
f 3580//2 3581//2 3591//2
f 3591//2 3581//2 3582//2
f 3591//2 3582//2 3583//2
